[11Aug2026 01:45:14.424] [main/INFO] [cpw.mods.modlauncher.Launcher/MODLAUNCHER]: ModLauncher running: args [--launchTarget, forgeserver, --fml.forgeVersion, 47.4.10, --fml.mcVersion, 1.20.1, --fml.forgeGroup, net.minecraftforge, --fml.mcpVersion, 20230612.114412, nogui]
[11Aug2026 01:45:14.429] [main/INFO] [cpw.mods.modlauncher.Launcher/MODLAUNCHER]: ModLauncher 10.0.9+10.0.9+main.dcd20f30 starting: java version 17.0.19 by Ubuntu; OS Linux arch amd64 version 6.8.0-1052-azure
[11Aug2026 01:45:18.932] [main/INFO] [net.minecraftforge.fml.loading.ImmediateWindowHandler/]: ImmediateWindowProvider not loading because launch target is forgeserver
[11Aug2026 01:45:19.097] [main/INFO] [mixin/]: SpongePowered MIXIN Subsystem Version=0.8.5 Source=union:/workspaces/ser/servidor_minecraft/libraries/org/spongepowered/mixin/0.8.5/mixin-0.8.5.jar%2365!/ Service=ModLauncher Env=SERVER
[11Aug2026 01:45:19.453] [main/WARN] [net.minecraftforge.fml.loading.moddiscovery.ModFileParser/LOADING]: Mod file /workspaces/ser/servidor_minecraft/libraries/net/minecraftforge/fmlcore/1.20.1-47.4.10/fmlcore-1.20.1-47.4.10.jar is missing mods.toml file
[11Aug2026 01:45:19.455] [main/WARN] [net.minecraftforge.fml.loading.moddiscovery.ModFileParser/LOADING]: Mod file /workspaces/ser/servidor_minecraft/libraries/net/minecraftforge/javafmllanguage/1.20.1-47.4.10/javafmllanguage-1.20.1-47.4.10.jar is missing mods.toml file
[11Aug2026 01:45:19.457] [main/WARN] [net.minecraftforge.fml.loading.moddiscovery.ModFileParser/LOADING]: Mod file /workspaces/ser/servidor_minecraft/libraries/net/minecraftforge/lowcodelanguage/1.20.1-47.4.10/lowcodelanguage-1.20.1-47.4.10.jar is missing mods.toml file
[11Aug2026 01:45:19.458] [main/WARN] [net.minecraftforge.fml.loading.moddiscovery.ModFileParser/LOADING]: Mod file /workspaces/ser/servidor_minecraft/libraries/net/minecraftforge/mclanguage/1.20.1-47.4.10/mclanguage-1.20.1-47.4.10.jar is missing mods.toml file
[11Aug2026 01:45:19.966] [main/INFO] [net.minecraftforge.fml.loading.moddiscovery.JarInJarDependencyLocator/]: Found 11 dependencies adding them to mods collection
[11Aug2026 01:45:22.644] [main/INFO] [mixin/]: Compatibility level set to JAVA_17
[11Aug2026 01:45:22.841] [main/INFO] [cpw.mods.modlauncher.LaunchServiceHandler/MODLAUNCHER]: Launching target 'forgeserver' with arguments [nogui]
[11Aug2026 01:45:23.223] [main/INFO] [Puzzles Lib/]: Loading 31 mods:
	- alexsmobs 1.22.9
	- architectury 9.2.14
	- cbc_at 0.1.2b-1.20.1
	- chisel 2.0.0+mc1.20.1
	- citadel 2.6.3
	- copycats 3.0.4+mc.1.20.1-forge
	- create 6.0.8
		|-- flywheel 1.0.5
		|-- mixinextras 0.4.1
		\-- ponder 1.0.91
	- createbigcannons 5.11.2
	- cryonicconfig 1.0.0+mc1.20.1
	- dragonsofberk 1.0.2
	- forge 47.4.10
	- fossil 9.3.4.0
	- geckolib 4.8.4
	- jei 15.20.0.129
	- kotlinforforge 4.12.0
	- minecraft 1.20.1
	- morehitboxes 1.9.2
	- mowziesmobs 1.8.2
	- puzzleslib 8.1.33
		\-- puzzlesaccessapi 20.1.1
	- railways 1.6.14-beta+forge-mc1.20.1
	- rats 1.20.1-8.1.3
	- ritchiesprojectilelib 2.1.1
	- s_a_b 1.4.3
	- skinrestorer 2.10.0+1.20-forge
	- terrablender 3.0.1.10
	- travelersbackpack 9.1.56
	- voicechat 1.20.1-2.6.11
		\-- voicechat_api 2.6.0
[11Aug2026 01:45:23.228] [main/WARN] [mixin/]: Reference map 'puzzlesaccessapi.common.refmap.json' for puzzlesaccessapi.common.mixins.json could not be read. If this is a development environment you can ignore this message
[11Aug2026 01:45:24.188] [main/WARN] [mixin/]: Error loading class: xfacthd/framedblocks/common/blockentity/doubled/FramedAdjustableDoubleBlockEntity (java.lang.ClassNotFoundException: xfacthd.framedblocks.common.blockentity.doubled.FramedAdjustableDoubleBlockEntity)
[11Aug2026 01:45:24.189] [main/WARN] [mixin/]: @Mixin target xfacthd.framedblocks.common.blockentity.doubled.FramedAdjustableDoubleBlockEntity was not found createbigcannons.mixins.json:compat.FramedAdjustableDoubleBlockEntityAccessor
[11Aug2026 01:45:24.862] [main/WARN] [mixin/]: Error loading class: tschipp/carryon/common/carry/PickupHandler (java.lang.ClassNotFoundException: tschipp.carryon.common.carry.PickupHandler)
[11Aug2026 01:45:24.868] [main/WARN] [mixin/]: @Mixin target tschipp.carryon.common.carry.PickupHandler was not found fossil_forge.mixins.json:PickupHandlerMixin
[11Aug2026 01:45:25.335] [main/ERROR] [net.minecraftforge.fml.loading.RuntimeDistCleaner/DISTXFORM]: Attempted to load class com/mojang/blaze3d/vertex/PoseStack$Pose for invalid dist DEDICATED_SERVER
[11Aug2026 01:45:25.336] [main/WARN] [mixin/]: Error loading class: com/mojang/blaze3d/vertex/PoseStack$Pose (java.lang.RuntimeException: Attempted to load class com/mojang/blaze3d/vertex/PoseStack$Pose for invalid dist DEDICATED_SERVER)
[11Aug2026 01:45:25.371] [main/INFO] [MixinExtras|Service/]: Initializing MixinExtras via com.llamalad7.mixinextras.service.MixinExtrasServiceImpl(version=0.4.1).
[11Aug2026 01:45:33.079] [modloading-worker-0/INFO] [com.simibubi.create.Create/]: Create 6.0.8 initializing! Commit hash: 1a1a9a2819b4f89f78caec41b55ed8cb222fa24b
[11Aug2026 01:45:33.644] [modloading-worker-0/INFO] [thedarkcolour.kotlinforforge.test.KotlinForForge/]: Kotlin For Forge Enabled!
[11Aug2026 01:45:33.651] [modloading-worker-0/INFO] [com.Akeltroll.dragonsofberk.DragonsofBerk/]: Initializing Dragons of Berk mod...
[11Aug2026 01:45:33.784] [modloading-worker-0/INFO] [com.Akeltroll.dragonsofberk.DragonsofBerk/]: Mod initialization complete.
[11Aug2026 01:45:35.047] [modloading-worker-0/INFO] [dev.architectury.networking.forge.NetworkManagerImpl/]: Registering C2S receiver with id architectury:sync_ids
[11Aug2026 01:45:35.531] [modloading-worker-0/INFO] [Railways/]: Steam 'n' Rails v1.6.14-beta initializing! Commit hash: a23701697f25a217ed967b564a216a6429e07009 on Create version: 6.0.8 on platform: Forge
[11Aug2026 01:45:35.942] [modloading-worker-0/INFO] [Puzzles Lib/]: Constructing common components for puzzleslib:main
[11Aug2026 01:45:36.054] [modloading-worker-0/INFO] [net.minecraftforge.common.ForgeMod/FORGEMOD]: Forge mod loading, version 47.4.10, for MC 1.20.1 with MCP 20230612.114412
[11Aug2026 01:45:36.058] [modloading-worker-0/INFO] [net.minecraftforge.common.MinecraftForge/FORGE]: MinecraftForge v47.4.10 Initialized
[11Aug2026 01:45:36.435] [modloading-worker-0/INFO] [Railways/]: Registered bogey styles from railways
[11Aug2026 01:45:36.828] [modloading-worker-0/INFO] [Railways/]: Registering data fixers
[11Aug2026 01:45:36.842] [modloading-worker-0/INFO] [com.mojang.datafixers.DataFixerBuilder/]: 0 Datafixer optimizations took 0 milliseconds
[11Aug2026 01:45:36.855] [modloading-worker-0/INFO] [dev.architectury.networking.forge.NetworkManagerImpl/]: Registering C2S receiver with id fossil:cap_channel/537e4f78f24b30e4bee5892e8d9314fa
[11Aug2026 01:45:36.856] [modloading-worker-0/INFO] [dev.architectury.networking.forge.NetworkManagerImpl/]: Registering C2S receiver with id fossil:sync_channel/f7d73d83d6fa3fb99fb754f57f7238af
[11Aug2026 01:45:36.860] [modloading-worker-0/INFO] [Railways/]: Registering tracks for Hex Casting
[11Aug2026 01:45:36.860] [modloading-worker-0/INFO] [dev.architectury.networking.forge.NetworkManagerImpl/]: Registering C2S receiver with id fossil:sync_channel/5ecf814711a7357f8ebd58d771f05139
[11Aug2026 01:45:36.861] [modloading-worker-0/INFO] [Railways/]: Registering tracks for Oh The Biomes You'll Go
[11Aug2026 01:45:36.863] [modloading-worker-0/INFO] [Railways/]: Registering tracks for Blue Skies
[11Aug2026 01:45:36.864] [modloading-worker-0/INFO] [Railways/]: Registering tracks for Twilight Forest
[11Aug2026 01:45:36.862] [modloading-worker-0/INFO] [dev.architectury.networking.forge.NetworkManagerImpl/]: Registering C2S receiver with id fossil:sync_channel/2ae61e410df635b2b2c2d4eaa7b7afcb
[11Aug2026 01:45:36.867] [modloading-worker-0/INFO] [dev.architectury.networking.forge.NetworkManagerImpl/]: Registering C2S receiver with id fossil:sync_channel/600dc9ad56393757ae8315ba075af416
[11Aug2026 01:45:36.869] [modloading-worker-0/INFO] [Railways/]: Registering tracks for Biomes O' Plenty
[11Aug2026 01:45:36.870] [modloading-worker-0/INFO] [Railways/]: Registering tracks for Nature's Spirit
[11Aug2026 01:45:36.870] [modloading-worker-0/INFO] [dev.architectury.networking.forge.NetworkManagerImpl/]: Registering C2S receiver with id fossil:sync_channel/f58da9d045d839f69fc6dd355effa92e
[11Aug2026 01:45:36.870] [modloading-worker-0/INFO] [Railways/]: Registering tracks for Dreams and Desires
[11Aug2026 01:45:36.873] [modloading-worker-0/INFO] [Railways/]: Registering tracks for Quark
[11Aug2026 01:45:36.874] [modloading-worker-0/INFO] [Railways/]: Registering tracks for TerraFirmaCraft
[11Aug2026 01:45:36.874] [modloading-worker-0/INFO] [dev.architectury.networking.forge.NetworkManagerImpl/]: Registering C2S receiver with id fossil:sync_channel/ec18fa987d5331379c9156102188220c
[11Aug2026 01:45:36.875] [modloading-worker-0/INFO] [dev.architectury.networking.forge.NetworkManagerImpl/]: Registering C2S receiver with id fossil:sync_channel/b0228010ee3d3689beb49186e8009925
[11Aug2026 01:45:36.881] [modloading-worker-0/INFO] [dev.architectury.networking.forge.NetworkManagerImpl/]: Registering C2S receiver with id fossil:sync_channel/ed688e568fc63151a34c0f912fce9d27
[11Aug2026 01:45:36.887] [modloading-worker-0/INFO] [dev.architectury.networking.forge.NetworkManagerImpl/]: Registering C2S receiver with id fossil:sync_channel/8aaf614d5e2d39dd9e136e8c430145a9
[11Aug2026 01:45:36.888] [modloading-worker-0/INFO] [dev.architectury.networking.forge.NetworkManagerImpl/]: Registering C2S receiver with id fossil:sync_channel/08e9f40b177134efbc5eb99e2ad6bcb5
[11Aug2026 01:45:36.891] [modloading-worker-0/INFO] [dev.architectury.networking.forge.NetworkManagerImpl/]: Registering C2S receiver with id fossil:sync_channel/531d15ea7fd13018964a31b3ccac540a
[11Aug2026 01:45:39.384] [main/WARN] [dev.architectury.registry.registries.forge.RegistrarManagerImpl/]: Registry entry listened Registry Entry [minecraft:block / fossil:stripped_palm_log] was not realized!
[11Aug2026 01:45:39.385] [main/WARN] [dev.architectury.registry.registries.forge.RegistrarManagerImpl/]: Registry entry listened Registry Entry [minecraft:block / fossil:stripped_cordaites_wood] was not realized!
[11Aug2026 01:45:39.385] [main/WARN] [dev.architectury.registry.registries.forge.RegistrarManagerImpl/]: Registry entry listened Registry Entry [minecraft:block / fossil:stripped_sigillaria_log] was not realized!
[11Aug2026 01:45:39.385] [main/WARN] [dev.architectury.registry.registries.forge.RegistrarManagerImpl/]: Registry entry listened Registry Entry [minecraft:block / fossil:stripped_tempskya_log] was not realized!
[11Aug2026 01:45:39.385] [main/WARN] [dev.architectury.registry.registries.forge.RegistrarManagerImpl/]: Registry entry listened Registry Entry [minecraft:block / fossil:stripped_tempskya_wood] was not realized!
[11Aug2026 01:45:39.385] [main/WARN] [dev.architectury.registry.registries.forge.RegistrarManagerImpl/]: Registry entry listened Registry Entry [minecraft:block / fossil:stripped_sigillaria_wood] was not realized!
[11Aug2026 01:45:39.385] [main/WARN] [dev.architectury.registry.registries.forge.RegistrarManagerImpl/]: Registry entry listened Registry Entry [minecraft:block / fossil:stripped_mutant_tree_wood] was not realized!
[11Aug2026 01:45:39.385] [main/WARN] [dev.architectury.registry.registries.forge.RegistrarManagerImpl/]: Registry entry listened Registry Entry [minecraft:block / fossil:stripped_palm_wood] was not realized!
[11Aug2026 01:45:39.385] [main/WARN] [dev.architectury.registry.registries.forge.RegistrarManagerImpl/]: Registry entry listened Registry Entry [minecraft:block / fossil:stripped_calamites_log] was not realized!
[11Aug2026 01:45:39.385] [main/WARN] [dev.architectury.registry.registries.forge.RegistrarManagerImpl/]: Registry entry listened Registry Entry [minecraft:block / fossil:stripped_calamites_wood] was not realized!
[11Aug2026 01:45:39.386] [main/WARN] [dev.architectury.registry.registries.forge.RegistrarManagerImpl/]: Registry entry listened Registry Entry [minecraft:block / fossil:stripped_cordaites_log] was not realized!
[11Aug2026 01:45:39.386] [main/WARN] [dev.architectury.registry.registries.forge.RegistrarManagerImpl/]: Registry entry listened Registry Entry [minecraft:block / fossil:stripped_mutant_tree_log] was not realized!
[11Aug2026 01:45:39.834] [main/WARN] [dev.architectury.registry.registries.forge.RegistrarManagerImpl/]: Registry entry listened Registry Entry [minecraft:item / fossil:bone_unique_pteranodon] was not realized!
[11Aug2026 01:45:39.834] [main/WARN] [dev.architectury.registry.registries.forge.RegistrarManagerImpl/]: Registry entry listened Registry Entry [minecraft:item / fossil:egg_item_ornitholestes] was not realized!
[11Aug2026 01:45:39.835] [main/WARN] [dev.architectury.registry.registries.forge.RegistrarManagerImpl/]: Registry entry listened Registry Entry [minecraft:item / fossil:bone_arm_diplocaulus] was not realized!
[11Aug2026 01:45:39.835] [main/WARN] [dev.architectury.registry.registries.forge.RegistrarManagerImpl/]: Registry entry listened Registry Entry [minecraft:item / fossil:egg_item_tiktaalik] was not realized!
[11Aug2026 01:45:39.835] [main/WARN] [dev.architectury.registry.registries.forge.RegistrarManagerImpl/]: Registry entry listened Registry Entry [minecraft:item / fossil:bucket_item_diplocaulus] was not realized!
[11Aug2026 01:45:39.835] [main/WARN] [dev.architectury.registry.registries.forge.RegistrarManagerImpl/]: Registry entry listened Registry Entry [minecraft:item / fossil:meat_crassigyrinus] was not realized!
[11Aug2026 01:45:39.835] [main/WARN] [dev.architectury.registry.registries.forge.RegistrarManagerImpl/]: Registry entry listened Registry Entry [minecraft:item / fossil:bone_ribcage_gallimimus] was not realized!
[11Aug2026 01:45:39.835] [main/WARN] [dev.architectury.registry.registries.forge.RegistrarManagerImpl/]: Registry entry listened Registry Entry [minecraft:item / fossil:bone_tail_mosasaurus] was not realized!
[11Aug2026 01:45:39.835] [main/WARN] [dev.architectury.registry.registries.forge.RegistrarManagerImpl/]: Registry entry listened Registry Entry [minecraft:item / fossil:cooked_dicranurus] was not realized!
[11Aug2026 01:45:39.835] [main/WARN] [dev.architectury.registry.registries.forge.RegistrarManagerImpl/]: Registry entry listened Registry Entry [minecraft:item / fossil:bone_unique_protoceratops] was not realized!
[11Aug2026 01:45:39.835] [main/WARN] [dev.architectury.registry.registries.forge.RegistrarManagerImpl/]: Registry entry listened Registry Entry [minecraft:item / fossil:kelenken_dna] was not realized!
[11Aug2026 01:45:39.835] [main/WARN] [dev.architectury.registry.registries.forge.RegistrarManagerImpl/]: Registry entry listened Registry Entry [minecraft:item / fossil:syringe_dolphin] was not realized!
[11Aug2026 01:45:39.835] [main/WARN] [dev.architectury.registry.registries.forge.RegistrarManagerImpl/]: Registry entry listened Registry Entry [minecraft:item / fossil:bone_ribcage_psittacosaurus] was not realized!
[11Aug2026 01:45:39.835] [main/WARN] [dev.architectury.registry.registries.forge.RegistrarManagerImpl/]: Registry entry listened Registry Entry [minecraft:item / fossil:bone_arm_elasmotherium] was not realized!
[11Aug2026 01:45:39.835] [main/WARN] [dev.architectury.registry.registries.forge.RegistrarManagerImpl/]: Registry entry listened Registry Entry [minecraft:item / fossil:meganeura_dna] was not realized!
[11Aug2026 01:45:39.835] [main/WARN] [dev.architectury.registry.registries.forge.RegistrarManagerImpl/]: Registry entry listened Registry Entry [minecraft:item / fossil:egg_item_spinosaurus] was not realized!
[11Aug2026 01:45:39.836] [main/WARN] [dev.architectury.registry.registries.forge.RegistrarManagerImpl/]: Registry entry listened Registry Entry [minecraft:item / fossil:bone_ribcage_pachyrhinosaurus] was not realized!
[11Aug2026 01:45:39.836] [main/WARN] [dev.architectury.registry.registries.forge.RegistrarManagerImpl/]: Registry entry listened Registry Entry [minecraft:item / fossil:egg_item_gallimimus] was not realized!
[11Aug2026 01:45:39.836] [main/WARN] [dev.architectury.registry.registries.forge.RegistrarManagerImpl/]: Registry entry listened Registry Entry [minecraft:item / fossil:cooked_gallimimus] was not realized!
[11Aug2026 01:45:39.836] [main/WARN] [dev.architectury.registry.registries.forge.RegistrarManagerImpl/]: Registry entry listened Registry Entry [minecraft:item / fossil:bone_leg_pachyrhinosaurus] was not realized!
[11Aug2026 01:45:39.836] [main/WARN] [dev.architectury.registry.registries.forge.RegistrarManagerImpl/]: Registry entry listened Registry Entry [minecraft:item / fossil:cooked_arthropleura] was not realized!
[11Aug2026 01:45:39.836] [main/WARN] [dev.architectury.registry.registries.forge.RegistrarManagerImpl/]: Registry entry listened Registry Entry [minecraft:item / fossil:bone_skull_mosasaurus] was not realized!
[11Aug2026 01:45:39.836] [main/WARN] [dev.architectury.registry.registries.forge.RegistrarManagerImpl/]: Registry entry listened Registry Entry [minecraft:item / fossil:egg_item_quetzalcoatlus] was not realized!
[11Aug2026 01:45:39.836] [main/WARN] [dev.architectury.registry.registries.forge.RegistrarManagerImpl/]: Registry entry listened Registry Entry [minecraft:item / fossil:meat_megalodon] was not realized!
[11Aug2026 01:45:39.836] [main/WARN] [dev.architectury.registry.registries.forge.RegistrarManagerImpl/]: Registry entry listened Registry Entry [minecraft:item / fossil:meat_henodus] was not realized!
[11Aug2026 01:45:39.836] [main/WARN] [dev.architectury.registry.registries.forge.RegistrarManagerImpl/]: Registry entry listened Registry Entry [minecraft:item / fossil:bone_vertebrae_megalania] was not realized!
[11Aug2026 01:45:39.836] [main/WARN] [dev.architectury.registry.registries.forge.RegistrarManagerImpl/]: Registry entry listened Registry Entry [minecraft:item / fossil:egg_item_psittacosaurus] was not realized!
[11Aug2026 01:45:39.836] [main/WARN] [dev.architectury.registry.registries.forge.RegistrarManagerImpl/]: Registry entry listened Registry Entry [minecraft:item / fossil:meat_pteranodon] was not realized!
[11Aug2026 01:45:39.836] [main/WARN] [dev.architectury.registry.registries.forge.RegistrarManagerImpl/]: Registry entry listened Registry Entry [minecraft:item / fossil:meat_platybelodon] was not realized!
[11Aug2026 01:45:39.837] [main/WARN] [dev.architectury.registry.registries.forge.RegistrarManagerImpl/]: Registry entry listened Registry Entry [minecraft:item / fossil:egg_item_ceratosaurus] was not realized!
[11Aug2026 01:45:39.837] [main/WARN] [dev.architectury.registry.registries.forge.RegistrarManagerImpl/]: Registry entry listened Registry Entry [minecraft:item / fossil:tropical_fish_dna] was not realized!
[11Aug2026 01:45:39.837] [main/WARN] [dev.architectury.registry.registries.forge.RegistrarManagerImpl/]: Registry entry listened Registry Entry [minecraft:item / fossil:spawn_egg_plesiosaurus] was not realized!
[11Aug2026 01:45:39.837] [main/WARN] [dev.architectury.registry.registries.forge.RegistrarManagerImpl/]: Registry entry listened Registry Entry [minecraft:item / fossil:bone_arm_sarcosuchus] was not realized!
[11Aug2026 01:45:39.837] [main/WARN] [dev.architectury.registry.registries.forge.RegistrarManagerImpl/]: Registry entry listened Registry Entry [minecraft:item / fossil:bone_tail_parasaurolophus] was not realized!
[11Aug2026 01:45:39.837] [main/WARN] [dev.architectury.registry.registries.forge.RegistrarManagerImpl/]: Registry entry listened Registry Entry [minecraft:item / fossil:cooked_tiktaalik] was not realized!
[11Aug2026 01:45:39.837] [main/WARN] [dev.architectury.registry.registries.forge.RegistrarManagerImpl/]: Registry entry listened Registry Entry [minecraft:item / fossil:psittacosaurus_dna] was not realized!
[11Aug2026 01:45:39.837] [main/WARN] [dev.architectury.registry.registries.forge.RegistrarManagerImpl/]: Registry entry listened Registry Entry [minecraft:item / fossil:frog_dna] was not realized!
[11Aug2026 01:45:39.837] [main/WARN] [dev.architectury.registry.registries.forge.RegistrarManagerImpl/]: Registry entry listened Registry Entry [minecraft:item / fossil:bone_ribcage_quetzalcoatlus] was not realized!
[11Aug2026 01:45:39.837] [main/WARN] [dev.architectury.registry.registries.forge.RegistrarManagerImpl/]: Registry entry listened Registry Entry [minecraft:item / fossil:bone_leg_megaloceros] was not realized!
[11Aug2026 01:45:39.837] [main/WARN] [dev.architectury.registry.registries.forge.RegistrarManagerImpl/]: Registry entry listened Registry Entry [minecraft:item / fossil:egg_item_lonchodomas] was not realized!
[11Aug2026 01:45:39.837] [main/WARN] [dev.architectury.registry.registries.forge.RegistrarManagerImpl/]: Registry entry listened Registry Entry [minecraft:item / fossil:bone_tail_postosuchus] was not realized!
[11Aug2026 01:45:39.837] [main/WARN] [dev.architectury.registry.registries.forge.RegistrarManagerImpl/]: Registry entry listened Registry Entry [minecraft:item / fossil:cooked_quagga] was not realized!
[11Aug2026 01:45:39.837] [main/WARN] [dev.architectury.registry.registries.forge.RegistrarManagerImpl/]: Registry entry listened Registry Entry [minecraft:item / fossil:bone_unique_dimorphodon] was not realized!
[11Aug2026 01:45:39.838] [main/WARN] [dev.architectury.registry.registries.forge.RegistrarManagerImpl/]: Registry entry listened Registry Entry [minecraft:item / fossil:bone_foot_allosaurus] was not realized!
[11Aug2026 01:45:39.838] [main/WARN] [dev.architectury.registry.registries.forge.RegistrarManagerImpl/]: Registry entry listened Registry Entry [minecraft:item / fossil:bone_ribcage_megaloceros] was not realized!
[11Aug2026 01:45:39.838] [main/WARN] [dev.architectury.registry.registries.forge.RegistrarManagerImpl/]: Registry entry listened Registry Entry [minecraft:item / fossil:bone_foot_ornitholestes] was not realized!
[11Aug2026 01:45:39.838] [main/WARN] [dev.architectury.registry.registries.forge.RegistrarManagerImpl/]: Registry entry listened Registry Entry [minecraft:item / fossil:cooked_lonchodomas] was not realized!
[11Aug2026 01:45:39.838] [main/WARN] [dev.architectury.registry.registries.forge.RegistrarManagerImpl/]: Registry entry listened Registry Entry [minecraft:item / fossil:bone_tail_compsognathus] was not realized!
[11Aug2026 01:45:39.838] [main/WARN] [dev.architectury.registry.registries.forge.RegistrarManagerImpl/]: Registry entry listened Registry Entry [minecraft:item / fossil:bone_skull_liopleurodon] was not realized!
[11Aug2026 01:45:39.838] [main/WARN] [dev.architectury.registry.registries.forge.RegistrarManagerImpl/]: Registry entry listened Registry Entry [minecraft:item / fossil:bone_unique_liopleurodon] was not realized!
[11Aug2026 01:45:39.838] [main/WARN] [dev.architectury.registry.registries.forge.RegistrarManagerImpl/]: Registry entry listened Registry Entry [minecraft:item / fossil:spawn_egg_arthropleura] was not realized!
[11Aug2026 01:45:39.838] [main/WARN] [dev.architectury.registry.registries.forge.RegistrarManagerImpl/]: Registry entry listened Registry Entry [minecraft:item / fossil:bone_unique_pachycephalosaurus] was not realized!
[11Aug2026 01:45:39.838] [main/WARN] [dev.architectury.registry.registries.forge.RegistrarManagerImpl/]: Registry entry listened Registry Entry [minecraft:item / fossil:cooked_spinosaurus] was not realized!
[11Aug2026 01:45:39.838] [main/WARN] [dev.architectury.registry.registries.forge.RegistrarManagerImpl/]: Registry entry listened Registry Entry [minecraft:item / fossil:bone_leg_diplocaulus] was not realized!
[11Aug2026 01:45:39.838] [main/WARN] [dev.architectury.registry.registries.forge.RegistrarManagerImpl/]: Registry entry listened Registry Entry [minecraft:item / fossil:bone_vertebrae_pachycephalosaurus] was not realized!
[11Aug2026 01:45:39.838] [main/WARN] [dev.architectury.registry.registries.forge.RegistrarManagerImpl/]: Registry entry listened Registry Entry [minecraft:item / fossil:cooked_ichthyosaurus] was not realized!
[11Aug2026 01:45:39.838] [main/WARN] [dev.architectury.registry.registries.forge.RegistrarManagerImpl/]: Registry entry listened Registry Entry [minecraft:item / fossil:bone_ribcage_elasmotherium] was not realized!
[11Aug2026 01:45:39.839] [main/WARN] [dev.architectury.registry.registries.forge.RegistrarManagerImpl/]: Registry entry listened Registry Entry [minecraft:item / fossil:bone_tail_elasmotherium] was not realized!
[11Aug2026 01:45:39.839] [main/WARN] [dev.architectury.registry.registries.forge.RegistrarManagerImpl/]: Registry entry listened Registry Entry [minecraft:item / fossil:sturgeon_dna] was not realized!
[11Aug2026 01:45:39.839] [main/WARN] [dev.architectury.registry.registries.forge.RegistrarManagerImpl/]: Registry entry listened Registry Entry [minecraft:item / fossil:bucket_item_coelacanth] was not realized!
[11Aug2026 01:45:39.839] [main/WARN] [dev.architectury.registry.registries.forge.RegistrarManagerImpl/]: Registry entry listened Registry Entry [minecraft:item / fossil:bone_foot_diplodocus] was not realized!
[11Aug2026 01:45:39.839] [main/WARN] [dev.architectury.registry.registries.forge.RegistrarManagerImpl/]: Registry entry listened Registry Entry [minecraft:item / fossil:liopleurodon_dna] was not realized!
[11Aug2026 01:45:39.839] [main/WARN] [dev.architectury.registry.registries.forge.RegistrarManagerImpl/]: Registry entry listened Registry Entry [minecraft:item / fossil:egg_item_squid] was not realized!
[11Aug2026 01:45:39.839] [main/WARN] [dev.architectury.registry.registries.forge.RegistrarManagerImpl/]: Registry entry listened Registry Entry [minecraft:item / fossil:bone_ribcage_postosuchus] was not realized!
[11Aug2026 01:45:39.839] [main/WARN] [dev.architectury.registry.registries.forge.RegistrarManagerImpl/]: Registry entry listened Registry Entry [minecraft:item / fossil:bone_tail_smilodon] was not realized!
[11Aug2026 01:45:39.839] [main/WARN] [dev.architectury.registry.registries.forge.RegistrarManagerImpl/]: Registry entry listened Registry Entry [minecraft:item / fossil:bone_foot_dodo] was not realized!
[11Aug2026 01:45:39.839] [main/WARN] [dev.architectury.registry.registries.forge.RegistrarManagerImpl/]: Registry entry listened Registry Entry [minecraft:item / fossil:bone_ribcage_henodus] was not realized!
[11Aug2026 01:45:39.839] [main/WARN] [dev.architectury.registry.registries.forge.RegistrarManagerImpl/]: Registry entry listened Registry Entry [minecraft:item / fossil:bone_leg_smilodon] was not realized!
[11Aug2026 01:45:39.839] [main/WARN] [dev.architectury.registry.registries.forge.RegistrarManagerImpl/]: Registry entry listened Registry Entry [minecraft:item / fossil:cooked_titanis] was not realized!
[11Aug2026 01:45:39.839] [main/WARN] [dev.architectury.registry.registries.forge.RegistrarManagerImpl/]: Registry entry listened Registry Entry [minecraft:item / fossil:bone_vertebrae_brachiosaurus] was not realized!
[11Aug2026 01:45:39.840] [main/WARN] [dev.architectury.registry.registries.forge.RegistrarManagerImpl/]: Registry entry listened Registry Entry [minecraft:item / fossil:bone_leg_therizinosaurus] was not realized!
[11Aug2026 01:45:39.840] [main/WARN] [dev.architectury.registry.registries.forge.RegistrarManagerImpl/]: Registry entry listened Registry Entry [minecraft:item / fossil:mammoth_dna] was not realized!
[11Aug2026 01:45:39.840] [main/WARN] [dev.architectury.registry.registries.forge.RegistrarManagerImpl/]: Registry entry listened Registry Entry [minecraft:item / fossil:bone_unique_tyrannosaurus] was not realized!
[11Aug2026 01:45:39.840] [main/WARN] [dev.architectury.registry.registries.forge.RegistrarManagerImpl/]: Registry entry listened Registry Entry [minecraft:item / fossil:spawn_egg_pteranodon] was not realized!
[11Aug2026 01:45:39.840] [main/WARN] [dev.architectury.registry.registries.forge.RegistrarManagerImpl/]: Registry entry listened Registry Entry [minecraft:item / fossil:bone_skull_tiktaalik] was not realized!
[11Aug2026 01:45:39.840] [main/WARN] [dev.architectury.registry.registries.forge.RegistrarManagerImpl/]: Registry entry listened Registry Entry [minecraft:item / fossil:citipati_dna] was not realized!
[11Aug2026 01:45:39.840] [main/WARN] [dev.architectury.registry.registries.forge.RegistrarManagerImpl/]: Registry entry listened Registry Entry [minecraft:item / fossil:coelacanth_dna] was not realized!
[11Aug2026 01:45:39.840] [main/WARN] [dev.architectury.registry.registries.forge.RegistrarManagerImpl/]: Registry entry listened Registry Entry [minecraft:item / fossil:cooked_confuciusornis] was not realized!
[11Aug2026 01:45:39.840] [main/WARN] [dev.architectury.registry.registries.forge.RegistrarManagerImpl/]: Registry entry listened Registry Entry [minecraft:item / fossil:bone_arm_triceratops] was not realized!
[11Aug2026 01:45:39.840] [main/WARN] [dev.architectury.registry.registries.forge.RegistrarManagerImpl/]: Registry entry listened Registry Entry [minecraft:item / fossil:cooked_allosaurus] was not realized!
[11Aug2026 01:45:39.840] [main/WARN] [dev.architectury.registry.registries.forge.RegistrarManagerImpl/]: Registry entry listened Registry Entry [minecraft:item / fossil:hoglin_dna] was not realized!
[11Aug2026 01:45:39.840] [main/WARN] [dev.architectury.registry.registries.forge.RegistrarManagerImpl/]: Registry entry listened Registry Entry [minecraft:item / fossil:bone_skull_compsognathus] was not realized!
[11Aug2026 01:45:39.840] [main/WARN] [dev.architectury.registry.registries.forge.RegistrarManagerImpl/]: Registry entry listened Registry Entry [minecraft:item / fossil:bone_foot_ankylosaurus] was not realized!
[11Aug2026 01:45:39.840] [main/WARN] [dev.architectury.registry.registries.forge.RegistrarManagerImpl/]: Registry entry listened Registry Entry [minecraft:item / fossil:bone_leg_compsognathus] was not realized!
[11Aug2026 01:45:39.841] [main/WARN] [dev.architectury.registry.registries.forge.RegistrarManagerImpl/]: Registry entry listened Registry Entry [minecraft:item / fossil:spawn_egg_nautilus] was not realized!
[11Aug2026 01:45:39.841] [main/WARN] [dev.architectury.registry.registries.forge.RegistrarManagerImpl/]: Registry entry listened Registry Entry [minecraft:item / fossil:bone_skull_dodo] was not realized!
[11Aug2026 01:45:39.841] [main/WARN] [dev.architectury.registry.registries.forge.RegistrarManagerImpl/]: Registry entry listened Registry Entry [minecraft:item / fossil:bone_arm_dimetrodon] was not realized!
[11Aug2026 01:45:39.841] [main/WARN] [dev.architectury.registry.registries.forge.RegistrarManagerImpl/]: Registry entry listened Registry Entry [minecraft:item / fossil:sheep_dna] was not realized!
[11Aug2026 01:45:39.841] [main/WARN] [dev.architectury.registry.registries.forge.RegistrarManagerImpl/]: Registry entry listened Registry Entry [minecraft:item / fossil:bone_arm_compsognathus] was not realized!
[11Aug2026 01:45:39.841] [main/WARN] [dev.architectury.registry.registries.forge.RegistrarManagerImpl/]: Registry entry listened Registry Entry [minecraft:item / fossil:bone_foot_parasaurolophus] was not realized!
[11Aug2026 01:45:39.841] [main/WARN] [dev.architectury.registry.registries.forge.RegistrarManagerImpl/]: Registry entry listened Registry Entry [minecraft:item / fossil:bone_tail_velociraptor] was not realized!
[11Aug2026 01:45:39.841] [main/WARN] [dev.architectury.registry.registries.forge.RegistrarManagerImpl/]: Registry entry listened Registry Entry [minecraft:item / fossil:bone_tail_pteranodon] was not realized!
[11Aug2026 01:45:39.841] [main/WARN] [dev.architectury.registry.registries.forge.RegistrarManagerImpl/]: Registry entry listened Registry Entry [minecraft:item / fossil:bone_unique_citipati] was not realized!
[11Aug2026 01:45:39.841] [main/WARN] [dev.architectury.registry.registries.forge.RegistrarManagerImpl/]: Registry entry listened Registry Entry [minecraft:item / fossil:spawn_egg_sturgeon] was not realized!
[11Aug2026 01:45:39.841] [main/WARN] [dev.architectury.registry.registries.forge.RegistrarManagerImpl/]: Registry entry listened Registry Entry [minecraft:item / fossil:bone_vertebrae_diplodocus] was not realized!
[11Aug2026 01:45:39.841] [main/WARN] [dev.architectury.registry.registries.forge.RegistrarManagerImpl/]: Registry entry listened Registry Entry [minecraft:item / fossil:bone_ribcage_allosaurus] was not realized!
[11Aug2026 01:45:39.841] [main/WARN] [dev.architectury.registry.registries.forge.RegistrarManagerImpl/]: Registry entry listened Registry Entry [minecraft:item / fossil:quagga_dna] was not realized!
[11Aug2026 01:45:39.841] [main/WARN] [dev.architectury.registry.registries.forge.RegistrarManagerImpl/]: Registry entry listened Registry Entry [minecraft:item / fossil:bone_leg_megalania] was not realized!
[11Aug2026 01:45:39.841] [main/WARN] [dev.architectury.registry.registries.forge.RegistrarManagerImpl/]: Registry entry listened Registry Entry [minecraft:item / fossil:bone_foot_postosuchus] was not realized!
[11Aug2026 01:45:39.842] [main/WARN] [dev.architectury.registry.registries.forge.RegistrarManagerImpl/]: Registry entry listened Registry Entry [minecraft:item / fossil:bee_dna] was not realized!
[11Aug2026 01:45:39.842] [main/WARN] [dev.architectury.registry.registries.forge.RegistrarManagerImpl/]: Registry entry listened Registry Entry [minecraft:item / fossil:bone_vertebrae_ornitholestes] was not realized!
[11Aug2026 01:45:39.842] [main/WARN] [dev.architectury.registry.registries.forge.RegistrarManagerImpl/]: Registry entry listened Registry Entry [minecraft:item / fossil:egg_dodo] was not realized!
[11Aug2026 01:45:39.842] [main/WARN] [dev.architectury.registry.registries.forge.RegistrarManagerImpl/]: Registry entry listened Registry Entry [minecraft:item / fossil:bone_arm_edaphosaurus] was not realized!
[11Aug2026 01:45:39.842] [main/WARN] [dev.architectury.registry.registries.forge.RegistrarManagerImpl/]: Registry entry listened Registry Entry [minecraft:item / fossil:bone_foot_citipati] was not realized!
[11Aug2026 01:45:39.842] [main/WARN] [dev.architectury.registry.registries.forge.RegistrarManagerImpl/]: Registry entry listened Registry Entry [minecraft:item / fossil:bone_foot_dryosaurus] was not realized!
[11Aug2026 01:45:39.842] [main/WARN] [dev.architectury.registry.registries.forge.RegistrarManagerImpl/]: Registry entry listened Registry Entry [minecraft:item / fossil:spawn_egg_dimetrodon] was not realized!
[11Aug2026 01:45:39.842] [main/WARN] [dev.architectury.registry.registries.forge.RegistrarManagerImpl/]: Registry entry listened Registry Entry [minecraft:item / fossil:bone_vertebrae_therizinosaurus] was not realized!
[11Aug2026 01:45:39.842] [main/WARN] [dev.architectury.registry.registries.forge.RegistrarManagerImpl/]: Registry entry listened Registry Entry [minecraft:item / fossil:bone_leg_velociraptor] was not realized!
[11Aug2026 01:45:39.842] [main/WARN] [dev.architectury.registry.registries.forge.RegistrarManagerImpl/]: Registry entry listened Registry Entry [minecraft:item / fossil:egg_item_deinonychus] was not realized!
[11Aug2026 01:45:39.842] [main/WARN] [dev.architectury.registry.registries.forge.RegistrarManagerImpl/]: Registry entry listened Registry Entry [minecraft:item / fossil:bone_unique_diplocaulus] was not realized!
[11Aug2026 01:45:39.842] [main/WARN] [dev.architectury.registry.registries.forge.RegistrarManagerImpl/]: Registry entry listened Registry Entry [minecraft:item / fossil:egg_item_allosaurus] was not realized!
[11Aug2026 01:45:39.842] [main/WARN] [dev.architectury.registry.registries.forge.RegistrarManagerImpl/]: Registry entry listened Registry Entry [minecraft:item / fossil:cooked_phorusrhacos] was not realized!
[11Aug2026 01:45:39.842] [main/WARN] [dev.architectury.registry.registries.forge.RegistrarManagerImpl/]: Registry entry listened Registry Entry [minecraft:item / fossil:meat_kelenken] was not realized!
[11Aug2026 01:45:39.843] [main/WARN] [dev.architectury.registry.registries.forge.RegistrarManagerImpl/]: Registry entry listened Registry Entry [minecraft:item / fossil:bone_foot_gallimimus] was not realized!
[11Aug2026 01:45:39.843] [main/WARN] [dev.architectury.registry.registries.forge.RegistrarManagerImpl/]: Registry entry listened Registry Entry [minecraft:item / fossil:elasmotherium_dna] was not realized!
[11Aug2026 01:45:39.843] [main/WARN] [dev.architectury.registry.registries.forge.RegistrarManagerImpl/]: Registry entry listened Registry Entry [minecraft:item / fossil:bone_arm_tiktaalik] was not realized!
[11Aug2026 01:45:39.843] [main/WARN] [dev.architectury.registry.registries.forge.RegistrarManagerImpl/]: Registry entry listened Registry Entry [minecraft:item / fossil:bone_tail_quetzalcoatlus] was not realized!
[11Aug2026 01:45:39.843] [main/WARN] [dev.architectury.registry.registries.forge.RegistrarManagerImpl/]: Registry entry listened Registry Entry [minecraft:item / fossil:bone_foot_ichthyosaurus] was not realized!
[11Aug2026 01:45:39.843] [main/WARN] [dev.architectury.registry.registries.forge.RegistrarManagerImpl/]: Registry entry listened Registry Entry [minecraft:item / fossil:meat_pachycephalosaurus] was not realized!
[11Aug2026 01:45:39.843] [main/WARN] [dev.architectury.registry.registries.forge.RegistrarManagerImpl/]: Registry entry listened Registry Entry [minecraft:item / fossil:bone_skull_protoceratops] was not realized!
[11Aug2026 01:45:39.843] [main/WARN] [dev.architectury.registry.registries.forge.RegistrarManagerImpl/]: Registry entry listened Registry Entry [minecraft:item / fossil:cooked_dodo] was not realized!
[11Aug2026 01:45:39.843] [main/WARN] [dev.architectury.registry.registries.forge.RegistrarManagerImpl/]: Registry entry listened Registry Entry [minecraft:item / fossil:bone_ribcage_tyrannosaurus] was not realized!
[11Aug2026 01:45:39.843] [main/WARN] [dev.architectury.registry.registries.forge.RegistrarManagerImpl/]: Registry entry listened Registry Entry [minecraft:item / fossil:syringe_llama] was not realized!
[11Aug2026 01:45:39.843] [main/WARN] [dev.architectury.registry.registries.forge.RegistrarManagerImpl/]: Registry entry listened Registry Entry [minecraft:item / fossil:pteranodon_dna] was not realized!
[11Aug2026 01:45:39.843] [main/WARN] [dev.architectury.registry.registries.forge.RegistrarManagerImpl/]: Registry entry listened Registry Entry [minecraft:item / fossil:meat_quetzalcoatlus] was not realized!
[11Aug2026 01:45:39.843] [main/WARN] [dev.architectury.registry.registries.forge.RegistrarManagerImpl/]: Registry entry listened Registry Entry [minecraft:item / fossil:cooked_quetzalcoatlus] was not realized!
[11Aug2026 01:45:39.843] [main/WARN] [dev.architectury.registry.registries.forge.RegistrarManagerImpl/]: Registry entry listened Registry Entry [minecraft:item / fossil:meat_mosasaurus] was not realized!
[11Aug2026 01:45:39.843] [main/WARN] [dev.architectury.registry.registries.forge.RegistrarManagerImpl/]: Registry entry listened Registry Entry [minecraft:item / fossil:bone_skull_ankylosaurus] was not realized!
[11Aug2026 01:45:39.843] [main/WARN] [dev.architectury.registry.registries.forge.RegistrarManagerImpl/]: Registry entry listened Registry Entry [minecraft:item / fossil:meat_lonchodomas] was not realized!
[11Aug2026 01:45:39.843] [main/WARN] [dev.architectury.registry.registries.forge.RegistrarManagerImpl/]: Registry entry listened Registry Entry [minecraft:item / fossil:bone_arm_protoceratops] was not realized!
[11Aug2026 01:45:39.843] [main/WARN] [dev.architectury.registry.registries.forge.RegistrarManagerImpl/]: Registry entry listened Registry Entry [minecraft:item / fossil:bone_foot_gastornis] was not realized!
[11Aug2026 01:45:39.844] [main/WARN] [dev.architectury.registry.registries.forge.RegistrarManagerImpl/]: Registry entry listened Registry Entry [minecraft:item / fossil:bone_tail_mammoth] was not realized!
[11Aug2026 01:45:39.844] [main/WARN] [dev.architectury.registry.registries.forge.RegistrarManagerImpl/]: Registry entry listened Registry Entry [minecraft:item / fossil:bone_unique_mosasaurus] was not realized!
[11Aug2026 01:45:39.844] [main/WARN] [dev.architectury.registry.registries.forge.RegistrarManagerImpl/]: Registry entry listened Registry Entry [minecraft:item / fossil:bone_skull_titanis] was not realized!
[11Aug2026 01:45:39.844] [main/WARN] [dev.architectury.registry.registries.forge.RegistrarManagerImpl/]: Registry entry listened Registry Entry [minecraft:item / fossil:bucket_item_sturgeon] was not realized!
[11Aug2026 01:45:39.844] [main/WARN] [dev.architectury.registry.registries.forge.RegistrarManagerImpl/]: Registry entry listened Registry Entry [minecraft:item / fossil:bone_leg_postosuchus] was not realized!
[11Aug2026 01:45:39.844] [main/WARN] [dev.architectury.registry.registries.forge.RegistrarManagerImpl/]: Registry entry listened Registry Entry [minecraft:item / fossil:spawn_egg_citipati] was not realized!
[11Aug2026 01:45:39.844] [main/WARN] [dev.architectury.registry.registries.forge.RegistrarManagerImpl/]: Registry entry listened Registry Entry [minecraft:item / fossil:platybelodon_dna] was not realized!
[11Aug2026 01:45:39.844] [main/WARN] [dev.architectury.registry.registries.forge.RegistrarManagerImpl/]: Registry entry listened Registry Entry [minecraft:item / fossil:bone_vertebrae_dilophosaurus] was not realized!
[11Aug2026 01:45:39.844] [main/WARN] [dev.architectury.registry.registries.forge.RegistrarManagerImpl/]: Registry entry listened Registry Entry [minecraft:item / fossil:bone_vertebrae_dryosaurus] was not realized!
[11Aug2026 01:45:39.844] [main/WARN] [dev.architectury.registry.registries.forge.RegistrarManagerImpl/]: Registry entry listened Registry Entry [minecraft:item / fossil:bone_tail_megalania] was not realized!
[11Aug2026 01:45:39.844] [main/WARN] [dev.architectury.registry.registries.forge.RegistrarManagerImpl/]: Registry entry listened Registry Entry [minecraft:item / fossil:egg_item_dimetrodon] was not realized!
[11Aug2026 01:45:39.844] [main/WARN] [dev.architectury.registry.registries.forge.RegistrarManagerImpl/]: Registry entry listened Registry Entry [minecraft:item / fossil:bone_vertebrae_titanis] was not realized!
[11Aug2026 01:45:39.844] [main/WARN] [dev.architectury.registry.registries.forge.RegistrarManagerImpl/]: Registry entry listened Registry Entry [minecraft:item / fossil:cooked_plesiosaurus] was not realized!
[11Aug2026 01:45:39.844] [main/WARN] [dev.architectury.registry.registries.forge.RegistrarManagerImpl/]: Registry entry listened Registry Entry [minecraft:item / fossil:bone_vertebrae_postosuchus] was not realized!
[11Aug2026 01:45:39.844] [main/WARN] [dev.architectury.registry.registries.forge.RegistrarManagerImpl/]: Registry entry listened Registry Entry [minecraft:item / fossil:egg_item_ankylosaurus] was not realized!
[11Aug2026 01:45:39.844] [main/WARN] [dev.architectury.registry.registries.forge.RegistrarManagerImpl/]: Registry entry listened Registry Entry [minecraft:item / fossil:spawn_egg_tiktaalik] was not realized!
[11Aug2026 01:45:39.844] [main/WARN] [dev.architectury.registry.registries.forge.RegistrarManagerImpl/]: Registry entry listened Registry Entry [minecraft:item / fossil:llama_dna] was not realized!
[11Aug2026 01:45:39.845] [main/WARN] [dev.architectury.registry.registries.forge.RegistrarManagerImpl/]: Registry entry listened Registry Entry [minecraft:item / fossil:bone_tail_liopleurodon] was not realized!
[11Aug2026 01:45:39.845] [main/WARN] [dev.architectury.registry.registries.forge.RegistrarManagerImpl/]: Registry entry listened Registry Entry [minecraft:item / fossil:bone_ribcage_diplocaulus] was not realized!
[11Aug2026 01:45:39.845] [main/WARN] [dev.architectury.registry.registries.forge.RegistrarManagerImpl/]: Registry entry listened Registry Entry [minecraft:item / fossil:bone_leg_sarcosuchus] was not realized!
[11Aug2026 01:45:39.845] [main/WARN] [dev.architectury.registry.registries.forge.RegistrarManagerImpl/]: Registry entry listened Registry Entry [minecraft:item / fossil:bone_unique_dodo] was not realized!
[11Aug2026 01:45:39.845] [main/WARN] [dev.architectury.registry.registries.forge.RegistrarManagerImpl/]: Registry entry listened Registry Entry [minecraft:item / fossil:bone_ribcage_protoceratops] was not realized!
[11Aug2026 01:45:39.845] [main/WARN] [dev.architectury.registry.registries.forge.RegistrarManagerImpl/]: Registry entry listened Registry Entry [minecraft:item / fossil:polar_bear_dna] was not realized!
[11Aug2026 01:45:39.845] [main/WARN] [dev.architectury.registry.registries.forge.RegistrarManagerImpl/]: Registry entry listened Registry Entry [minecraft:item / fossil:egg_item_salmon] was not realized!
[11Aug2026 01:45:39.845] [main/WARN] [dev.architectury.registry.registries.forge.RegistrarManagerImpl/]: Registry entry listened Registry Entry [minecraft:item / fossil:stegosaurus_dna] was not realized!
[11Aug2026 01:45:39.845] [main/WARN] [dev.architectury.registry.registries.forge.RegistrarManagerImpl/]: Registry entry listened Registry Entry [minecraft:item / fossil:bone_foot_tiktaalik] was not realized!
[11Aug2026 01:45:39.845] [main/WARN] [dev.architectury.registry.registries.forge.RegistrarManagerImpl/]: Registry entry listened Registry Entry [minecraft:item / fossil:bone_skull_deinonychus] was not realized!
[11Aug2026 01:45:39.845] [main/WARN] [dev.architectury.registry.registries.forge.RegistrarManagerImpl/]: Registry entry listened Registry Entry [minecraft:item / fossil:bone_foot_ceratosaurus] was not realized!
[11Aug2026 01:45:39.845] [main/WARN] [dev.architectury.registry.registries.forge.RegistrarManagerImpl/]: Registry entry listened Registry Entry [minecraft:item / fossil:bone_tail_megaloceros] was not realized!
[11Aug2026 01:45:39.845] [main/WARN] [dev.architectury.registry.registries.forge.RegistrarManagerImpl/]: Registry entry listened Registry Entry [minecraft:item / fossil:bone_unique_velociraptor] was not realized!
[11Aug2026 01:45:39.845] [main/WARN] [dev.architectury.registry.registries.forge.RegistrarManagerImpl/]: Registry entry listened Registry Entry [minecraft:item / fossil:egg_phorusrhacos] was not realized!
[11Aug2026 01:45:39.845] [main/WARN] [dev.architectury.registry.registries.forge.RegistrarManagerImpl/]: Registry entry listened Registry Entry [minecraft:item / fossil:spawn_egg_platybelodon] was not realized!
[11Aug2026 01:45:39.846] [main/WARN] [dev.architectury.registry.registries.forge.RegistrarManagerImpl/]: Registry entry listened Registry Entry [minecraft:item / fossil:bucket_item_tiktaalik] was not realized!
[11Aug2026 01:45:39.846] [main/WARN] [dev.architectury.registry.registries.forge.RegistrarManagerImpl/]: Registry entry listened Registry Entry [minecraft:item / fossil:bone_unique_megalania] was not realized!
[11Aug2026 01:45:39.846] [main/WARN] [dev.architectury.registry.registries.forge.RegistrarManagerImpl/]: Registry entry listened Registry Entry [minecraft:item / fossil:nautilus_dna] was not realized!
[11Aug2026 01:45:39.846] [main/WARN] [dev.architectury.registry.registries.forge.RegistrarManagerImpl/]: Registry entry listened Registry Entry [minecraft:item / fossil:bone_skull_spinosaurus] was not realized!
[11Aug2026 01:45:39.846] [main/WARN] [dev.architectury.registry.registries.forge.RegistrarManagerImpl/]: Registry entry listened Registry Entry [minecraft:item / fossil:bone_vertebrae_stegosaurus] was not realized!
[11Aug2026 01:45:39.846] [main/WARN] [dev.architectury.registry.registries.forge.RegistrarManagerImpl/]: Registry entry listened Registry Entry [minecraft:item / fossil:bone_arm_megaloceros] was not realized!
[11Aug2026 01:45:39.846] [main/WARN] [dev.architectury.registry.registries.forge.RegistrarManagerImpl/]: Registry entry listened Registry Entry [minecraft:item / fossil:bucket_item_walliserops] was not realized!
[11Aug2026 01:45:39.848] [main/WARN] [dev.architectury.registry.registries.forge.RegistrarManagerImpl/]: Registry entry listened Registry Entry [minecraft:item / fossil:meat_confuciusornis] was not realized!
[11Aug2026 01:45:39.848] [main/WARN] [dev.architectury.registry.registries.forge.RegistrarManagerImpl/]: Registry entry listened Registry Entry [minecraft:item / fossil:bone_leg_elasmotherium] was not realized!
[11Aug2026 01:45:39.848] [main/WARN] [dev.architectury.registry.registries.forge.RegistrarManagerImpl/]: Registry entry listened Registry Entry [minecraft:item / fossil:meat_dimetrodon] was not realized!
[11Aug2026 01:45:39.848] [main/WARN] [dev.architectury.registry.registries.forge.RegistrarManagerImpl/]: Registry entry listened Registry Entry [minecraft:item / fossil:bone_leg_platybelodon] was not realized!
[11Aug2026 01:45:39.848] [main/WARN] [dev.architectury.registry.registries.forge.RegistrarManagerImpl/]: Registry entry listened Registry Entry [minecraft:item / fossil:bone_foot_sarcosuchus] was not realized!
[11Aug2026 01:45:39.848] [main/WARN] [dev.architectury.registry.registries.forge.RegistrarManagerImpl/]: Registry entry listened Registry Entry [minecraft:item / fossil:syringe_mooshroom] was not realized!
[11Aug2026 01:45:39.848] [main/WARN] [dev.architectury.registry.registries.forge.RegistrarManagerImpl/]: Registry entry listened Registry Entry [minecraft:item / fossil:bone_arm_ankylosaurus] was not realized!
[11Aug2026 01:45:39.848] [main/WARN] [dev.architectury.registry.registries.forge.RegistrarManagerImpl/]: Registry entry listened Registry Entry [minecraft:item / fossil:bone_arm_diplodocus] was not realized!
[11Aug2026 01:45:39.848] [main/WARN] [dev.architectury.registry.registries.forge.RegistrarManagerImpl/]: Registry entry listened Registry Entry [minecraft:item / fossil:bone_skull_dilophosaurus] was not realized!
[11Aug2026 01:45:39.848] [main/WARN] [dev.architectury.registry.registries.forge.RegistrarManagerImpl/]: Registry entry listened Registry Entry [minecraft:item / fossil:bone_unique_megaloceros] was not realized!
[11Aug2026 01:45:39.848] [main/WARN] [dev.architectury.registry.registries.forge.RegistrarManagerImpl/]: Registry entry listened Registry Entry [minecraft:item / fossil:bone_vertebrae_ankylosaurus] was not realized!
[11Aug2026 01:45:39.848] [main/WARN] [dev.architectury.registry.registries.forge.RegistrarManagerImpl/]: Registry entry listened Registry Entry [minecraft:item / fossil:donkey_dna] was not realized!
[11Aug2026 01:45:39.848] [main/WARN] [dev.architectury.registry.registries.forge.RegistrarManagerImpl/]: Registry entry listened Registry Entry [minecraft:item / fossil:bone_arm_dilophosaurus] was not realized!
[11Aug2026 01:45:39.849] [main/WARN] [dev.architectury.registry.registries.forge.RegistrarManagerImpl/]: Registry entry listened Registry Entry [minecraft:item / fossil:syringe_horse] was not realized!
[11Aug2026 01:45:39.849] [main/WARN] [dev.architectury.registry.registries.forge.RegistrarManagerImpl/]: Registry entry listened Registry Entry [minecraft:item / fossil:dimorphodon_dna] was not realized!
[11Aug2026 01:45:39.849] [main/WARN] [dev.architectury.registry.registries.forge.RegistrarManagerImpl/]: Registry entry listened Registry Entry [minecraft:item / fossil:cooked_alligator_gar] was not realized!
[11Aug2026 01:45:39.849] [main/WARN] [dev.architectury.registry.registries.forge.RegistrarManagerImpl/]: Registry entry listened Registry Entry [minecraft:item / fossil:bone_arm_gallimimus] was not realized!
[11Aug2026 01:45:39.849] [main/WARN] [dev.architectury.registry.registries.forge.RegistrarManagerImpl/]: Registry entry listened Registry Entry [minecraft:item / fossil:bone_leg_quagga] was not realized!
[11Aug2026 01:45:39.849] [main/WARN] [dev.architectury.registry.registries.forge.RegistrarManagerImpl/]: Registry entry listened Registry Entry [minecraft:item / fossil:egg_item_titanis] was not realized!
[11Aug2026 01:45:39.849] [main/WARN] [dev.architectury.registry.registries.forge.RegistrarManagerImpl/]: Registry entry listened Registry Entry [minecraft:item / fossil:cooked_brachiosaurus] was not realized!
[11Aug2026 01:45:39.849] [main/WARN] [dev.architectury.registry.registries.forge.RegistrarManagerImpl/]: Registry entry listened Registry Entry [minecraft:item / fossil:egg_item_compsognathus] was not realized!
[11Aug2026 01:45:39.849] [main/WARN] [dev.architectury.registry.registries.forge.RegistrarManagerImpl/]: Registry entry listened Registry Entry [minecraft:item / fossil:bone_leg_dilophosaurus] was not realized!
[11Aug2026 01:45:39.849] [main/WARN] [dev.architectury.registry.registries.forge.RegistrarManagerImpl/]: Registry entry listened Registry Entry [minecraft:item / fossil:bone_skull_mammoth] was not realized!
[11Aug2026 01:45:39.849] [main/WARN] [dev.architectury.registry.registries.forge.RegistrarManagerImpl/]: Registry entry listened Registry Entry [minecraft:item / fossil:meat_pachyrhinosaurus] was not realized!
[11Aug2026 01:45:39.849] [main/WARN] [dev.architectury.registry.registries.forge.RegistrarManagerImpl/]: Registry entry listened Registry Entry [minecraft:item / fossil:bone_skull_elasmotherium] was not realized!
[11Aug2026 01:45:39.850] [main/WARN] [dev.architectury.registry.registries.forge.RegistrarManagerImpl/]: Registry entry listened Registry Entry [minecraft:item / fossil:bone_arm_gastornis] was not realized!
[11Aug2026 01:45:39.850] [main/WARN] [dev.architectury.registry.registries.forge.RegistrarManagerImpl/]: Registry entry listened Registry Entry [minecraft:item / fossil:tyrannosaurus_dna] was not realized!
[11Aug2026 01:45:39.850] [main/WARN] [dev.architectury.registry.registries.forge.RegistrarManagerImpl/]: Registry entry listened Registry Entry [minecraft:item / fossil:bone_ribcage_platybelodon] was not realized!
[11Aug2026 01:45:39.850] [main/WARN] [dev.architectury.registry.registries.forge.RegistrarManagerImpl/]: Registry entry listened Registry Entry [minecraft:item / fossil:spawn_egg_gallimimus] was not realized!
[11Aug2026 01:45:39.850] [main/WARN] [dev.architectury.registry.registries.forge.RegistrarManagerImpl/]: Registry entry listened Registry Entry [minecraft:item / fossil:bone_tail_diplocaulus] was not realized!
[11Aug2026 01:45:39.850] [main/WARN] [dev.architectury.registry.registries.forge.RegistrarManagerImpl/]: Registry entry listened Registry Entry [minecraft:item / fossil:meat_triceratops] was not realized!
[11Aug2026 01:45:39.850] [main/WARN] [dev.architectury.registry.registries.forge.RegistrarManagerImpl/]: Registry entry listened Registry Entry [minecraft:item / fossil:spawn_egg_deinonychus] was not realized!
[11Aug2026 01:45:39.850] [main/WARN] [dev.architectury.registry.registries.forge.RegistrarManagerImpl/]: Registry entry listened Registry Entry [minecraft:item / fossil:bone_arm_allosaurus] was not realized!
[11Aug2026 01:45:39.850] [main/WARN] [dev.architectury.registry.registries.forge.RegistrarManagerImpl/]: Registry entry listened Registry Entry [minecraft:item / fossil:bone_unique_megalodon] was not realized!
[11Aug2026 01:45:39.850] [main/WARN] [dev.architectury.registry.registries.forge.RegistrarManagerImpl/]: Registry entry listened Registry Entry [minecraft:item / fossil:syringe_bat] was not realized!
[11Aug2026 01:45:39.850] [main/WARN] [dev.architectury.registry.registries.forge.RegistrarManagerImpl/]: Registry entry listened Registry Entry [minecraft:item / fossil:egg_item_dicranurus] was not realized!
[11Aug2026 01:45:39.850] [main/WARN] [dev.architectury.registry.registries.forge.RegistrarManagerImpl/]: Registry entry listened Registry Entry [minecraft:item / fossil:bone_unique_compsognathus] was not realized!
[11Aug2026 01:45:39.850] [main/WARN] [dev.architectury.registry.registries.forge.RegistrarManagerImpl/]: Registry entry listened Registry Entry [minecraft:item / fossil:bone_arm_henodus] was not realized!
[11Aug2026 01:45:39.850] [main/WARN] [dev.architectury.registry.registries.forge.RegistrarManagerImpl/]: Registry entry listened Registry Entry [minecraft:item / fossil:bone_foot_brachiosaurus] was not realized!
[11Aug2026 01:45:39.851] [main/WARN] [dev.architectury.registry.registries.forge.RegistrarManagerImpl/]: Registry entry listened Registry Entry [minecraft:item / fossil:bone_ribcage_velociraptor] was not realized!
[11Aug2026 01:45:39.851] [main/WARN] [dev.architectury.registry.registries.forge.RegistrarManagerImpl/]: Registry entry listened Registry Entry [minecraft:item / fossil:spawn_egg_megalodon] was not realized!
[11Aug2026 01:45:39.851] [main/WARN] [dev.architectury.registry.registries.forge.RegistrarManagerImpl/]: Registry entry listened Registry Entry [minecraft:item / fossil:spawn_egg_quagga] was not realized!
[11Aug2026 01:45:39.851] [main/WARN] [dev.architectury.registry.registries.forge.RegistrarManagerImpl/]: Registry entry listened Registry Entry [minecraft:item / fossil:spawn_egg_stegosaurus] was not realized!
[11Aug2026 01:45:39.851] [main/WARN] [dev.architectury.registry.registries.forge.RegistrarManagerImpl/]: Registry entry listened Registry Entry [minecraft:item / fossil:horse_dna] was not realized!
[11Aug2026 01:45:39.851] [main/WARN] [dev.architectury.registry.registries.forge.RegistrarManagerImpl/]: Registry entry listened Registry Entry [minecraft:item / fossil:meat_tiktaalik] was not realized!
[11Aug2026 01:45:39.851] [main/WARN] [dev.architectury.registry.registries.forge.RegistrarManagerImpl/]: Registry entry listened Registry Entry [minecraft:item / fossil:bone_vertebrae_megaloceros] was not realized!
[11Aug2026 01:45:39.851] [main/WARN] [dev.architectury.registry.registries.forge.RegistrarManagerImpl/]: Registry entry listened Registry Entry [minecraft:item / fossil:syringe_megaloceros] was not realized!
[11Aug2026 01:45:39.851] [main/WARN] [dev.architectury.registry.registries.forge.RegistrarManagerImpl/]: Registry entry listened Registry Entry [minecraft:item / fossil:alligator_gar_dna] was not realized!
[11Aug2026 01:45:39.851] [main/WARN] [dev.architectury.registry.registries.forge.RegistrarManagerImpl/]: Registry entry listened Registry Entry [minecraft:item / fossil:dimetrodon_dna] was not realized!
[11Aug2026 01:45:39.851] [main/WARN] [dev.architectury.registry.registries.forge.RegistrarManagerImpl/]: Registry entry listened Registry Entry [minecraft:item / fossil:bone_leg_pachycephalosaurus] was not realized!
[11Aug2026 01:45:39.851] [main/WARN] [dev.architectury.registry.registries.forge.RegistrarManagerImpl/]: Registry entry listened Registry Entry [minecraft:item / fossil:therizinosaurus_dna] was not realized!
[11Aug2026 01:45:39.851] [main/WARN] [dev.architectury.registry.registries.forge.RegistrarManagerImpl/]: Registry entry listened Registry Entry [minecraft:item / fossil:bone_unique_platybelodon] was not realized!
[11Aug2026 01:45:39.851] [main/WARN] [dev.architectury.registry.registries.forge.RegistrarManagerImpl/]: Registry entry listened Registry Entry [minecraft:item / fossil:bone_leg_ornitholestes] was not realized!
[11Aug2026 01:45:39.851] [main/WARN] [dev.architectury.registry.registries.forge.RegistrarManagerImpl/]: Registry entry listened Registry Entry [minecraft:item / fossil:bone_foot_compsognathus] was not realized!
[11Aug2026 01:45:39.852] [main/WARN] [dev.architectury.registry.registries.forge.RegistrarManagerImpl/]: Registry entry listened Registry Entry [minecraft:item / fossil:bone_vertebrae_elasmotherium] was not realized!
[11Aug2026 01:45:39.852] [main/WARN] [dev.architectury.registry.registries.forge.RegistrarManagerImpl/]: Registry entry listened Registry Entry [minecraft:item / fossil:syringe_camel] was not realized!
[11Aug2026 01:45:39.852] [main/WARN] [dev.architectury.registry.registries.forge.RegistrarManagerImpl/]: Registry entry listened Registry Entry [minecraft:item / fossil:bone_tail_tyrannosaurus] was not realized!
[11Aug2026 01:45:39.852] [main/WARN] [dev.architectury.registry.registries.forge.RegistrarManagerImpl/]: Registry entry listened Registry Entry [minecraft:item / fossil:egg_confuciusornis] was not realized!
[11Aug2026 01:45:39.852] [main/WARN] [dev.architectury.registry.registries.forge.RegistrarManagerImpl/]: Registry entry listened Registry Entry [minecraft:item / fossil:egg_item_megalodon] was not realized!
[11Aug2026 01:45:39.852] [main/WARN] [dev.architectury.registry.registries.forge.RegistrarManagerImpl/]: Registry entry listened Registry Entry [minecraft:item / fossil:cooked_mammoth] was not realized!
[11Aug2026 01:45:39.852] [main/WARN] [dev.architectury.registry.registries.forge.RegistrarManagerImpl/]: Registry entry listened Registry Entry [minecraft:item / fossil:syringe_rabbit] was not realized!
[11Aug2026 01:45:39.852] [main/WARN] [dev.architectury.registry.registries.forge.RegistrarManagerImpl/]: Registry entry listened Registry Entry [minecraft:item / fossil:titanis_dna] was not realized!
[11Aug2026 01:45:39.852] [main/WARN] [dev.architectury.registry.registries.forge.RegistrarManagerImpl/]: Registry entry listened Registry Entry [minecraft:item / fossil:bone_foot_dimetrodon] was not realized!
[11Aug2026 01:45:39.852] [main/WARN] [dev.architectury.registry.registries.forge.RegistrarManagerImpl/]: Registry entry listened Registry Entry [minecraft:item / fossil:cooked_megalograptus] was not realized!
[11Aug2026 01:45:39.852] [main/WARN] [dev.architectury.registry.registries.forge.RegistrarManagerImpl/]: Registry entry listened Registry Entry [minecraft:item / fossil:syringe_platybelodon] was not realized!
[11Aug2026 01:45:39.852] [main/WARN] [dev.architectury.registry.registries.forge.RegistrarManagerImpl/]: Registry entry listened Registry Entry [minecraft:item / fossil:egg_item_arthropleura] was not realized!
[11Aug2026 01:45:39.852] [main/WARN] [dev.architectury.registry.registries.forge.RegistrarManagerImpl/]: Registry entry listened Registry Entry [minecraft:item / fossil:bone_unique_tiktaalik] was not realized!
[11Aug2026 01:45:39.852] [main/WARN] [dev.architectury.registry.registries.forge.RegistrarManagerImpl/]: Registry entry listened Registry Entry [minecraft:item / fossil:bone_skull_quagga] was not realized!
[11Aug2026 01:45:39.852] [main/WARN] [dev.architectury.registry.registries.forge.RegistrarManagerImpl/]: Registry entry listened Registry Entry [minecraft:item / fossil:bone_skull_confuciusornis] was not realized!
[11Aug2026 01:45:39.853] [main/WARN] [dev.architectury.registry.registries.forge.RegistrarManagerImpl/]: Registry entry listened Registry Entry [minecraft:item / fossil:egg_item_triceratops] was not realized!
[11Aug2026 01:45:39.853] [main/WARN] [dev.architectury.registry.registries.forge.RegistrarManagerImpl/]: Registry entry listened Registry Entry [minecraft:item / fossil:meat_plesiosaurus] was not realized!
[11Aug2026 01:45:39.853] [main/WARN] [dev.architectury.registry.registries.forge.RegistrarManagerImpl/]: Registry entry listened Registry Entry [minecraft:item / fossil:syringe_mammoth] was not realized!
[11Aug2026 01:45:39.853] [main/WARN] [dev.architectury.registry.registries.forge.RegistrarManagerImpl/]: Registry entry listened Registry Entry [minecraft:item / fossil:bone_unique_titanis] was not realized!
[11Aug2026 01:45:39.853] [main/WARN] [dev.architectury.registry.registries.forge.RegistrarManagerImpl/]: Registry entry listened Registry Entry [minecraft:item / fossil:bone_leg_allosaurus] was not realized!
[11Aug2026 01:45:39.853] [main/WARN] [dev.architectury.registry.registries.forge.RegistrarManagerImpl/]: Registry entry listened Registry Entry [minecraft:item / fossil:syringe_polar_bear] was not realized!
[11Aug2026 01:45:39.853] [main/WARN] [dev.architectury.registry.registries.forge.RegistrarManagerImpl/]: Registry entry listened Registry Entry [minecraft:item / fossil:cooked_parasaurolophus] was not realized!
[11Aug2026 01:45:39.853] [main/WARN] [dev.architectury.registry.registries.forge.RegistrarManagerImpl/]: Registry entry listened Registry Entry [minecraft:item / fossil:egg_item_kelenken] was not realized!
[11Aug2026 01:45:39.853] [main/WARN] [dev.architectury.registry.registries.forge.RegistrarManagerImpl/]: Registry entry listened Registry Entry [minecraft:item / fossil:bone_skull_gastornis] was not realized!
[11Aug2026 01:45:39.853] [main/WARN] [dev.architectury.registry.registries.forge.RegistrarManagerImpl/]: Registry entry listened Registry Entry [minecraft:item / fossil:bone_foot_psittacosaurus] was not realized!
[11Aug2026 01:45:39.853] [main/WARN] [dev.architectury.registry.registries.forge.RegistrarManagerImpl/]: Registry entry listened Registry Entry [minecraft:item / fossil:bone_vertebrae_mammoth] was not realized!
[11Aug2026 01:45:39.853] [main/WARN] [dev.architectury.registry.registries.forge.RegistrarManagerImpl/]: Registry entry listened Registry Entry [minecraft:item / fossil:cooked_diplocaulus] was not realized!
[11Aug2026 01:45:39.853] [main/WARN] [dev.architectury.registry.registries.forge.RegistrarManagerImpl/]: Registry entry listened Registry Entry [minecraft:item / fossil:spawn_egg_scotoharpes] was not realized!
[11Aug2026 01:45:39.853] [main/WARN] [dev.architectury.registry.registries.forge.RegistrarManagerImpl/]: Registry entry listened Registry Entry [minecraft:item / fossil:cooked_triceratops] was not realized!
[11Aug2026 01:45:39.854] [main/WARN] [dev.architectury.registry.registries.forge.RegistrarManagerImpl/]: Registry entry listened Registry Entry [minecraft:item / fossil:dodo_dna] was not realized!
[11Aug2026 01:45:39.854] [main/WARN] [dev.architectury.registry.registries.forge.RegistrarManagerImpl/]: Registry entry listened Registry Entry [minecraft:item / fossil:spawn_egg_edaphosaurus] was not realized!
[11Aug2026 01:45:39.854] [main/WARN] [dev.architectury.registry.registries.forge.RegistrarManagerImpl/]: Registry entry listened Registry Entry [minecraft:item / fossil:allosaurus_dna] was not realized!
[11Aug2026 01:45:39.854] [main/WARN] [dev.architectury.registry.registries.forge.RegistrarManagerImpl/]: Registry entry listened Registry Entry [minecraft:item / fossil:bone_unique_deinonychus] was not realized!
[11Aug2026 01:45:39.854] [main/WARN] [dev.architectury.registry.registries.forge.RegistrarManagerImpl/]: Registry entry listened Registry Entry [minecraft:item / fossil:goat_dna] was not realized!
[11Aug2026 01:45:39.854] [main/WARN] [dev.architectury.registry.registries.forge.RegistrarManagerImpl/]: Registry entry listened Registry Entry [minecraft:item / fossil:bone_leg_tyrannosaurus] was not realized!
[11Aug2026 01:45:39.854] [main/WARN] [dev.architectury.registry.registries.forge.RegistrarManagerImpl/]: Registry entry listened Registry Entry [minecraft:item / fossil:bone_skull_dimorphodon] was not realized!
[11Aug2026 01:45:39.854] [main/WARN] [dev.architectury.registry.registries.forge.RegistrarManagerImpl/]: Registry entry listened Registry Entry [minecraft:item / fossil:spawn_egg_megalania] was not realized!
[11Aug2026 01:45:39.854] [main/WARN] [dev.architectury.registry.registries.forge.RegistrarManagerImpl/]: Registry entry listened Registry Entry [minecraft:item / fossil:bone_skull_triceratops] was not realized!
[11Aug2026 01:45:39.854] [main/WARN] [dev.architectury.registry.registries.forge.RegistrarManagerImpl/]: Registry entry listened Registry Entry [minecraft:item / fossil:bucket_item_nautilus] was not realized!
[11Aug2026 01:45:39.854] [main/WARN] [dev.architectury.registry.registries.forge.RegistrarManagerImpl/]: Registry entry listened Registry Entry [minecraft:item / fossil:meat_phorusrhacos] was not realized!
[11Aug2026 01:45:39.854] [main/WARN] [dev.architectury.registry.registries.forge.RegistrarManagerImpl/]: Registry entry listened Registry Entry [minecraft:item / fossil:egg_item_parrot] was not realized!
[11Aug2026 01:45:39.854] [main/WARN] [dev.architectury.registry.registries.forge.RegistrarManagerImpl/]: Registry entry listened Registry Entry [minecraft:item / fossil:egg_item_cod] was not realized!
[11Aug2026 01:45:39.855] [main/WARN] [dev.architectury.registry.registries.forge.RegistrarManagerImpl/]: Registry entry listened Registry Entry [minecraft:item / fossil:bone_foot_elasmotherium] was not realized!
[11Aug2026 01:45:39.855] [main/WARN] [dev.architectury.registry.registries.forge.RegistrarManagerImpl/]: Registry entry listened Registry Entry [minecraft:item / fossil:bone_arm_brachiosaurus] was not realized!
[11Aug2026 01:45:39.855] [main/WARN] [dev.architectury.registry.registries.forge.RegistrarManagerImpl/]: Registry entry listened Registry Entry [minecraft:item / fossil:egg_item_tropical_fish] was not realized!
[11Aug2026 01:45:39.856] [main/WARN] [dev.architectury.registry.registries.forge.RegistrarManagerImpl/]: Registry entry listened Registry Entry [minecraft:item / fossil:bone_leg_dimorphodon] was not realized!
[11Aug2026 01:45:39.856] [main/WARN] [dev.architectury.registry.registries.forge.RegistrarManagerImpl/]: Registry entry listened Registry Entry [minecraft:item / fossil:egg_item_stegosaurus] was not realized!
[11Aug2026 01:45:39.857] [main/WARN] [dev.architectury.registry.registries.forge.RegistrarManagerImpl/]: Registry entry listened Registry Entry [minecraft:item / fossil:bone_arm_titanis] was not realized!
[11Aug2026 01:45:39.857] [main/WARN] [dev.architectury.registry.registries.forge.RegistrarManagerImpl/]: Registry entry listened Registry Entry [minecraft:item / fossil:bone_arm_quetzalcoatlus] was not realized!
[11Aug2026 01:45:39.857] [main/WARN] [dev.architectury.registry.registries.forge.RegistrarManagerImpl/]: Registry entry listened Registry Entry [minecraft:item / fossil:bone_unique_smilodon] was not realized!
[11Aug2026 01:45:39.857] [main/WARN] [dev.architectury.registry.registries.forge.RegistrarManagerImpl/]: Registry entry listened Registry Entry [minecraft:item / fossil:bone_skull_sarcosuchus] was not realized!
[11Aug2026 01:45:39.857] [main/WARN] [dev.architectury.registry.registries.forge.RegistrarManagerImpl/]: Registry entry listened Registry Entry [minecraft:item / fossil:spawn_egg_crassigyrinus] was not realized!
[11Aug2026 01:45:39.857] [main/WARN] [dev.architectury.registry.registries.forge.RegistrarManagerImpl/]: Registry entry listened Registry Entry [minecraft:item / fossil:meat_dicranurus] was not realized!
[11Aug2026 01:45:39.857] [main/WARN] [dev.architectury.registry.registries.forge.RegistrarManagerImpl/]: Registry entry listened Registry Entry [minecraft:item / fossil:bone_ribcage_phorusrhacos] was not realized!
[11Aug2026 01:45:39.857] [main/WARN] [dev.architectury.registry.registries.forge.RegistrarManagerImpl/]: Registry entry listened Registry Entry [minecraft:item / fossil:smilodon_dna] was not realized!
[11Aug2026 01:45:39.857] [main/WARN] [dev.architectury.registry.registries.forge.RegistrarManagerImpl/]: Registry entry listened Registry Entry [minecraft:item / fossil:meat_sturgeon] was not realized!
[11Aug2026 01:45:39.857] [main/WARN] [dev.architectury.registry.registries.forge.RegistrarManagerImpl/]: Registry entry listened Registry Entry [minecraft:item / fossil:egg_item_diplocaulus] was not realized!
[11Aug2026 01:45:39.857] [main/WARN] [dev.architectury.registry.registries.forge.RegistrarManagerImpl/]: Registry entry listened Registry Entry [minecraft:item / fossil:cooked_diplodocus] was not realized!
[11Aug2026 01:45:39.857] [main/WARN] [dev.architectury.registry.registries.forge.RegistrarManagerImpl/]: Registry entry listened Registry Entry [minecraft:item / fossil:spawn_egg_dodo] was not realized!
[11Aug2026 01:45:39.857] [main/WARN] [dev.architectury.registry.registries.forge.RegistrarManagerImpl/]: Registry entry listened Registry Entry [minecraft:item / fossil:meat_alligator_gar] was not realized!
[11Aug2026 01:45:39.857] [main/WARN] [dev.architectury.registry.registries.forge.RegistrarManagerImpl/]: Registry entry listened Registry Entry [minecraft:item / fossil:bone_vertebrae_velociraptor] was not realized!
[11Aug2026 01:45:39.857] [main/WARN] [dev.architectury.registry.registries.forge.RegistrarManagerImpl/]: Registry entry listened Registry Entry [minecraft:item / fossil:bone_unique_dimetrodon] was not realized!
[11Aug2026 01:45:39.857] [main/WARN] [dev.architectury.registry.registries.forge.RegistrarManagerImpl/]: Registry entry listened Registry Entry [minecraft:item / fossil:syringe_fox] was not realized!
[11Aug2026 01:45:39.858] [main/WARN] [dev.architectury.registry.registries.forge.RegistrarManagerImpl/]: Registry entry listened Registry Entry [minecraft:item / fossil:bone_ribcage_plesiosaurus] was not realized!
[11Aug2026 01:45:39.858] [main/WARN] [dev.architectury.registry.registries.forge.RegistrarManagerImpl/]: Registry entry listened Registry Entry [minecraft:item / fossil:spawn_egg_dimorphodon] was not realized!
[11Aug2026 01:45:39.858] [main/WARN] [dev.architectury.registry.registries.forge.RegistrarManagerImpl/]: Registry entry listened Registry Entry [minecraft:item / fossil:cooked_stegosaurus] was not realized!
[11Aug2026 01:45:39.858] [main/WARN] [dev.architectury.registry.registries.forge.RegistrarManagerImpl/]: Registry entry listened Registry Entry [minecraft:item / fossil:bone_foot_crassigyrinus] was not realized!
[11Aug2026 01:45:39.858] [main/WARN] [dev.architectury.registry.registries.forge.RegistrarManagerImpl/]: Registry entry listened Registry Entry [minecraft:item / fossil:bone_skull_pachyrhinosaurus] was not realized!
[11Aug2026 01:45:39.858] [main/WARN] [dev.architectury.registry.registries.forge.RegistrarManagerImpl/]: Registry entry listened Registry Entry [minecraft:item / fossil:bone_unique_dilophosaurus] was not realized!
[11Aug2026 01:45:39.858] [main/WARN] [dev.architectury.registry.registries.forge.RegistrarManagerImpl/]: Registry entry listened Registry Entry [minecraft:item / fossil:spawn_egg_spinosaurus] was not realized!
[11Aug2026 01:45:39.858] [main/WARN] [dev.architectury.registry.registries.forge.RegistrarManagerImpl/]: Registry entry listened Registry Entry [minecraft:item / fossil:egg_item_citipati] was not realized!
[11Aug2026 01:45:39.858] [main/WARN] [dev.architectury.registry.registries.forge.RegistrarManagerImpl/]: Registry entry listened Registry Entry [minecraft:item / fossil:bone_ribcage_kelenken] was not realized!
[11Aug2026 01:45:39.858] [main/WARN] [dev.architectury.registry.registries.forge.RegistrarManagerImpl/]: Registry entry listened Registry Entry [minecraft:item / fossil:bone_unique_spinosaurus] was not realized!
[11Aug2026 01:45:39.858] [main/WARN] [dev.architectury.registry.registries.forge.RegistrarManagerImpl/]: Registry entry listened Registry Entry [minecraft:item / fossil:bone_tail_psittacosaurus] was not realized!
[11Aug2026 01:45:39.858] [main/WARN] [dev.architectury.registry.registries.forge.RegistrarManagerImpl/]: Registry entry listened Registry Entry [minecraft:item / fossil:meat_megaloceros] was not realized!
[11Aug2026 01:45:39.858] [main/WARN] [dev.architectury.registry.registries.forge.RegistrarManagerImpl/]: Registry entry listened Registry Entry [minecraft:item / fossil:egg_item_dodo] was not realized!
[11Aug2026 01:45:39.858] [main/WARN] [dev.architectury.registry.registries.forge.RegistrarManagerImpl/]: Registry entry listened Registry Entry [minecraft:item / fossil:bone_ribcage_dilophosaurus] was not realized!
[11Aug2026 01:45:39.860] [main/WARN] [dev.architectury.registry.registries.forge.RegistrarManagerImpl/]: Registry entry listened Registry Entry [minecraft:item / fossil:bone_tail_platybelodon] was not realized!
[11Aug2026 01:45:39.860] [main/WARN] [dev.architectury.registry.registries.forge.RegistrarManagerImpl/]: Registry entry listened Registry Entry [minecraft:item / fossil:spawn_egg_walliserops] was not realized!
[11Aug2026 01:45:39.860] [main/WARN] [dev.architectury.registry.registries.forge.RegistrarManagerImpl/]: Registry entry listened Registry Entry [minecraft:item / fossil:pufferfish_dna] was not realized!
[11Aug2026 01:45:39.860] [main/WARN] [dev.architectury.registry.registries.forge.RegistrarManagerImpl/]: Registry entry listened Registry Entry [minecraft:item / fossil:meat_diplocaulus] was not realized!
[11Aug2026 01:45:39.860] [main/WARN] [dev.architectury.registry.registries.forge.RegistrarManagerImpl/]: Registry entry listened Registry Entry [minecraft:item / fossil:henodus_dna] was not realized!
[11Aug2026 01:45:39.860] [main/WARN] [dev.architectury.registry.registries.forge.RegistrarManagerImpl/]: Registry entry listened Registry Entry [minecraft:item / fossil:bone_tail_citipati] was not realized!
[11Aug2026 01:45:39.860] [main/WARN] [dev.architectury.registry.registries.forge.RegistrarManagerImpl/]: Registry entry listened Registry Entry [minecraft:item / fossil:cooked_deinonychus] was not realized!
[11Aug2026 01:45:39.860] [main/WARN] [dev.architectury.registry.registries.forge.RegistrarManagerImpl/]: Registry entry listened Registry Entry [minecraft:item / fossil:egg_item_ichthyosaurus] was not realized!
[11Aug2026 01:45:39.860] [main/WARN] [dev.architectury.registry.registries.forge.RegistrarManagerImpl/]: Registry entry listened Registry Entry [minecraft:item / fossil:egg_item_pachyrhinosaurus] was not realized!
[11Aug2026 01:45:39.860] [main/WARN] [dev.architectury.registry.registries.forge.RegistrarManagerImpl/]: Registry entry listened Registry Entry [minecraft:item / fossil:bone_leg_citipati] was not realized!
[11Aug2026 01:45:39.860] [main/WARN] [dev.architectury.registry.registries.forge.RegistrarManagerImpl/]: Registry entry listened Registry Entry [minecraft:item / fossil:meat_deinonychus] was not realized!
[11Aug2026 01:45:39.860] [main/WARN] [dev.architectury.registry.registries.forge.RegistrarManagerImpl/]: Registry entry listened Registry Entry [minecraft:item / fossil:bone_skull_megalania] was not realized!
[11Aug2026 01:45:39.860] [main/WARN] [dev.architectury.registry.registries.forge.RegistrarManagerImpl/]: Registry entry listened Registry Entry [minecraft:item / fossil:bone_leg_confuciusornis] was not realized!
[11Aug2026 01:45:39.860] [main/WARN] [dev.architectury.registry.registries.forge.RegistrarManagerImpl/]: Registry entry listened Registry Entry [minecraft:item / fossil:bone_leg_tiktaalik] was not realized!
[11Aug2026 01:45:39.860] [main/WARN] [dev.architectury.registry.registries.forge.RegistrarManagerImpl/]: Registry entry listened Registry Entry [minecraft:item / fossil:meat_nautilus] was not realized!
[11Aug2026 01:45:39.860] [main/WARN] [dev.architectury.registry.registries.forge.RegistrarManagerImpl/]: Registry entry listened Registry Entry [minecraft:item / fossil:bone_vertebrae_mosasaurus] was not realized!
[11Aug2026 01:45:39.860] [main/WARN] [dev.architectury.registry.registries.forge.RegistrarManagerImpl/]: Registry entry listened Registry Entry [minecraft:item / fossil:bucket_item_crassigyrinus] was not realized!
[11Aug2026 01:45:39.860] [main/WARN] [dev.architectury.registry.registries.forge.RegistrarManagerImpl/]: Registry entry listened Registry Entry [minecraft:item / fossil:bone_tail_triceratops] was not realized!
[11Aug2026 01:45:39.860] [main/WARN] [dev.architectury.registry.registries.forge.RegistrarManagerImpl/]: Registry entry listened Registry Entry [minecraft:item / fossil:spawn_egg_psittacosaurus] was not realized!
[11Aug2026 01:45:39.861] [main/WARN] [dev.architectury.registry.registries.forge.RegistrarManagerImpl/]: Registry entry listened Registry Entry [minecraft:item / fossil:meat_mammoth] was not realized!
[11Aug2026 01:45:39.861] [main/WARN] [dev.architectury.registry.registries.forge.RegistrarManagerImpl/]: Registry entry listened Registry Entry [minecraft:item / fossil:bone_unique_quetzalcoatlus] was not realized!
[11Aug2026 01:45:39.861] [main/WARN] [dev.architectury.registry.registries.forge.RegistrarManagerImpl/]: Registry entry listened Registry Entry [minecraft:item / fossil:bone_foot_quetzalcoatlus] was not realized!
[11Aug2026 01:45:39.862] [main/WARN] [dev.architectury.registry.registries.forge.RegistrarManagerImpl/]: Registry entry listened Registry Entry [minecraft:item / fossil:bone_foot_smilodon] was not realized!
[11Aug2026 01:45:39.862] [main/WARN] [dev.architectury.registry.registries.forge.RegistrarManagerImpl/]: Registry entry listened Registry Entry [minecraft:item / fossil:bone_vertebrae_liopleurodon] was not realized!
[11Aug2026 01:45:39.862] [main/WARN] [dev.architectury.registry.registries.forge.RegistrarManagerImpl/]: Registry entry listened Registry Entry [minecraft:item / fossil:bone_ribcage_smilodon] was not realized!
[11Aug2026 01:45:39.862] [main/WARN] [dev.architectury.registry.registries.forge.RegistrarManagerImpl/]: Registry entry listened Registry Entry [minecraft:item / fossil:bone_tail_brachiosaurus] was not realized!
[11Aug2026 01:45:39.862] [main/WARN] [dev.architectury.registry.registries.forge.RegistrarManagerImpl/]: Registry entry listened Registry Entry [minecraft:item / fossil:bone_foot_liopleurodon] was not realized!
[11Aug2026 01:45:39.862] [main/WARN] [dev.architectury.registry.registries.forge.RegistrarManagerImpl/]: Registry entry listened Registry Entry [minecraft:item / fossil:bone_vertebrae_platybelodon] was not realized!
[11Aug2026 01:45:39.862] [main/WARN] [dev.architectury.registry.registries.forge.RegistrarManagerImpl/]: Registry entry listened Registry Entry [minecraft:item / fossil:spawn_egg_compsognathus] was not realized!
[11Aug2026 01:45:39.862] [main/WARN] [dev.architectury.registry.registries.forge.RegistrarManagerImpl/]: Registry entry listened Registry Entry [minecraft:item / fossil:spawn_egg_quetzalcoatlus] was not realized!
[11Aug2026 01:45:39.862] [main/WARN] [dev.architectury.registry.registries.forge.RegistrarManagerImpl/]: Registry entry listened Registry Entry [minecraft:item / fossil:cooked_crassigyrinus] was not realized!
[11Aug2026 01:45:39.862] [main/WARN] [dev.architectury.registry.registries.forge.RegistrarManagerImpl/]: Registry entry listened Registry Entry [minecraft:item / fossil:cooked_dimorphodon] was not realized!
[11Aug2026 01:45:39.862] [main/WARN] [dev.architectury.registry.registries.forge.RegistrarManagerImpl/]: Registry entry listened Registry Entry [minecraft:item / fossil:spawn_egg_coelacanth] was not realized!
[11Aug2026 01:45:39.862] [main/WARN] [dev.architectury.registry.registries.forge.RegistrarManagerImpl/]: Registry entry listened Registry Entry [minecraft:item / fossil:bone_leg_plesiosaurus] was not realized!
[11Aug2026 01:45:39.862] [main/WARN] [dev.architectury.registry.registries.forge.RegistrarManagerImpl/]: Registry entry listened Registry Entry [minecraft:item / fossil:bone_ribcage_citipati] was not realized!
[11Aug2026 01:45:39.862] [main/WARN] [dev.architectury.registry.registries.forge.RegistrarManagerImpl/]: Registry entry listened Registry Entry [minecraft:item / fossil:cooked_elasmotherium] was not realized!
[11Aug2026 01:45:39.862] [main/WARN] [dev.architectury.registry.registries.forge.RegistrarManagerImpl/]: Registry entry listened Registry Entry [minecraft:item / fossil:spawn_egg_tyrannosaurus] was not realized!
[11Aug2026 01:45:39.862] [main/WARN] [dev.architectury.registry.registries.forge.RegistrarManagerImpl/]: Registry entry listened Registry Entry [minecraft:item / fossil:bone_tail_diplodocus] was not realized!
[11Aug2026 01:45:39.863] [main/WARN] [dev.architectury.registry.registries.forge.RegistrarManagerImpl/]: Registry entry listened Registry Entry [minecraft:item / fossil:ichthyosaurus_dna] was not realized!
[11Aug2026 01:45:39.863] [main/WARN] [dev.architectury.registry.registries.forge.RegistrarManagerImpl/]: Registry entry listened Registry Entry [minecraft:item / fossil:cooked_edaphosaurus] was not realized!
[11Aug2026 01:45:39.863] [main/WARN] [dev.architectury.registry.registries.forge.RegistrarManagerImpl/]: Registry entry listened Registry Entry [minecraft:item / fossil:cooked_kelenken] was not realized!
[11Aug2026 01:45:39.863] [main/WARN] [dev.architectury.registry.registries.forge.RegistrarManagerImpl/]: Registry entry listened Registry Entry [minecraft:item / fossil:spawn_egg_aquilolamna] was not realized!
[11Aug2026 01:45:39.863] [main/WARN] [dev.architectury.registry.registries.forge.RegistrarManagerImpl/]: Registry entry listened Registry Entry [minecraft:item / fossil:bone_vertebrae_triceratops] was not realized!
[11Aug2026 01:45:39.863] [main/WARN] [dev.architectury.registry.registries.forge.RegistrarManagerImpl/]: Registry entry listened Registry Entry [minecraft:item / fossil:bone_foot_platybelodon] was not realized!
[11Aug2026 01:45:39.863] [main/WARN] [dev.architectury.registry.registries.forge.RegistrarManagerImpl/]: Registry entry listened Registry Entry [minecraft:item / fossil:egg_item_dimorphodon] was not realized!
[11Aug2026 01:45:39.863] [main/WARN] [dev.architectury.registry.registries.forge.RegistrarManagerImpl/]: Registry entry listened Registry Entry [minecraft:item / fossil:meat_psittacosaurus] was not realized!
[11Aug2026 01:45:39.863] [main/WARN] [dev.architectury.registry.registries.forge.RegistrarManagerImpl/]: Registry entry listened Registry Entry [minecraft:item / fossil:bone_leg_brachiosaurus] was not realized!
[11Aug2026 01:45:39.863] [main/WARN] [dev.architectury.registry.registries.forge.RegistrarManagerImpl/]: Registry entry listened Registry Entry [minecraft:item / fossil:bone_ribcage_dryosaurus] was not realized!
[11Aug2026 01:45:39.863] [main/WARN] [dev.architectury.registry.registries.forge.RegistrarManagerImpl/]: Registry entry listened Registry Entry [minecraft:item / fossil:cooked_megaloceros] was not realized!
[11Aug2026 01:45:39.863] [main/WARN] [dev.architectury.registry.registries.forge.RegistrarManagerImpl/]: Registry entry listened Registry Entry [minecraft:item / fossil:bone_tail_dilophosaurus] was not realized!
[11Aug2026 01:45:39.863] [main/WARN] [dev.architectury.registry.registries.forge.RegistrarManagerImpl/]: Registry entry listened Registry Entry [minecraft:item / fossil:bone_ribcage_gastornis] was not realized!
[11Aug2026 01:45:39.863] [main/WARN] [dev.architectury.registry.registries.forge.RegistrarManagerImpl/]: Registry entry listened Registry Entry [minecraft:item / fossil:bone_leg_triceratops] was not realized!
[11Aug2026 01:45:39.863] [main/WARN] [dev.architectury.registry.registries.forge.RegistrarManagerImpl/]: Registry entry listened Registry Entry [minecraft:item / fossil:bone_skull_diplocaulus] was not realized!
[11Aug2026 01:45:39.863] [main/WARN] [dev.architectury.registry.registries.forge.RegistrarManagerImpl/]: Registry entry listened Registry Entry [minecraft:item / fossil:bone_vertebrae_pteranodon] was not realized!
[11Aug2026 01:45:39.863] [main/WARN] [dev.architectury.registry.registries.forge.RegistrarManagerImpl/]: Registry entry listened Registry Entry [minecraft:item / fossil:meat_meganeura] was not realized!
[11Aug2026 01:45:39.863] [main/WARN] [dev.architectury.registry.registries.forge.RegistrarManagerImpl/]: Registry entry listened Registry Entry [minecraft:item / fossil:bone_ribcage_sarcosuchus] was not realized!
[11Aug2026 01:45:39.863] [main/WARN] [dev.architectury.registry.registries.forge.RegistrarManagerImpl/]: Registry entry listened Registry Entry [minecraft:item / fossil:bone_ribcage_confuciusornis] was not realized!
[11Aug2026 01:45:39.863] [main/WARN] [dev.architectury.registry.registries.forge.RegistrarManagerImpl/]: Registry entry listened Registry Entry [minecraft:item / fossil:glow_squid_dna] was not realized!
[11Aug2026 01:45:39.863] [main/WARN] [dev.architectury.registry.registries.forge.RegistrarManagerImpl/]: Registry entry listened Registry Entry [minecraft:item / fossil:spinosaurus_dna] was not realized!
[11Aug2026 01:45:39.863] [main/WARN] [dev.architectury.registry.registries.forge.RegistrarManagerImpl/]: Registry entry listened Registry Entry [minecraft:item / fossil:bone_arm_ceratosaurus] was not realized!
[11Aug2026 01:45:39.863] [main/WARN] [dev.architectury.registry.registries.forge.RegistrarManagerImpl/]: Registry entry listened Registry Entry [minecraft:item / fossil:ornitholestes_dna] was not realized!
[11Aug2026 01:45:39.863] [main/WARN] [dev.architectury.registry.registries.forge.RegistrarManagerImpl/]: Registry entry listened Registry Entry [minecraft:item / fossil:bone_leg_phorusrhacos] was not realized!
[11Aug2026 01:45:39.863] [main/WARN] [dev.architectury.registry.registries.forge.RegistrarManagerImpl/]: Registry entry listened Registry Entry [minecraft:item / fossil:cooked_ornitholestes] was not realized!
[11Aug2026 01:45:39.864] [main/WARN] [dev.architectury.registry.registries.forge.RegistrarManagerImpl/]: Registry entry listened Registry Entry [minecraft:item / fossil:bone_arm_postosuchus] was not realized!
[11Aug2026 01:45:39.864] [main/WARN] [dev.architectury.registry.registries.forge.RegistrarManagerImpl/]: Registry entry listened Registry Entry [minecraft:item / fossil:bone_unique_ceratosaurus] was not realized!
[11Aug2026 01:45:39.864] [main/WARN] [dev.architectury.registry.registries.forge.RegistrarManagerImpl/]: Registry entry listened Registry Entry [minecraft:item / fossil:bone_foot_kelenken] was not realized!
[11Aug2026 01:45:39.870] [main/WARN] [dev.architectury.registry.registries.forge.RegistrarManagerImpl/]: Registry entry listened Registry Entry [minecraft:item / fossil:panda_dna] was not realized!
[11Aug2026 01:45:39.870] [main/WARN] [dev.architectury.registry.registries.forge.RegistrarManagerImpl/]: Registry entry listened Registry Entry [minecraft:item / fossil:scotoharpes_dna] was not realized!
[11Aug2026 01:45:39.871] [main/WARN] [dev.architectury.registry.registries.forge.RegistrarManagerImpl/]: Registry entry listened Registry Entry [minecraft:item / fossil:spawn_egg_dryosaurus] was not realized!
[11Aug2026 01:45:39.871] [main/WARN] [dev.architectury.registry.registries.forge.RegistrarManagerImpl/]: Registry entry listened Registry Entry [minecraft:item / fossil:bone_ribcage_ceratosaurus] was not realized!
[11Aug2026 01:45:39.871] [main/WARN] [dev.architectury.registry.registries.forge.RegistrarManagerImpl/]: Registry entry listened Registry Entry [minecraft:item / fossil:meat_ichthyosaurus] was not realized!
[11Aug2026 01:45:39.871] [main/WARN] [dev.architectury.registry.registries.forge.RegistrarManagerImpl/]: Registry entry listened Registry Entry [minecraft:item / fossil:bone_ribcage_triceratops] was not realized!
[11Aug2026 01:45:39.871] [main/WARN] [dev.architectury.registry.registries.forge.RegistrarManagerImpl/]: Registry entry listened Registry Entry [minecraft:item / fossil:egg_item_alligator_gar] was not realized!
[11Aug2026 01:45:39.871] [main/WARN] [dev.architectury.registry.registries.forge.RegistrarManagerImpl/]: Registry entry listened Registry Entry [minecraft:item / fossil:pachyrhinosaurus_dna] was not realized!
[11Aug2026 01:45:39.871] [main/WARN] [dev.architectury.registry.registries.forge.RegistrarManagerImpl/]: Registry entry listened Registry Entry [minecraft:item / fossil:bone_arm_plesiosaurus] was not realized!
[11Aug2026 01:45:39.871] [main/WARN] [dev.architectury.registry.registries.forge.RegistrarManagerImpl/]: Registry entry listened Registry Entry [minecraft:item / fossil:spawn_egg_phorusrhacos] was not realized!
[11Aug2026 01:45:39.871] [main/WARN] [dev.architectury.registry.registries.forge.RegistrarManagerImpl/]: Registry entry listened Registry Entry [minecraft:item / fossil:brachiosaurus_dna] was not realized!
[11Aug2026 01:45:39.871] [main/WARN] [dev.architectury.registry.registries.forge.RegistrarManagerImpl/]: Registry entry listened Registry Entry [minecraft:item / fossil:meat_dimorphodon] was not realized!
[11Aug2026 01:45:39.871] [main/WARN] [dev.architectury.registry.registries.forge.RegistrarManagerImpl/]: Registry entry listened Registry Entry [minecraft:item / fossil:bone_tail_dimetrodon] was not realized!
[11Aug2026 01:45:39.871] [main/WARN] [dev.architectury.registry.registries.forge.RegistrarManagerImpl/]: Registry entry listened Registry Entry [minecraft:item / fossil:egg_item_liopleurodon] was not realized!
[11Aug2026 01:45:39.871] [main/WARN] [dev.architectury.registry.registries.forge.RegistrarManagerImpl/]: Registry entry listened Registry Entry [minecraft:item / fossil:syringe_strider] was not realized!
[11Aug2026 01:45:39.871] [main/WARN] [dev.architectury.registry.registries.forge.RegistrarManagerImpl/]: Registry entry listened Registry Entry [minecraft:item / fossil:bone_unique_brachiosaurus] was not realized!
[11Aug2026 01:45:39.871] [main/WARN] [dev.architectury.registry.registries.forge.RegistrarManagerImpl/]: Registry entry listened Registry Entry [minecraft:item / fossil:egg_item_megalania] was not realized!
[11Aug2026 01:45:39.871] [main/WARN] [dev.architectury.registry.registries.forge.RegistrarManagerImpl/]: Registry entry listened Registry Entry [minecraft:item / fossil:egg_item_gastornis] was not realized!
[11Aug2026 01:45:39.871] [main/WARN] [dev.architectury.registry.registries.forge.RegistrarManagerImpl/]: Registry entry listened Registry Entry [minecraft:item / fossil:bone_skull_platybelodon] was not realized!
[11Aug2026 01:45:39.871] [main/WARN] [dev.architectury.registry.registries.forge.RegistrarManagerImpl/]: Registry entry listened Registry Entry [minecraft:item / fossil:bone_arm_tyrannosaurus] was not realized!
[11Aug2026 01:45:39.872] [main/WARN] [dev.architectury.registry.registries.forge.RegistrarManagerImpl/]: Registry entry listened Registry Entry [minecraft:item / fossil:cooked_smilodon] was not realized!
[11Aug2026 01:45:39.872] [main/WARN] [dev.architectury.registry.registries.forge.RegistrarManagerImpl/]: Registry entry listened Registry Entry [minecraft:item / fossil:bone_tail_sarcosuchus] was not realized!
[11Aug2026 01:45:39.872] [main/WARN] [dev.architectury.registry.registries.forge.RegistrarManagerImpl/]: Registry entry listened Registry Entry [minecraft:item / fossil:bone_vertebrae_diplocaulus] was not realized!
[11Aug2026 01:45:39.872] [main/WARN] [dev.architectury.registry.registries.forge.RegistrarManagerImpl/]: Registry entry listened Registry Entry [minecraft:item / fossil:bone_skull_citipati] was not realized!
[11Aug2026 01:45:39.872] [main/WARN] [dev.architectury.registry.registries.forge.RegistrarManagerImpl/]: Registry entry listened Registry Entry [minecraft:item / fossil:bone_arm_psittacosaurus] was not realized!
[11Aug2026 01:45:39.873] [main/WARN] [dev.architectury.registry.registries.forge.RegistrarManagerImpl/]: Registry entry listened Registry Entry [minecraft:item / fossil:bone_foot_velociraptor] was not realized!
[11Aug2026 01:45:39.873] [main/WARN] [dev.architectury.registry.registries.forge.RegistrarManagerImpl/]: Registry entry listened Registry Entry [minecraft:item / fossil:bone_skull_parasaurolophus] was not realized!
[11Aug2026 01:45:39.873] [main/WARN] [dev.architectury.registry.registries.forge.RegistrarManagerImpl/]: Registry entry listened Registry Entry [minecraft:item / fossil:spawn_egg_mosasaurus] was not realized!
[11Aug2026 01:45:39.873] [main/WARN] [dev.architectury.registry.registries.forge.RegistrarManagerImpl/]: Registry entry listened Registry Entry [minecraft:item / fossil:meat_spinosaurus] was not realized!
[11Aug2026 01:45:39.873] [main/WARN] [dev.architectury.registry.registries.forge.RegistrarManagerImpl/]: Registry entry listened Registry Entry [minecraft:item / fossil:triceratops_dna] was not realized!
[11Aug2026 01:45:39.873] [main/WARN] [dev.architectury.registry.registries.forge.RegistrarManagerImpl/]: Registry entry listened Registry Entry [minecraft:item / fossil:bone_vertebrae_compsognathus] was not realized!
[11Aug2026 01:45:39.873] [main/WARN] [dev.architectury.registry.registries.forge.RegistrarManagerImpl/]: Registry entry listened Registry Entry [minecraft:item / fossil:cooked_meganeura] was not realized!
[11Aug2026 01:45:39.873] [main/WARN] [dev.architectury.registry.registries.forge.RegistrarManagerImpl/]: Registry entry listened Registry Entry [minecraft:item / fossil:spawn_egg_diplocaulus] was not realized!
[11Aug2026 01:45:39.873] [main/WARN] [dev.architectury.registry.registries.forge.RegistrarManagerImpl/]: Registry entry listened Registry Entry [minecraft:item / fossil:egg_item_protoceratops] was not realized!
[11Aug2026 01:45:39.873] [main/WARN] [dev.architectury.registry.registries.forge.RegistrarManagerImpl/]: Registry entry listened Registry Entry [minecraft:item / fossil:cooked_compsognathus] was not realized!
[11Aug2026 01:45:39.873] [main/WARN] [dev.architectury.registry.registries.forge.RegistrarManagerImpl/]: Registry entry listened Registry Entry [minecraft:item / fossil:cooked_citipati] was not realized!
[11Aug2026 01:45:39.873] [main/WARN] [dev.architectury.registry.registries.forge.RegistrarManagerImpl/]: Registry entry listened Registry Entry [minecraft:item / fossil:bone_skull_ichthyosaurus] was not realized!
[11Aug2026 01:45:39.873] [main/WARN] [dev.architectury.registry.registries.forge.RegistrarManagerImpl/]: Registry entry listened Registry Entry [minecraft:item / fossil:bone_ribcage_megalania] was not realized!
[11Aug2026 01:45:39.873] [main/WARN] [dev.architectury.registry.registries.forge.RegistrarManagerImpl/]: Registry entry listened Registry Entry [minecraft:item / fossil:axolotl_dna] was not realized!
[11Aug2026 01:45:39.873] [main/WARN] [dev.architectury.registry.registries.forge.RegistrarManagerImpl/]: Registry entry listened Registry Entry [minecraft:item / fossil:bone_vertebrae_crassigyrinus] was not realized!
[11Aug2026 01:45:39.873] [main/WARN] [dev.architectury.registry.registries.forge.RegistrarManagerImpl/]: Registry entry listened Registry Entry [minecraft:item / fossil:bone_leg_ceratosaurus] was not realized!
[11Aug2026 01:45:39.873] [main/WARN] [dev.architectury.registry.registries.forge.RegistrarManagerImpl/]: Registry entry listened Registry Entry [minecraft:item / fossil:bone_skull_smilodon] was not realized!
[11Aug2026 01:45:39.873] [main/WARN] [dev.architectury.registry.registries.forge.RegistrarManagerImpl/]: Registry entry listened Registry Entry [minecraft:item / fossil:bone_arm_phorusrhacos] was not realized!
[11Aug2026 01:45:39.873] [main/WARN] [dev.architectury.registry.registries.forge.RegistrarManagerImpl/]: Registry entry listened Registry Entry [minecraft:item / fossil:bucket_item_megalograptus] was not realized!
[11Aug2026 01:45:39.873] [main/WARN] [dev.architectury.registry.registries.forge.RegistrarManagerImpl/]: Registry entry listened Registry Entry [minecraft:item / fossil:strider_dna] was not realized!
[11Aug2026 01:45:39.873] [main/WARN] [dev.architectury.registry.registries.forge.RegistrarManagerImpl/]: Registry entry listened Registry Entry [minecraft:item / fossil:bone_skull_therizinosaurus] was not realized!
[11Aug2026 01:45:39.873] [main/WARN] [dev.architectury.registry.registries.forge.RegistrarManagerImpl/]: Registry entry listened Registry Entry [minecraft:item / fossil:syringe_sheep] was not realized!
[11Aug2026 01:45:39.874] [main/WARN] [dev.architectury.registry.registries.forge.RegistrarManagerImpl/]: Registry entry listened Registry Entry [minecraft:item / fossil:bone_unique_quagga] was not realized!
[11Aug2026 01:45:39.874] [main/WARN] [dev.architectury.registry.registries.forge.RegistrarManagerImpl/]: Registry entry listened Registry Entry [minecraft:item / fossil:spawn_egg_ceratosaurus] was not realized!
[11Aug2026 01:45:39.874] [main/WARN] [dev.architectury.registry.registries.forge.RegistrarManagerImpl/]: Registry entry listened Registry Entry [minecraft:item / fossil:deinonychus_dna] was not realized!
[11Aug2026 01:45:39.874] [main/WARN] [dev.architectury.registry.registries.forge.RegistrarManagerImpl/]: Registry entry listened Registry Entry [minecraft:item / fossil:bone_skull_velociraptor] was not realized!
[11Aug2026 01:45:39.874] [main/WARN] [dev.architectury.registry.registries.forge.RegistrarManagerImpl/]: Registry entry listened Registry Entry [minecraft:item / fossil:cooked_dimetrodon] was not realized!
[11Aug2026 01:45:39.874] [main/WARN] [dev.architectury.registry.registries.forge.RegistrarManagerImpl/]: Registry entry listened Registry Entry [minecraft:item / fossil:egg_gastornis] was not realized!
[11Aug2026 01:45:39.874] [main/WARN] [dev.architectury.registry.registries.forge.RegistrarManagerImpl/]: Registry entry listened Registry Entry [minecraft:item / fossil:meat_diplodocus] was not realized!
[11Aug2026 01:45:39.874] [main/WARN] [dev.architectury.registry.registries.forge.RegistrarManagerImpl/]: Registry entry listened Registry Entry [minecraft:item / fossil:bone_foot_tyrannosaurus] was not realized!
[11Aug2026 01:45:39.874] [main/WARN] [dev.architectury.registry.registries.forge.RegistrarManagerImpl/]: Registry entry listened Registry Entry [minecraft:item / fossil:bucket_item_plesiosaurus] was not realized!
[11Aug2026 01:45:39.874] [main/WARN] [dev.architectury.registry.registries.forge.RegistrarManagerImpl/]: Registry entry listened Registry Entry [minecraft:item / fossil:bone_unique_diplodocus] was not realized!
[11Aug2026 01:45:39.874] [main/WARN] [dev.architectury.registry.registries.forge.RegistrarManagerImpl/]: Registry entry listened Registry Entry [minecraft:item / fossil:bone_unique_phorusrhacos] was not realized!
[11Aug2026 01:45:39.874] [main/WARN] [dev.architectury.registry.registries.forge.RegistrarManagerImpl/]: Registry entry listened Registry Entry [minecraft:item / fossil:diplocaulus_dna] was not realized!
[11Aug2026 01:45:39.874] [main/WARN] [dev.architectury.registry.registries.forge.RegistrarManagerImpl/]: Registry entry listened Registry Entry [minecraft:item / fossil:bone_arm_confuciusornis] was not realized!
[11Aug2026 01:45:39.874] [main/WARN] [dev.architectury.registry.registries.forge.RegistrarManagerImpl/]: Registry entry listened Registry Entry [minecraft:item / fossil:bone_leg_dimetrodon] was not realized!
[11Aug2026 01:45:39.875] [main/WARN] [dev.architectury.registry.registries.forge.RegistrarManagerImpl/]: Registry entry listened Registry Entry [minecraft:item / fossil:bone_ribcage_ichthyosaurus] was not realized!
[11Aug2026 01:45:39.875] [main/WARN] [dev.architectury.registry.registries.forge.RegistrarManagerImpl/]: Registry entry listened Registry Entry [minecraft:item / fossil:bone_vertebrae_gastornis] was not realized!
[11Aug2026 01:45:39.875] [main/WARN] [dev.architectury.registry.registries.forge.RegistrarManagerImpl/]: Registry entry listened Registry Entry [minecraft:item / fossil:egg_item_walliserops] was not realized!
[11Aug2026 01:45:39.875] [main/WARN] [dev.architectury.registry.registries.forge.RegistrarManagerImpl/]: Registry entry listened Registry Entry [minecraft:item / fossil:bone_arm_pachyrhinosaurus] was not realized!
[11Aug2026 01:45:39.875] [main/WARN] [dev.architectury.registry.registries.forge.RegistrarManagerImpl/]: Registry entry listened Registry Entry [minecraft:item / fossil:bone_leg_ankylosaurus] was not realized!
[11Aug2026 01:45:39.875] [main/WARN] [dev.architectury.registry.registries.forge.RegistrarManagerImpl/]: Registry entry listened Registry Entry [minecraft:item / fossil:parasaurolophus_dna] was not realized!
[11Aug2026 01:45:39.875] [main/WARN] [dev.architectury.registry.registries.forge.RegistrarManagerImpl/]: Registry entry listened Registry Entry [minecraft:item / fossil:egg_item_velociraptor] was not realized!
[11Aug2026 01:45:39.875] [main/WARN] [dev.architectury.registry.registries.forge.RegistrarManagerImpl/]: Registry entry listened Registry Entry [minecraft:item / fossil:spawn_egg_alligator_gar] was not realized!
[11Aug2026 01:45:39.875] [main/WARN] [dev.architectury.registry.registries.forge.RegistrarManagerImpl/]: Registry entry listened Registry Entry [minecraft:item / fossil:walliserops_dna] was not realized!
[11Aug2026 01:45:39.875] [main/WARN] [dev.architectury.registry.registries.forge.RegistrarManagerImpl/]: Registry entry listened Registry Entry [minecraft:item / fossil:cooked_walliserops] was not realized!
[11Aug2026 01:45:39.875] [main/WARN] [dev.architectury.registry.registries.forge.RegistrarManagerImpl/]: Registry entry listened Registry Entry [minecraft:item / fossil:cooked_therizinosaurus] was not realized!
[11Aug2026 01:45:39.875] [main/WARN] [dev.architectury.registry.registries.forge.RegistrarManagerImpl/]: Registry entry listened Registry Entry [minecraft:item / fossil:bone_ribcage_deinonychus] was not realized!
[11Aug2026 01:45:39.875] [main/WARN] [dev.architectury.registry.registries.forge.RegistrarManagerImpl/]: Registry entry listened Registry Entry [minecraft:item / fossil:bone_arm_crassigyrinus] was not realized!
[11Aug2026 01:45:39.875] [main/WARN] [dev.architectury.registry.registries.forge.RegistrarManagerImpl/]: Registry entry listened Registry Entry [minecraft:item / fossil:bone_vertebrae_dimorphodon] was not realized!
[11Aug2026 01:45:39.875] [main/WARN] [dev.architectury.registry.registries.forge.RegistrarManagerImpl/]: Registry entry listened Registry Entry [minecraft:item / fossil:gallimimus_dna] was not realized!
[11Aug2026 01:45:39.875] [main/WARN] [dev.architectury.registry.registries.forge.RegistrarManagerImpl/]: Registry entry listened Registry Entry [minecraft:item / fossil:spawn_egg_megaloceros] was not realized!
[11Aug2026 01:45:39.875] [main/WARN] [dev.architectury.registry.registries.forge.RegistrarManagerImpl/]: Registry entry listened Registry Entry [minecraft:item / fossil:egg_item_postosuchus] was not realized!
[11Aug2026 01:45:39.876] [main/WARN] [dev.architectury.registry.registries.forge.RegistrarManagerImpl/]: Registry entry listened Registry Entry [minecraft:item / fossil:cooked_protoceratops] was not realized!
[11Aug2026 01:45:39.876] [main/WARN] [dev.architectury.registry.registries.forge.RegistrarManagerImpl/]: Registry entry listened Registry Entry [minecraft:item / fossil:bone_leg_mammoth] was not realized!
[11Aug2026 01:45:39.876] [main/WARN] [dev.architectury.registry.registries.forge.RegistrarManagerImpl/]: Registry entry listened Registry Entry [minecraft:item / fossil:egg_item_tyrannosaurus] was not realized!
[11Aug2026 01:45:39.876] [main/WARN] [dev.architectury.registry.registries.forge.RegistrarManagerImpl/]: Registry entry listened Registry Entry [minecraft:item / fossil:bone_skull_kelenken] was not realized!
[11Aug2026 01:45:39.876] [main/WARN] [dev.architectury.registry.registries.forge.RegistrarManagerImpl/]: Registry entry listened Registry Entry [minecraft:item / fossil:dicranurus_dna] was not realized!
[11Aug2026 01:45:39.876] [main/WARN] [dev.architectury.registry.registries.forge.RegistrarManagerImpl/]: Registry entry listened Registry Entry [minecraft:item / fossil:syringe_goat] was not realized!
[11Aug2026 01:45:39.876] [main/WARN] [dev.architectury.registry.registries.forge.RegistrarManagerImpl/]: Registry entry listened Registry Entry [minecraft:item / fossil:megalania_dna] was not realized!
[11Aug2026 01:45:39.876] [main/WARN] [dev.architectury.registry.registries.forge.RegistrarManagerImpl/]: Registry entry listened Registry Entry [minecraft:item / fossil:spawn_egg_brachiosaurus] was not realized!
[11Aug2026 01:45:39.876] [main/WARN] [dev.architectury.registry.registries.forge.RegistrarManagerImpl/]: Registry entry listened Registry Entry [minecraft:item / fossil:meat_elasmotherium] was not realized!
[11Aug2026 01:45:39.876] [main/WARN] [dev.architectury.registry.registries.forge.RegistrarManagerImpl/]: Registry entry listened Registry Entry [minecraft:item / fossil:bone_skull_crassigyrinus] was not realized!
[11Aug2026 01:45:39.876] [main/WARN] [dev.architectury.registry.registries.forge.RegistrarManagerImpl/]: Registry entry listened Registry Entry [minecraft:item / fossil:megalograptus_dna] was not realized!
[11Aug2026 01:45:39.876] [main/WARN] [dev.architectury.registry.registries.forge.RegistrarManagerImpl/]: Registry entry listened Registry Entry [minecraft:item / fossil:bone_unique_pachyrhinosaurus] was not realized!
[11Aug2026 01:45:39.876] [main/WARN] [dev.architectury.registry.registries.forge.RegistrarManagerImpl/]: Registry entry listened Registry Entry [minecraft:item / fossil:bone_vertebrae_quetzalcoatlus] was not realized!
[11Aug2026 01:45:39.876] [main/WARN] [dev.architectury.registry.registries.forge.RegistrarManagerImpl/]: Registry entry listened Registry Entry [minecraft:item / fossil:meat_edaphosaurus] was not realized!
[11Aug2026 01:45:39.877] [main/WARN] [dev.architectury.registry.registries.forge.RegistrarManagerImpl/]: Registry entry listened Registry Entry [minecraft:item / fossil:bone_skull_allosaurus] was not realized!
[11Aug2026 01:45:39.877] [main/WARN] [dev.architectury.registry.registries.forge.RegistrarManagerImpl/]: Registry entry listened Registry Entry [minecraft:item / fossil:spawn_egg_pachycephalosaurus] was not realized!
[11Aug2026 01:45:39.877] [main/WARN] [dev.architectury.registry.registries.forge.RegistrarManagerImpl/]: Registry entry listened Registry Entry [minecraft:item / fossil:meat_scotoharpes] was not realized!
[11Aug2026 01:45:39.877] [main/WARN] [dev.architectury.registry.registries.forge.RegistrarManagerImpl/]: Registry entry listened Registry Entry [minecraft:item / fossil:meat_smilodon] was not realized!
[11Aug2026 01:45:39.877] [main/WARN] [dev.architectury.registry.registries.forge.RegistrarManagerImpl/]: Registry entry listened Registry Entry [minecraft:item / fossil:bone_unique_stegosaurus] was not realized!
[11Aug2026 01:45:39.877] [main/WARN] [dev.architectury.registry.registries.forge.RegistrarManagerImpl/]: Registry entry listened Registry Entry [minecraft:item / fossil:bone_unique_kelenken] was not realized!
[11Aug2026 01:45:39.878] [main/WARN] [dev.architectury.registry.registries.forge.RegistrarManagerImpl/]: Registry entry listened Registry Entry [minecraft:item / fossil:meat_compsognathus] was not realized!
[11Aug2026 01:45:39.878] [main/WARN] [dev.architectury.registry.registries.forge.RegistrarManagerImpl/]: Registry entry listened Registry Entry [minecraft:item / fossil:ankylosaurus_dna] was not realized!
[11Aug2026 01:45:39.878] [main/WARN] [dev.architectury.registry.registries.forge.RegistrarManagerImpl/]: Registry entry listened Registry Entry [minecraft:item / fossil:bone_unique_dryosaurus] was not realized!
[11Aug2026 01:45:39.878] [main/WARN] [dev.architectury.registry.registries.forge.RegistrarManagerImpl/]: Registry entry listened Registry Entry [minecraft:item / fossil:bone_foot_protoceratops] was not realized!
[11Aug2026 01:45:39.878] [main/WARN] [dev.architectury.registry.registries.forge.RegistrarManagerImpl/]: Registry entry listened Registry Entry [minecraft:item / fossil:bone_arm_megalania] was not realized!
[11Aug2026 01:45:39.878] [main/WARN] [dev.architectury.registry.registries.forge.RegistrarManagerImpl/]: Registry entry listened Registry Entry [minecraft:item / fossil:bone_leg_crassigyrinus] was not realized!
[11Aug2026 01:45:39.878] [main/WARN] [dev.architectury.registry.registries.forge.RegistrarManagerImpl/]: Registry entry listened Registry Entry [minecraft:item / fossil:syringe_elasmotherium] was not realized!
[11Aug2026 01:45:39.878] [main/WARN] [dev.architectury.registry.registries.forge.RegistrarManagerImpl/]: Registry entry listened Registry Entry [minecraft:item / fossil:bone_tail_allosaurus] was not realized!
[11Aug2026 01:45:39.878] [main/WARN] [dev.architectury.registry.registries.forge.RegistrarManagerImpl/]: Registry entry listened Registry Entry [minecraft:item / fossil:meat_dryosaurus] was not realized!
[11Aug2026 01:45:39.878] [main/WARN] [dev.architectury.registry.registries.forge.RegistrarManagerImpl/]: Registry entry listened Registry Entry [minecraft:item / fossil:bone_arm_therizinosaurus] was not realized!
[11Aug2026 01:45:39.878] [main/WARN] [dev.architectury.registry.registries.forge.RegistrarManagerImpl/]: Registry entry listened Registry Entry [minecraft:item / fossil:spawn_egg_liopleurodon] was not realized!
[11Aug2026 01:45:39.878] [main/WARN] [dev.architectury.registry.registries.forge.RegistrarManagerImpl/]: Registry entry listened Registry Entry [minecraft:item / fossil:cooked_mosasaurus] was not realized!
[11Aug2026 01:45:39.878] [main/WARN] [dev.architectury.registry.registries.forge.RegistrarManagerImpl/]: Registry entry listened Registry Entry [minecraft:item / fossil:spawn_egg_megalograptus] was not realized!
[11Aug2026 01:45:39.878] [main/WARN] [dev.architectury.registry.registries.forge.RegistrarManagerImpl/]: Registry entry listened Registry Entry [minecraft:item / fossil:bone_tail_dodo] was not realized!
[11Aug2026 01:45:39.878] [main/WARN] [dev.architectury.registry.registries.forge.RegistrarManagerImpl/]: Registry entry listened Registry Entry [minecraft:item / fossil:bone_skull_gallimimus] was not realized!
[11Aug2026 01:45:39.878] [main/WARN] [dev.architectury.registry.registries.forge.RegistrarManagerImpl/]: Registry entry listened Registry Entry [minecraft:item / fossil:egg_item_aquilolamna] was not realized!
[11Aug2026 01:45:39.878] [main/WARN] [dev.architectury.registry.registries.forge.RegistrarManagerImpl/]: Registry entry listened Registry Entry [minecraft:item / fossil:bone_tail_dryosaurus] was not realized!
[11Aug2026 01:45:39.878] [main/WARN] [dev.architectury.registry.registries.forge.RegistrarManagerImpl/]: Registry entry listened Registry Entry [minecraft:item / fossil:meat_gastornis] was not realized!
[11Aug2026 01:45:39.878] [main/WARN] [dev.architectury.registry.registries.forge.RegistrarManagerImpl/]: Registry entry listened Registry Entry [minecraft:item / fossil:bone_skull_phorusrhacos] was not realized!
[11Aug2026 01:45:39.878] [main/WARN] [dev.architectury.registry.registries.forge.RegistrarManagerImpl/]: Registry entry listened Registry Entry [minecraft:item / fossil:bone_skull_megaloceros] was not realized!
[11Aug2026 01:45:39.879] [main/WARN] [dev.architectury.registry.registries.forge.RegistrarManagerImpl/]: Registry entry listened Registry Entry [minecraft:item / fossil:bone_tail_spinosaurus] was not realized!
[11Aug2026 01:45:39.879] [main/WARN] [dev.architectury.registry.registries.forge.RegistrarManagerImpl/]: Registry entry listened Registry Entry [minecraft:item / fossil:spawn_egg_triceratops] was not realized!
[11Aug2026 01:45:39.879] [main/WARN] [dev.architectury.registry.registries.forge.RegistrarManagerImpl/]: Registry entry listened Registry Entry [minecraft:item / fossil:bone_foot_mosasaurus] was not realized!
[11Aug2026 01:45:39.879] [main/WARN] [dev.architectury.registry.registries.forge.RegistrarManagerImpl/]: Registry entry listened Registry Entry [minecraft:item / fossil:bone_leg_quetzalcoatlus] was not realized!
[11Aug2026 01:45:39.879] [main/WARN] [dev.architectury.registry.registries.forge.RegistrarManagerImpl/]: Registry entry listened Registry Entry [minecraft:item / fossil:syringe_wolf] was not realized!
[11Aug2026 01:45:39.879] [main/WARN] [dev.architectury.registry.registries.forge.RegistrarManagerImpl/]: Registry entry listened Registry Entry [minecraft:item / fossil:bone_unique_plesiosaurus] was not realized!
[11Aug2026 01:45:39.879] [main/WARN] [dev.architectury.registry.registries.forge.RegistrarManagerImpl/]: Registry entry listened Registry Entry [minecraft:item / fossil:syringe_ocelot] was not realized!
[11Aug2026 01:45:39.879] [main/WARN] [dev.architectury.registry.registries.forge.RegistrarManagerImpl/]: Registry entry listened Registry Entry [minecraft:item / fossil:cooked_postosuchus] was not realized!
[11Aug2026 01:45:39.879] [main/WARN] [dev.architectury.registry.registries.forge.RegistrarManagerImpl/]: Registry entry listened Registry Entry [minecraft:item / fossil:plesiosaurus_dna] was not realized!
[11Aug2026 01:45:39.879] [main/WARN] [dev.architectury.registry.registries.forge.RegistrarManagerImpl/]: Registry entry listened Registry Entry [minecraft:item / fossil:cooked_pachycephalosaurus] was not realized!
[11Aug2026 01:45:39.879] [main/WARN] [dev.architectury.registry.registries.forge.RegistrarManagerImpl/]: Registry entry listened Registry Entry [minecraft:item / fossil:syringe_donkey] was not realized!
[11Aug2026 01:45:39.879] [main/WARN] [dev.architectury.registry.registries.forge.RegistrarManagerImpl/]: Registry entry listened Registry Entry [minecraft:item / fossil:squid_dna] was not realized!
[11Aug2026 01:45:39.879] [main/WARN] [dev.architectury.registry.registries.forge.RegistrarManagerImpl/]: Registry entry listened Registry Entry [minecraft:item / fossil:bone_skull_quetzalcoatlus] was not realized!
[11Aug2026 01:45:39.879] [main/WARN] [dev.architectury.registry.registries.forge.RegistrarManagerImpl/]: Registry entry listened Registry Entry [minecraft:item / fossil:cat_dna] was not realized!
[11Aug2026 01:45:39.879] [main/WARN] [dev.architectury.registry.registries.forge.RegistrarManagerImpl/]: Registry entry listened Registry Entry [minecraft:item / fossil:bone_foot_pteranodon] was not realized!
[11Aug2026 01:45:39.879] [main/WARN] [dev.architectury.registry.registries.forge.RegistrarManagerImpl/]: Registry entry listened Registry Entry [minecraft:item / fossil:bone_foot_spinosaurus] was not realized!
[11Aug2026 01:45:39.879] [main/WARN] [dev.architectury.registry.registries.forge.RegistrarManagerImpl/]: Registry entry listened Registry Entry [minecraft:item / fossil:bone_unique_ornitholestes] was not realized!
[11Aug2026 01:45:39.879] [main/WARN] [dev.architectury.registry.registries.forge.RegistrarManagerImpl/]: Registry entry listened Registry Entry [minecraft:item / fossil:parrot_dna] was not realized!
[11Aug2026 01:45:39.880] [main/WARN] [dev.architectury.registry.registries.forge.RegistrarManagerImpl/]: Registry entry listened Registry Entry [minecraft:item / fossil:mosasaurus_dna] was not realized!
[11Aug2026 01:45:39.880] [main/WARN] [dev.architectury.registry.registries.forge.RegistrarManagerImpl/]: Registry entry listened Registry Entry [minecraft:item / fossil:bone_arm_platybelodon] was not realized!
[11Aug2026 01:45:39.880] [main/WARN] [dev.architectury.registry.registries.forge.RegistrarManagerImpl/]: Registry entry listened Registry Entry [minecraft:item / fossil:meat_ankylosaurus] was not realized!
[11Aug2026 01:45:39.880] [main/WARN] [dev.architectury.registry.registries.forge.RegistrarManagerImpl/]: Registry entry listened Registry Entry [minecraft:item / fossil:bone_unique_confuciusornis] was not realized!
[11Aug2026 01:45:39.880] [main/WARN] [dev.architectury.registry.registries.forge.RegistrarManagerImpl/]: Registry entry listened Registry Entry [minecraft:item / fossil:bone_skull_plesiosaurus] was not realized!
[11Aug2026 01:45:39.880] [main/WARN] [dev.architectury.registry.registries.forge.RegistrarManagerImpl/]: Registry entry listened Registry Entry [minecraft:item / fossil:bone_ribcage_ankylosaurus] was not realized!
[11Aug2026 01:45:39.880] [main/WARN] [dev.architectury.registry.registries.forge.RegistrarManagerImpl/]: Registry entry listened Registry Entry [minecraft:item / fossil:meat_allosaurus] was not realized!
[11Aug2026 01:45:39.880] [main/WARN] [dev.architectury.registry.registries.forge.RegistrarManagerImpl/]: Registry entry listened Registry Entry [minecraft:item / fossil:meat_stegosaurus] was not realized!
[11Aug2026 01:45:39.880] [main/WARN] [dev.architectury.registry.registries.forge.RegistrarManagerImpl/]: Registry entry listened Registry Entry [minecraft:item / fossil:bone_foot_therizinosaurus] was not realized!
[11Aug2026 01:45:39.880] [main/WARN] [dev.architectury.registry.registries.forge.RegistrarManagerImpl/]: Registry entry listened Registry Entry [minecraft:item / fossil:bone_leg_gallimimus] was not realized!
[11Aug2026 01:45:39.880] [main/WARN] [dev.architectury.registry.registries.forge.RegistrarManagerImpl/]: Registry entry listened Registry Entry [minecraft:item / fossil:cooked_pachyrhinosaurus] was not realized!
[11Aug2026 01:45:39.880] [main/WARN] [dev.architectury.registry.registries.forge.RegistrarManagerImpl/]: Registry entry listened Registry Entry [minecraft:item / fossil:meat_megalograptus] was not realized!
[11Aug2026 01:45:39.880] [main/WARN] [dev.architectury.registry.registries.forge.RegistrarManagerImpl/]: Registry entry listened Registry Entry [minecraft:item / fossil:bone_foot_confuciusornis] was not realized!
[11Aug2026 01:45:39.880] [main/WARN] [dev.architectury.registry.registries.forge.RegistrarManagerImpl/]: Registry entry listened Registry Entry [minecraft:item / fossil:cooked_ankylosaurus] was not realized!
[11Aug2026 01:45:39.880] [main/WARN] [dev.architectury.registry.registries.forge.RegistrarManagerImpl/]: Registry entry listened Registry Entry [minecraft:item / fossil:bone_ribcage_mosasaurus] was not realized!
[11Aug2026 01:45:39.880] [main/WARN] [dev.architectury.registry.registries.forge.RegistrarManagerImpl/]: Registry entry listened Registry Entry [minecraft:item / fossil:bone_tail_henodus] was not realized!
[11Aug2026 01:45:39.880] [main/WARN] [dev.architectury.registry.registries.forge.RegistrarManagerImpl/]: Registry entry listened Registry Entry [minecraft:item / fossil:bone_vertebrae_tyrannosaurus] was not realized!
[11Aug2026 01:45:39.881] [main/WARN] [dev.architectury.registry.registries.forge.RegistrarManagerImpl/]: Registry entry listened Registry Entry [minecraft:item / fossil:bone_arm_velociraptor] was not realized!
[11Aug2026 01:45:39.881] [main/WARN] [dev.architectury.registry.registries.forge.RegistrarManagerImpl/]: Registry entry listened Registry Entry [minecraft:item / fossil:bone_arm_smilodon] was not realized!
[11Aug2026 01:45:39.881] [main/WARN] [dev.architectury.registry.registries.forge.RegistrarManagerImpl/]: Registry entry listened Registry Entry [minecraft:item / fossil:bone_unique_ichthyosaurus] was not realized!
[11Aug2026 01:45:39.881] [main/WARN] [dev.architectury.registry.registries.forge.RegistrarManagerImpl/]: Registry entry listened Registry Entry [minecraft:item / fossil:bone_leg_parasaurolophus] was not realized!
[11Aug2026 01:45:39.881] [main/WARN] [dev.architectury.registry.registries.forge.RegistrarManagerImpl/]: Registry entry listened Registry Entry [minecraft:item / fossil:cooked_aquilolamna] was not realized!
[11Aug2026 01:45:39.881] [main/WARN] [dev.architectury.registry.registries.forge.RegistrarManagerImpl/]: Registry entry listened Registry Entry [minecraft:item / fossil:bone_vertebrae_psittacosaurus] was not realized!
[11Aug2026 01:45:39.881] [main/WARN] [dev.architectury.registry.registries.forge.RegistrarManagerImpl/]: Registry entry listened Registry Entry [minecraft:item / fossil:quetzalcoatlus_dna] was not realized!
[11Aug2026 01:45:39.881] [main/WARN] [dev.architectury.registry.registries.forge.RegistrarManagerImpl/]: Registry entry listened Registry Entry [minecraft:item / fossil:egg_item_scotoharpes] was not realized!
[11Aug2026 01:45:39.881] [main/WARN] [dev.architectury.registry.registries.forge.RegistrarManagerImpl/]: Registry entry listened Registry Entry [minecraft:item / fossil:bone_foot_megalania] was not realized!
[11Aug2026 01:45:39.881] [main/WARN] [dev.architectury.registry.registries.forge.RegistrarManagerImpl/]: Registry entry listened Registry Entry [minecraft:item / fossil:bone_arm_quagga] was not realized!
[11Aug2026 01:45:39.881] [main/WARN] [dev.architectury.registry.registries.forge.RegistrarManagerImpl/]: Registry entry listened Registry Entry [minecraft:item / fossil:fox_dna] was not realized!
[11Aug2026 01:45:39.881] [main/WARN] [dev.architectury.registry.registries.forge.RegistrarManagerImpl/]: Registry entry listened Registry Entry [minecraft:item / fossil:ocelot_dna] was not realized!
[11Aug2026 01:45:39.881] [main/WARN] [dev.architectury.registry.registries.forge.RegistrarManagerImpl/]: Registry entry listened Registry Entry [minecraft:item / fossil:compsognathus_dna] was not realized!
[11Aug2026 01:45:39.881] [main/WARN] [dev.architectury.registry.registries.forge.RegistrarManagerImpl/]: Registry entry listened Registry Entry [minecraft:item / fossil:bone_leg_kelenken] was not realized!
[11Aug2026 01:45:39.881] [main/WARN] [dev.architectury.registry.registries.forge.RegistrarManagerImpl/]: Registry entry listened Registry Entry [minecraft:item / fossil:cod_dna] was not realized!
[11Aug2026 01:45:39.881] [main/WARN] [dev.architectury.registry.registries.forge.RegistrarManagerImpl/]: Registry entry listened Registry Entry [minecraft:item / fossil:bone_vertebrae_protoceratops] was not realized!
[11Aug2026 01:45:39.881] [main/WARN] [dev.architectury.registry.registries.forge.RegistrarManagerImpl/]: Registry entry listened Registry Entry [minecraft:item / fossil:bone_tail_plesiosaurus] was not realized!
[11Aug2026 01:45:39.881] [main/WARN] [dev.architectury.registry.registries.forge.RegistrarManagerImpl/]: Registry entry listened Registry Entry [minecraft:item / fossil:dryosaurus_dna] was not realized!
[11Aug2026 01:45:39.881] [main/WARN] [dev.architectury.registry.registries.forge.RegistrarManagerImpl/]: Registry entry listened Registry Entry [minecraft:item / fossil:cooked_scotoharpes] was not realized!
[11Aug2026 01:45:39.882] [main/WARN] [dev.architectury.registry.registries.forge.RegistrarManagerImpl/]: Registry entry listened Registry Entry [minecraft:item / fossil:bone_tail_kelenken] was not realized!
[11Aug2026 01:45:39.882] [main/WARN] [dev.architectury.registry.registries.forge.RegistrarManagerImpl/]: Registry entry listened Registry Entry [minecraft:item / fossil:egg_item_axolotl] was not realized!
[11Aug2026 01:45:39.882] [main/WARN] [dev.architectury.registry.registries.forge.RegistrarManagerImpl/]: Registry entry listened Registry Entry [minecraft:item / fossil:meat_aquilolamna] was not realized!
[11Aug2026 01:45:39.882] [main/WARN] [dev.architectury.registry.registries.forge.RegistrarManagerImpl/]: Registry entry listened Registry Entry [minecraft:item / fossil:spawn_egg_ankylosaurus] was not realized!
[11Aug2026 01:45:39.882] [main/WARN] [dev.architectury.registry.registries.forge.RegistrarManagerImpl/]: Registry entry listened Registry Entry [minecraft:item / fossil:meat_dilophosaurus] was not realized!
[11Aug2026 01:45:39.882] [main/WARN] [dev.architectury.registry.registries.forge.RegistrarManagerImpl/]: Registry entry listened Registry Entry [minecraft:item / fossil:bone_arm_mammoth] was not realized!
[11Aug2026 01:45:39.882] [main/WARN] [dev.architectury.registry.registries.forge.RegistrarManagerImpl/]: Registry entry listened Registry Entry [minecraft:item / fossil:spawn_egg_pachyrhinosaurus] was not realized!
[11Aug2026 01:45:39.882] [main/WARN] [dev.architectury.registry.registries.forge.RegistrarManagerImpl/]: Registry entry listened Registry Entry [minecraft:item / fossil:bone_ribcage_titanis] was not realized!
[11Aug2026 01:45:39.882] [main/WARN] [dev.architectury.registry.registries.forge.RegistrarManagerImpl/]: Registry entry listened Registry Entry [minecraft:item / fossil:bone_leg_stegosaurus] was not realized!
[11Aug2026 01:45:39.882] [main/WARN] [dev.architectury.registry.registries.forge.RegistrarManagerImpl/]: Registry entry listened Registry Entry [minecraft:item / fossil:spawn_egg_smilodon] was not realized!
[11Aug2026 01:45:39.882] [main/WARN] [dev.architectury.registry.registries.forge.RegistrarManagerImpl/]: Registry entry listened Registry Entry [minecraft:item / fossil:bone_leg_edaphosaurus] was not realized!
[11Aug2026 01:45:39.882] [main/WARN] [dev.architectury.registry.registries.forge.RegistrarManagerImpl/]: Registry entry listened Registry Entry [minecraft:item / fossil:egg_item_pufferfish] was not realized!
[11Aug2026 01:45:39.882] [main/WARN] [dev.architectury.registry.registries.forge.RegistrarManagerImpl/]: Registry entry listened Registry Entry [minecraft:item / fossil:bone_tail_tiktaalik] was not realized!
[11Aug2026 01:45:39.882] [main/WARN] [dev.architectury.registry.registries.forge.RegistrarManagerImpl/]: Registry entry listened Registry Entry [minecraft:item / fossil:bone_unique_crassigyrinus] was not realized!
[11Aug2026 01:45:39.882] [main/WARN] [dev.architectury.registry.registries.forge.RegistrarManagerImpl/]: Registry entry listened Registry Entry [minecraft:item / fossil:bone_leg_psittacosaurus] was not realized!
[11Aug2026 01:45:39.882] [main/WARN] [dev.architectury.registry.registries.forge.RegistrarManagerImpl/]: Registry entry listened Registry Entry [minecraft:item / fossil:bone_ribcage_spinosaurus] was not realized!
[11Aug2026 01:45:39.882] [main/WARN] [dev.architectury.registry.registries.forge.RegistrarManagerImpl/]: Registry entry listened Registry Entry [minecraft:item / fossil:meat_protoceratops] was not realized!
[11Aug2026 01:45:39.882] [main/WARN] [dev.architectury.registry.registries.forge.RegistrarManagerImpl/]: Registry entry listened Registry Entry [minecraft:item / fossil:bone_arm_pachycephalosaurus] was not realized!
[11Aug2026 01:45:39.882] [main/WARN] [dev.architectury.registry.registries.forge.RegistrarManagerImpl/]: Registry entry listened Registry Entry [minecraft:item / fossil:bone_unique_mammoth] was not realized!
[11Aug2026 01:45:39.884] [main/WARN] [dev.architectury.registry.registries.forge.RegistrarManagerImpl/]: Registry entry listened Registry Entry [minecraft:item / fossil:meat_parasaurolophus] was not realized!
[11Aug2026 01:45:39.884] [main/WARN] [dev.architectury.registry.registries.forge.RegistrarManagerImpl/]: Registry entry listened Registry Entry [minecraft:item / fossil:syringe_hoglin] was not realized!
[11Aug2026 01:45:39.884] [main/WARN] [dev.architectury.registry.registries.forge.RegistrarManagerImpl/]: Registry entry listened Registry Entry [minecraft:item / fossil:bone_vertebrae_confuciusornis] was not realized!
[11Aug2026 01:45:39.884] [main/WARN] [dev.architectury.registry.registries.forge.RegistrarManagerImpl/]: Registry entry listened Registry Entry [minecraft:item / fossil:bone_foot_deinonychus] was not realized!
[11Aug2026 01:45:39.884] [main/WARN] [dev.architectury.registry.registries.forge.RegistrarManagerImpl/]: Registry entry listened Registry Entry [minecraft:item / fossil:bone_vertebrae_sarcosuchus] was not realized!
[11Aug2026 01:45:39.884] [main/WARN] [dev.architectury.registry.registries.forge.RegistrarManagerImpl/]: Registry entry listened Registry Entry [minecraft:item / fossil:bone_vertebrae_spinosaurus] was not realized!
[11Aug2026 01:45:39.884] [main/WARN] [dev.architectury.registry.registries.forge.RegistrarManagerImpl/]: Registry entry listened Registry Entry [minecraft:item / fossil:cooked_pteranodon] was not realized!
[11Aug2026 01:45:39.885] [main/WARN] [dev.architectury.registry.registries.forge.RegistrarManagerImpl/]: Registry entry listened Registry Entry [minecraft:item / fossil:bone_tail_ceratosaurus] was not realized!
[11Aug2026 01:45:39.885] [main/WARN] [dev.architectury.registry.registries.forge.RegistrarManagerImpl/]: Registry entry listened Registry Entry [minecraft:item / fossil:bone_leg_spinosaurus] was not realized!
[11Aug2026 01:45:39.885] [main/WARN] [dev.architectury.registry.registries.forge.RegistrarManagerImpl/]: Registry entry listened Registry Entry [minecraft:item / fossil:cooked_tyrannosaurus] was not realized!
[11Aug2026 01:45:39.885] [main/WARN] [dev.architectury.registry.registries.forge.RegistrarManagerImpl/]: Registry entry listened Registry Entry [minecraft:item / fossil:bone_vertebrae_smilodon] was not realized!
[11Aug2026 01:45:39.885] [main/WARN] [dev.architectury.registry.registries.forge.RegistrarManagerImpl/]: Registry entry listened Registry Entry [minecraft:item / fossil:bone_foot_phorusrhacos] was not realized!
[11Aug2026 01:45:39.885] [main/WARN] [dev.architectury.registry.registries.forge.RegistrarManagerImpl/]: Registry entry listened Registry Entry [minecraft:item / fossil:bone_tail_ichthyosaurus] was not realized!
[11Aug2026 01:45:39.885] [main/WARN] [dev.architectury.registry.registries.forge.RegistrarManagerImpl/]: Registry entry listened Registry Entry [minecraft:item / fossil:syringe_smilodon] was not realized!
[11Aug2026 01:45:39.885] [main/WARN] [dev.architectury.registry.registries.forge.RegistrarManagerImpl/]: Registry entry listened Registry Entry [minecraft:item / fossil:egg_item_henodus] was not realized!
[11Aug2026 01:45:39.885] [main/WARN] [dev.architectury.registry.registries.forge.RegistrarManagerImpl/]: Registry entry listened Registry Entry [minecraft:item / fossil:bone_foot_plesiosaurus] was not realized!
[11Aug2026 01:45:39.885] [main/WARN] [dev.architectury.registry.registries.forge.RegistrarManagerImpl/]: Registry entry listened Registry Entry [minecraft:item / fossil:meat_therizinosaurus] was not realized!
[11Aug2026 01:45:39.885] [main/WARN] [dev.architectury.registry.registries.forge.RegistrarManagerImpl/]: Registry entry listened Registry Entry [minecraft:item / fossil:bucket_item_lonchodomas] was not realized!
[11Aug2026 01:45:39.885] [main/WARN] [dev.architectury.registry.registries.forge.RegistrarManagerImpl/]: Registry entry listened Registry Entry [minecraft:item / fossil:crassigyrinus_dna] was not realized!
[11Aug2026 01:45:39.885] [main/WARN] [dev.architectury.registry.registries.forge.RegistrarManagerImpl/]: Registry entry listened Registry Entry [minecraft:item / fossil:spawn_egg_postosuchus] was not realized!
[11Aug2026 01:45:39.885] [main/WARN] [dev.architectury.registry.registries.forge.RegistrarManagerImpl/]: Registry entry listened Registry Entry [minecraft:item / fossil:bone_leg_gastornis] was not realized!
[11Aug2026 01:45:39.885] [main/WARN] [dev.architectury.registry.registries.forge.RegistrarManagerImpl/]: Registry entry listened Registry Entry [minecraft:item / fossil:bone_skull_dryosaurus] was not realized!
[11Aug2026 01:45:39.885] [main/WARN] [dev.architectury.registry.registries.forge.RegistrarManagerImpl/]: Registry entry listened Registry Entry [minecraft:item / fossil:bone_ribcage_pteranodon] was not realized!
[11Aug2026 01:45:39.885] [main/WARN] [dev.architectury.registry.registries.forge.RegistrarManagerImpl/]: Registry entry listened Registry Entry [minecraft:item / fossil:megalodon_dna] was not realized!
[11Aug2026 01:45:39.885] [main/WARN] [dev.architectury.registry.registries.forge.RegistrarManagerImpl/]: Registry entry listened Registry Entry [minecraft:item / fossil:meat_citipati] was not realized!
[11Aug2026 01:45:39.885] [main/WARN] [dev.architectury.registry.registries.forge.RegistrarManagerImpl/]: Registry entry listened Registry Entry [minecraft:item / fossil:bucket_item_henodus] was not realized!
[11Aug2026 01:45:39.886] [main/WARN] [dev.architectury.registry.registries.forge.RegistrarManagerImpl/]: Registry entry listened Registry Entry [minecraft:item / fossil:spawn_egg_sarcosuchus] was not realized!
[11Aug2026 01:45:39.886] [main/WARN] [dev.architectury.registry.registries.forge.RegistrarManagerImpl/]: Registry entry listened Registry Entry [minecraft:item / fossil:meat_ceratosaurus] was not realized!
[11Aug2026 01:45:39.886] [main/WARN] [dev.architectury.registry.registries.forge.RegistrarManagerImpl/]: Registry entry listened Registry Entry [minecraft:item / fossil:bone_ribcage_edaphosaurus] was not realized!
[11Aug2026 01:45:39.886] [main/WARN] [dev.architectury.registry.registries.forge.RegistrarManagerImpl/]: Registry entry listened Registry Entry [minecraft:item / fossil:meat_coelacanth] was not realized!
[11Aug2026 01:45:39.886] [main/WARN] [dev.architectury.registry.registries.forge.RegistrarManagerImpl/]: Registry entry listened Registry Entry [minecraft:item / fossil:pig_dna] was not realized!
[11Aug2026 01:45:39.886] [main/WARN] [dev.architectury.registry.registries.forge.RegistrarManagerImpl/]: Registry entry listened Registry Entry [minecraft:item / fossil:bone_unique_gastornis] was not realized!
[11Aug2026 01:45:39.886] [main/WARN] [dev.architectury.registry.registries.forge.RegistrarManagerImpl/]: Registry entry listened Registry Entry [minecraft:item / fossil:turtle_dna] was not realized!
[11Aug2026 01:45:39.886] [main/WARN] [dev.architectury.registry.registries.forge.RegistrarManagerImpl/]: Registry entry listened Registry Entry [minecraft:item / fossil:bone_arm_ornitholestes] was not realized!
[11Aug2026 01:45:39.886] [main/WARN] [dev.architectury.registry.registries.forge.RegistrarManagerImpl/]: Registry entry listened Registry Entry [minecraft:item / fossil:spawn_egg_diplodocus] was not realized!
[11Aug2026 01:45:39.886] [main/WARN] [dev.architectury.registry.registries.forge.RegistrarManagerImpl/]: Registry entry listened Registry Entry [minecraft:item / fossil:bone_tail_confuciusornis] was not realized!
[11Aug2026 01:45:39.886] [main/WARN] [dev.architectury.registry.registries.forge.RegistrarManagerImpl/]: Registry entry listened Registry Entry [minecraft:item / fossil:spawn_egg_ornitholestes] was not realized!
[11Aug2026 01:45:39.886] [main/WARN] [dev.architectury.registry.registries.forge.RegistrarManagerImpl/]: Registry entry listened Registry Entry [minecraft:item / fossil:cooked_ceratosaurus] was not realized!
[11Aug2026 01:45:39.886] [main/WARN] [dev.architectury.registry.registries.forge.RegistrarManagerImpl/]: Registry entry listened Registry Entry [minecraft:item / fossil:phorusrhacos_dna] was not realized!
[11Aug2026 01:45:39.886] [main/WARN] [dev.architectury.registry.registries.forge.RegistrarManagerImpl/]: Registry entry listened Registry Entry [minecraft:item / fossil:bone_leg_dodo] was not realized!
[11Aug2026 01:45:39.886] [main/WARN] [dev.architectury.registry.registries.forge.RegistrarManagerImpl/]: Registry entry listened Registry Entry [minecraft:item / fossil:bone_skull_ornitholestes] was not realized!
[11Aug2026 01:45:39.886] [main/WARN] [dev.architectury.registry.registries.forge.RegistrarManagerImpl/]: Registry entry listened Registry Entry [minecraft:item / fossil:wolf_dna] was not realized!
[11Aug2026 01:45:39.886] [main/WARN] [dev.architectury.registry.registries.forge.RegistrarManagerImpl/]: Registry entry listened Registry Entry [minecraft:item / fossil:spawn_egg_dilophosaurus] was not realized!
[11Aug2026 01:45:39.887] [main/WARN] [dev.architectury.registry.registries.forge.RegistrarManagerImpl/]: Registry entry listened Registry Entry [minecraft:item / fossil:bone_skull_psittacosaurus] was not realized!
[11Aug2026 01:45:39.888] [main/WARN] [dev.architectury.registry.registries.forge.RegistrarManagerImpl/]: Registry entry listened Registry Entry [minecraft:item / fossil:mooshroom_dna] was not realized!
[11Aug2026 01:45:39.888] [main/WARN] [dev.architectury.registry.registries.forge.RegistrarManagerImpl/]: Registry entry listened Registry Entry [minecraft:item / fossil:chicken_dna] was not realized!
[11Aug2026 01:45:39.888] [main/WARN] [dev.architectury.registry.registries.forge.RegistrarManagerImpl/]: Registry entry listened Registry Entry [minecraft:item / fossil:bone_unique_parasaurolophus] was not realized!
[11Aug2026 01:45:39.888] [main/WARN] [dev.architectury.registry.registries.forge.RegistrarManagerImpl/]: Registry entry listened Registry Entry [minecraft:item / fossil:bone_leg_deinonychus] was not realized!
[11Aug2026 01:45:39.888] [main/WARN] [dev.architectury.registry.registries.forge.RegistrarManagerImpl/]: Registry entry listened Registry Entry [minecraft:item / fossil:edaphosaurus_dna] was not realized!
[11Aug2026 01:45:39.888] [main/WARN] [dev.architectury.registry.registries.forge.RegistrarManagerImpl/]: Registry entry listened Registry Entry [minecraft:item / fossil:bone_skull_postosuchus] was not realized!
[11Aug2026 01:45:39.888] [main/WARN] [dev.architectury.registry.registries.forge.RegistrarManagerImpl/]: Registry entry listened Registry Entry [minecraft:item / fossil:meat_walliserops] was not realized!
[11Aug2026 01:45:39.888] [main/WARN] [dev.architectury.registry.registries.forge.RegistrarManagerImpl/]: Registry entry listened Registry Entry [minecraft:item / fossil:bone_vertebrae_henodus] was not realized!
[11Aug2026 01:45:39.888] [main/WARN] [dev.architectury.registry.registries.forge.RegistrarManagerImpl/]: Registry entry listened Registry Entry [minecraft:item / fossil:bone_tail_pachycephalosaurus] was not realized!
[11Aug2026 01:45:39.888] [main/WARN] [dev.architectury.registry.registries.forge.RegistrarManagerImpl/]: Registry entry listened Registry Entry [minecraft:item / fossil:bone_unique_edaphosaurus] was not realized!
[11Aug2026 01:45:39.888] [main/WARN] [dev.architectury.registry.registries.forge.RegistrarManagerImpl/]: Registry entry listened Registry Entry [minecraft:item / fossil:bone_tail_phorusrhacos] was not realized!
[11Aug2026 01:45:39.888] [main/WARN] [dev.architectury.registry.registries.forge.RegistrarManagerImpl/]: Registry entry listened Registry Entry [minecraft:item / fossil:syringe_cat] was not realized!
[11Aug2026 01:45:39.888] [main/WARN] [dev.architectury.registry.registries.forge.RegistrarManagerImpl/]: Registry entry listened Registry Entry [minecraft:item / fossil:bone_unique_therizinosaurus] was not realized!
[11Aug2026 01:45:39.888] [main/WARN] [dev.architectury.registry.registries.forge.RegistrarManagerImpl/]: Registry entry listened Registry Entry [minecraft:item / fossil:spawn_egg_elasmotherium] was not realized!
[11Aug2026 01:45:39.888] [main/WARN] [dev.architectury.registry.registries.forge.RegistrarManagerImpl/]: Registry entry listened Registry Entry [minecraft:item / fossil:bone_tail_gastornis] was not realized!
[11Aug2026 01:45:39.888] [main/WARN] [dev.architectury.registry.registries.forge.RegistrarManagerImpl/]: Registry entry listened Registry Entry [minecraft:item / fossil:bone_skull_henodus] was not realized!
[11Aug2026 01:45:39.888] [main/WARN] [dev.architectury.registry.registries.forge.RegistrarManagerImpl/]: Registry entry listened Registry Entry [minecraft:item / fossil:bone_tail_crassigyrinus] was not realized!
[11Aug2026 01:45:39.888] [main/WARN] [dev.architectury.registry.registries.forge.RegistrarManagerImpl/]: Registry entry listened Registry Entry [minecraft:item / fossil:spawn_egg_allosaurus] was not realized!
[11Aug2026 01:45:39.888] [main/WARN] [dev.architectury.registry.registries.forge.RegistrarManagerImpl/]: Registry entry listened Registry Entry [minecraft:item / fossil:spawn_egg_gastornis] was not realized!
[11Aug2026 01:45:39.888] [main/WARN] [dev.architectury.registry.registries.forge.RegistrarManagerImpl/]: Registry entry listened Registry Entry [minecraft:item / fossil:bone_foot_quagga] was not realized!
[11Aug2026 01:45:39.888] [main/WARN] [dev.architectury.registry.registries.forge.RegistrarManagerImpl/]: Registry entry listened Registry Entry [minecraft:item / fossil:egg_kelenken] was not realized!
[11Aug2026 01:45:39.888] [main/WARN] [dev.architectury.registry.registries.forge.RegistrarManagerImpl/]: Registry entry listened Registry Entry [minecraft:item / fossil:meat_titanis] was not realized!
[11Aug2026 01:45:39.889] [main/WARN] [dev.architectury.registry.registries.forge.RegistrarManagerImpl/]: Registry entry listened Registry Entry [minecraft:item / fossil:bone_vertebrae_dimetrodon] was not realized!
[11Aug2026 01:45:39.889] [main/WARN] [dev.architectury.registry.registries.forge.RegistrarManagerImpl/]: Registry entry listened Registry Entry [minecraft:item / fossil:cooked_henodus] was not realized!
[11Aug2026 01:45:39.889] [main/WARN] [dev.architectury.registry.registries.forge.RegistrarManagerImpl/]: Registry entry listened Registry Entry [minecraft:item / fossil:lonchodomas_dna] was not realized!
[11Aug2026 01:45:39.889] [main/WARN] [dev.architectury.registry.registries.forge.RegistrarManagerImpl/]: Registry entry listened Registry Entry [minecraft:item / fossil:bone_skull_stegosaurus] was not realized!
[11Aug2026 01:45:39.889] [main/WARN] [dev.architectury.registry.registries.forge.RegistrarManagerImpl/]: Registry entry listened Registry Entry [minecraft:item / fossil:spawn_egg_ichthyosaurus] was not realized!
[11Aug2026 01:45:39.889] [main/WARN] [dev.architectury.registry.registries.forge.RegistrarManagerImpl/]: Registry entry listened Registry Entry [minecraft:item / fossil:meat_liopleurodon] was not realized!
[11Aug2026 01:45:39.889] [main/WARN] [dev.architectury.registry.registries.forge.RegistrarManagerImpl/]: Registry entry listened Registry Entry [minecraft:item / fossil:bone_ribcage_brachiosaurus] was not realized!
[11Aug2026 01:45:39.889] [main/WARN] [dev.architectury.registry.registries.forge.RegistrarManagerImpl/]: Registry entry listened Registry Entry [minecraft:item / fossil:camel_dna] was not realized!
[11Aug2026 01:45:39.889] [main/WARN] [dev.architectury.registry.registries.forge.RegistrarManagerImpl/]: Registry entry listened Registry Entry [minecraft:item / fossil:bone_vertebrae_deinonychus] was not realized!
[11Aug2026 01:45:39.889] [main/WARN] [dev.architectury.registry.registries.forge.RegistrarManagerImpl/]: Registry entry listened Registry Entry [minecraft:item / fossil:bone_vertebrae_kelenken] was not realized!
[11Aug2026 01:45:39.889] [main/WARN] [dev.architectury.registry.registries.forge.RegistrarManagerImpl/]: Registry entry listened Registry Entry [minecraft:item / fossil:confuciusornis_dna] was not realized!
[11Aug2026 01:45:39.889] [main/WARN] [dev.architectury.registry.registries.forge.RegistrarManagerImpl/]: Registry entry listened Registry Entry [minecraft:item / fossil:bone_leg_dryosaurus] was not realized!
[11Aug2026 01:45:39.889] [main/WARN] [dev.architectury.registry.registries.forge.RegistrarManagerImpl/]: Registry entry listened Registry Entry [minecraft:item / fossil:meat_dodo] was not realized!
[11Aug2026 01:45:39.889] [main/WARN] [dev.architectury.registry.registries.forge.RegistrarManagerImpl/]: Registry entry listened Registry Entry [minecraft:item / fossil:egg_item_sarcosuchus] was not realized!
[11Aug2026 01:45:39.889] [main/WARN] [dev.architectury.registry.registries.forge.RegistrarManagerImpl/]: Registry entry listened Registry Entry [minecraft:item / fossil:bone_tail_stegosaurus] was not realized!
[11Aug2026 01:45:39.889] [main/WARN] [dev.architectury.registry.registries.forge.RegistrarManagerImpl/]: Registry entry listened Registry Entry [minecraft:item / fossil:rabbit_dna] was not realized!
[11Aug2026 01:45:39.889] [main/WARN] [dev.architectury.registry.registries.forge.RegistrarManagerImpl/]: Registry entry listened Registry Entry [minecraft:item / fossil:spawn_egg_dicranurus] was not realized!
[11Aug2026 01:45:39.889] [main/WARN] [dev.architectury.registry.registries.forge.RegistrarManagerImpl/]: Registry entry listened Registry Entry [minecraft:item / fossil:egg_item_glow_squid] was not realized!
[11Aug2026 01:45:39.889] [main/WARN] [dev.architectury.registry.registries.forge.RegistrarManagerImpl/]: Registry entry listened Registry Entry [minecraft:item / fossil:bone_tail_ankylosaurus] was not realized!
[11Aug2026 01:45:39.889] [main/WARN] [dev.architectury.registry.registries.forge.RegistrarManagerImpl/]: Registry entry listened Registry Entry [minecraft:item / fossil:meat_ornitholestes] was not realized!
[11Aug2026 01:45:39.890] [main/WARN] [dev.architectury.registry.registries.forge.RegistrarManagerImpl/]: Registry entry listened Registry Entry [minecraft:item / fossil:spawn_egg_titanis] was not realized!
[11Aug2026 01:45:39.890] [main/WARN] [dev.architectury.registry.registries.forge.RegistrarManagerImpl/]: Registry entry listened Registry Entry [minecraft:item / fossil:cooked_megalodon] was not realized!
[11Aug2026 01:45:39.890] [main/WARN] [dev.architectury.registry.registries.forge.RegistrarManagerImpl/]: Registry entry listened Registry Entry [minecraft:item / fossil:cooked_megalania] was not realized!
[11Aug2026 01:45:40.286] [main/WARN] [dev.architectury.registry.registries.forge.RegistrarManagerImpl/]: Registry entry listened Registry Entry [minecraft:item / fossil:bone_arm_spinosaurus] was not realized!
[11Aug2026 01:45:40.286] [main/WARN] [dev.architectury.registry.registries.forge.RegistrarManagerImpl/]: Registry entry listened Registry Entry [minecraft:item / fossil:bone_unique_henodus] was not realized!
[11Aug2026 01:45:40.286] [main/WARN] [dev.architectury.registry.registries.forge.RegistrarManagerImpl/]: Registry entry listened Registry Entry [minecraft:item / fossil:syringe_quagga] was not realized!
[11Aug2026 01:45:40.286] [main/WARN] [dev.architectury.registry.registries.forge.RegistrarManagerImpl/]: Registry entry listened Registry Entry [minecraft:item / fossil:bone_vertebrae_gallimimus] was not realized!
[11Aug2026 01:45:40.286] [main/WARN] [dev.architectury.registry.registries.forge.RegistrarManagerImpl/]: Registry entry listened Registry Entry [minecraft:item / fossil:bone_arm_liopleurodon] was not realized!
[11Aug2026 01:45:40.286] [main/WARN] [dev.architectury.registry.registries.forge.RegistrarManagerImpl/]: Registry entry listened Registry Entry [minecraft:item / fossil:bone_ribcage_stegosaurus] was not realized!
[11Aug2026 01:45:40.286] [main/WARN] [dev.architectury.registry.registries.forge.RegistrarManagerImpl/]: Registry entry listened Registry Entry [minecraft:item / fossil:bone_foot_pachycephalosaurus] was not realized!
[11Aug2026 01:45:40.286] [main/WARN] [dev.architectury.registry.registries.forge.RegistrarManagerImpl/]: Registry entry listened Registry Entry [minecraft:item / fossil:bone_tail_therizinosaurus] was not realized!
[11Aug2026 01:45:40.286] [main/WARN] [dev.architectury.registry.registries.forge.RegistrarManagerImpl/]: Registry entry listened Registry Entry [minecraft:item / fossil:bone_arm_parasaurolophus] was not realized!
[11Aug2026 01:45:40.286] [main/WARN] [dev.architectury.registry.registries.forge.RegistrarManagerImpl/]: Registry entry listened Registry Entry [minecraft:item / fossil:bone_ribcage_pachycephalosaurus] was not realized!
[11Aug2026 01:45:40.286] [main/WARN] [dev.architectury.registry.registries.forge.RegistrarManagerImpl/]: Registry entry listened Registry Entry [minecraft:item / fossil:arthropleura_dna] was not realized!
[11Aug2026 01:45:40.286] [main/WARN] [dev.architectury.registry.registries.forge.RegistrarManagerImpl/]: Registry entry listened Registry Entry [minecraft:item / fossil:bone_foot_triceratops] was not realized!
[11Aug2026 01:45:40.286] [main/WARN] [dev.architectury.registry.registries.forge.RegistrarManagerImpl/]: Registry entry listened Registry Entry [minecraft:item / fossil:bone_unique_psittacosaurus] was not realized!
[11Aug2026 01:45:40.287] [main/WARN] [dev.architectury.registry.registries.forge.RegistrarManagerImpl/]: Registry entry listened Registry Entry [minecraft:item / fossil:spawn_egg_velociraptor] was not realized!
[11Aug2026 01:45:40.287] [main/WARN] [dev.architectury.registry.registries.forge.RegistrarManagerImpl/]: Registry entry listened Registry Entry [minecraft:item / fossil:bone_leg_diplodocus] was not realized!
[11Aug2026 01:45:40.287] [main/WARN] [dev.architectury.registry.registries.forge.RegistrarManagerImpl/]: Registry entry listened Registry Entry [minecraft:item / fossil:bone_foot_stegosaurus] was not realized!
[11Aug2026 01:45:40.287] [main/WARN] [dev.architectury.registry.registries.forge.RegistrarManagerImpl/]: Registry entry listened Registry Entry [minecraft:item / fossil:bone_skull_ceratosaurus] was not realized!
[11Aug2026 01:45:40.287] [main/WARN] [dev.architectury.registry.registries.forge.RegistrarManagerImpl/]: Registry entry listened Registry Entry [minecraft:item / fossil:diplodocus_dna] was not realized!
[11Aug2026 01:45:40.287] [main/WARN] [dev.architectury.registry.registries.forge.RegistrarManagerImpl/]: Registry entry listened Registry Entry [minecraft:item / fossil:egg_item_crassigyrinus] was not realized!
[11Aug2026 01:45:40.287] [main/WARN] [dev.architectury.registry.registries.forge.RegistrarManagerImpl/]: Registry entry listened Registry Entry [minecraft:item / fossil:syringe_cow] was not realized!
[11Aug2026 01:45:40.287] [main/WARN] [dev.architectury.registry.registries.forge.RegistrarManagerImpl/]: Registry entry listened Registry Entry [minecraft:item / fossil:syringe_pig] was not realized!
[11Aug2026 01:45:40.287] [main/WARN] [dev.architectury.registry.registries.forge.RegistrarManagerImpl/]: Registry entry listened Registry Entry [minecraft:item / fossil:bone_arm_kelenken] was not realized!
[11Aug2026 01:45:40.287] [main/WARN] [dev.architectury.registry.registries.forge.RegistrarManagerImpl/]: Registry entry listened Registry Entry [minecraft:item / fossil:bone_vertebrae_parasaurolophus] was not realized!
[11Aug2026 01:45:40.287] [main/WARN] [dev.architectury.registry.registries.forge.RegistrarManagerImpl/]: Registry entry listened Registry Entry [minecraft:item / fossil:bone_leg_mosasaurus] was not realized!
[11Aug2026 01:45:40.287] [main/WARN] [dev.architectury.registry.registries.forge.RegistrarManagerImpl/]: Registry entry listened Registry Entry [minecraft:item / fossil:cow_dna] was not realized!
[11Aug2026 01:45:40.287] [main/WARN] [dev.architectury.registry.registries.forge.RegistrarManagerImpl/]: Registry entry listened Registry Entry [minecraft:item / fossil:bone_ribcage_dimorphodon] was not realized!
[11Aug2026 01:45:40.287] [main/WARN] [dev.architectury.registry.registries.forge.RegistrarManagerImpl/]: Registry entry listened Registry Entry [minecraft:item / fossil:cooked_sarcosuchus] was not realized!
[11Aug2026 01:45:40.287] [main/WARN] [dev.architectury.registry.registries.forge.RegistrarManagerImpl/]: Registry entry listened Registry Entry [minecraft:item / fossil:spawn_egg_meganeura] was not realized!
[11Aug2026 01:45:40.287] [main/WARN] [dev.architectury.registry.registries.forge.RegistrarManagerImpl/]: Registry entry listened Registry Entry [minecraft:item / fossil:bone_arm_dodo] was not realized!
[11Aug2026 01:45:40.287] [main/WARN] [dev.architectury.registry.registries.forge.RegistrarManagerImpl/]: Registry entry listened Registry Entry [minecraft:item / fossil:bone_ribcage_diplodocus] was not realized!
[11Aug2026 01:45:40.287] [main/WARN] [dev.architectury.registry.registries.forge.RegistrarManagerImpl/]: Registry entry listened Registry Entry [minecraft:item / fossil:meat_gallimimus] was not realized!
[11Aug2026 01:45:40.287] [main/WARN] [dev.architectury.registry.registries.forge.RegistrarManagerImpl/]: Registry entry listened Registry Entry [minecraft:item / fossil:bone_vertebrae_citipati] was not realized!
[11Aug2026 01:45:40.287] [main/WARN] [dev.architectury.registry.registries.forge.RegistrarManagerImpl/]: Registry entry listened Registry Entry [minecraft:item / fossil:bone_vertebrae_ceratosaurus] was not realized!
[11Aug2026 01:45:40.287] [main/WARN] [dev.architectury.registry.registries.forge.RegistrarManagerImpl/]: Registry entry listened Registry Entry [minecraft:item / fossil:bone_ribcage_liopleurodon] was not realized!
[11Aug2026 01:45:40.288] [main/WARN] [dev.architectury.registry.registries.forge.RegistrarManagerImpl/]: Registry entry listened Registry Entry [minecraft:item / fossil:bone_foot_dimorphodon] was not realized!
[11Aug2026 01:45:40.288] [main/WARN] [dev.architectury.registry.registries.forge.RegistrarManagerImpl/]: Registry entry listened Registry Entry [minecraft:item / fossil:bone_ribcage_therizinosaurus] was not realized!
[11Aug2026 01:45:40.288] [main/WARN] [dev.architectury.registry.registries.forge.RegistrarManagerImpl/]: Registry entry listened Registry Entry [minecraft:item / fossil:tiktaalik_dna] was not realized!
[11Aug2026 01:45:40.288] [main/WARN] [dev.architectury.registry.registries.forge.RegistrarManagerImpl/]: Registry entry listened Registry Entry [minecraft:item / fossil:spawn_egg_henodus] was not realized!
[11Aug2026 01:45:40.288] [main/WARN] [dev.architectury.registry.registries.forge.RegistrarManagerImpl/]: Registry entry listened Registry Entry [minecraft:item / fossil:gastornis_dna] was not realized!
[11Aug2026 01:45:40.288] [main/WARN] [dev.architectury.registry.registries.forge.RegistrarManagerImpl/]: Registry entry listened Registry Entry [minecraft:item / fossil:bone_vertebrae_allosaurus] was not realized!
[11Aug2026 01:45:40.288] [main/WARN] [dev.architectury.registry.registries.forge.RegistrarManagerImpl/]: Registry entry listened Registry Entry [minecraft:item / fossil:bone_skull_brachiosaurus] was not realized!
[11Aug2026 01:45:40.288] [main/WARN] [dev.architectury.registry.registries.forge.RegistrarManagerImpl/]: Registry entry listened Registry Entry [minecraft:item / fossil:bone_skull_dimetrodon] was not realized!
[11Aug2026 01:45:40.288] [main/WARN] [dev.architectury.registry.registries.forge.RegistrarManagerImpl/]: Registry entry listened Registry Entry [minecraft:item / fossil:egg_item_pteranodon] was not realized!
[11Aug2026 01:45:40.288] [main/WARN] [dev.architectury.registry.registries.forge.RegistrarManagerImpl/]: Registry entry listened Registry Entry [minecraft:item / fossil:meat_quagga] was not realized!
[11Aug2026 01:45:40.288] [main/WARN] [dev.architectury.registry.registries.forge.RegistrarManagerImpl/]: Registry entry listened Registry Entry [minecraft:item / fossil:meat_tyrannosaurus] was not realized!
[11Aug2026 01:45:40.288] [main/WARN] [dev.architectury.registry.registries.forge.RegistrarManagerImpl/]: Registry entry listened Registry Entry [minecraft:item / fossil:bone_unique_ankylosaurus] was not realized!
[11Aug2026 01:45:40.288] [main/WARN] [dev.architectury.registry.registries.forge.RegistrarManagerImpl/]: Registry entry listened Registry Entry [minecraft:item / fossil:spawn_egg_parasaurolophus] was not realized!
[11Aug2026 01:45:40.288] [main/WARN] [dev.architectury.registry.registries.forge.RegistrarManagerImpl/]: Registry entry listened Registry Entry [minecraft:item / fossil:spawn_egg_kelenken] was not realized!
[11Aug2026 01:45:40.288] [main/WARN] [dev.architectury.registry.registries.forge.RegistrarManagerImpl/]: Registry entry listened Registry Entry [minecraft:item / fossil:bucket_item_scotoharpes] was not realized!
[11Aug2026 01:45:40.288] [main/WARN] [dev.architectury.registry.registries.forge.RegistrarManagerImpl/]: Registry entry listened Registry Entry [minecraft:item / fossil:cooked_gastornis] was not realized!
[11Aug2026 01:45:40.288] [main/WARN] [dev.architectury.registry.registries.forge.RegistrarManagerImpl/]: Registry entry listened Registry Entry [minecraft:item / fossil:egg_item_diplodocus] was not realized!
[11Aug2026 01:45:40.288] [main/WARN] [dev.architectury.registry.registries.forge.RegistrarManagerImpl/]: Registry entry listened Registry Entry [minecraft:item / fossil:bone_vertebrae_tiktaalik] was not realized!
[11Aug2026 01:45:40.288] [main/WARN] [dev.architectury.registry.registries.forge.RegistrarManagerImpl/]: Registry entry listened Registry Entry [minecraft:item / fossil:egg_item_chicken] was not realized!
[11Aug2026 01:45:40.289] [main/WARN] [dev.architectury.registry.registries.forge.RegistrarManagerImpl/]: Registry entry listened Registry Entry [minecraft:item / fossil:postosuchus_dna] was not realized!
[11Aug2026 01:45:40.289] [main/WARN] [dev.architectury.registry.registries.forge.RegistrarManagerImpl/]: Registry entry listened Registry Entry [minecraft:item / fossil:bone_arm_pteranodon] was not realized!
[11Aug2026 01:45:40.289] [main/WARN] [dev.architectury.registry.registries.forge.RegistrarManagerImpl/]: Registry entry listened Registry Entry [minecraft:item / fossil:meat_sarcosuchus] was not realized!
[11Aug2026 01:45:40.289] [main/WARN] [dev.architectury.registry.registries.forge.RegistrarManagerImpl/]: Registry entry listened Registry Entry [minecraft:item / fossil:cooked_sturgeon] was not realized!
[11Aug2026 01:45:40.289] [main/WARN] [dev.architectury.registry.registries.forge.RegistrarManagerImpl/]: Registry entry listened Registry Entry [minecraft:item / fossil:bone_vertebrae_ichthyosaurus] was not realized!
[11Aug2026 01:45:40.289] [main/WARN] [dev.architectury.registry.registries.forge.RegistrarManagerImpl/]: Registry entry listened Registry Entry [minecraft:item / fossil:bone_leg_protoceratops] was not realized!
[11Aug2026 01:45:40.289] [main/WARN] [dev.architectury.registry.registries.forge.RegistrarManagerImpl/]: Registry entry listened Registry Entry [minecraft:item / fossil:aquilolamna_dna] was not realized!
[11Aug2026 01:45:40.289] [main/WARN] [dev.architectury.registry.registries.forge.RegistrarManagerImpl/]: Registry entry listened Registry Entry [minecraft:item / fossil:egg_item_coelacanth] was not realized!
[11Aug2026 01:45:40.289] [main/WARN] [dev.architectury.registry.registries.forge.RegistrarManagerImpl/]: Registry entry listened Registry Entry [minecraft:item / fossil:bone_tail_dimorphodon] was not realized!
[11Aug2026 01:45:40.289] [main/WARN] [dev.architectury.registry.registries.forge.RegistrarManagerImpl/]: Registry entry listened Registry Entry [minecraft:item / fossil:bone_ribcage_quagga] was not realized!
[11Aug2026 01:45:40.289] [main/WARN] [dev.architectury.registry.registries.forge.RegistrarManagerImpl/]: Registry entry listened Registry Entry [minecraft:item / fossil:sarcosuchus_dna] was not realized!
[11Aug2026 01:45:40.289] [main/WARN] [dev.architectury.registry.registries.forge.RegistrarManagerImpl/]: Registry entry listened Registry Entry [minecraft:item / fossil:bone_foot_dilophosaurus] was not realized!
[11Aug2026 01:45:40.289] [main/WARN] [dev.architectury.registry.registries.forge.RegistrarManagerImpl/]: Registry entry listened Registry Entry [minecraft:item / fossil:meat_brachiosaurus] was not realized!
[11Aug2026 01:45:40.289] [main/WARN] [dev.architectury.registry.registries.forge.RegistrarManagerImpl/]: Registry entry listened Registry Entry [minecraft:item / fossil:egg_item_parasaurolophus] was not realized!
[11Aug2026 01:45:40.289] [main/WARN] [dev.architectury.registry.registries.forge.RegistrarManagerImpl/]: Registry entry listened Registry Entry [minecraft:item / fossil:egg_item_dryosaurus] was not realized!
[11Aug2026 01:45:40.289] [main/WARN] [dev.architectury.registry.registries.forge.RegistrarManagerImpl/]: Registry entry listened Registry Entry [minecraft:item / fossil:bone_tail_ornitholestes] was not realized!
[11Aug2026 01:45:40.289] [main/WARN] [dev.architectury.registry.registries.forge.RegistrarManagerImpl/]: Registry entry listened Registry Entry [minecraft:item / fossil:spawn_egg_protoceratops] was not realized!
[11Aug2026 01:45:40.289] [main/WARN] [dev.architectury.registry.registries.forge.RegistrarManagerImpl/]: Registry entry listened Registry Entry [minecraft:item / fossil:egg_item_phorusrhacos] was not realized!
[11Aug2026 01:45:40.289] [main/WARN] [dev.architectury.registry.registries.forge.RegistrarManagerImpl/]: Registry entry listened Registry Entry [minecraft:item / fossil:egg_item_therizinosaurus] was not realized!
[11Aug2026 01:45:40.289] [main/WARN] [dev.architectury.registry.registries.forge.RegistrarManagerImpl/]: Registry entry listened Registry Entry [minecraft:item / fossil:bone_unique_postosuchus] was not realized!
[11Aug2026 01:45:40.289] [main/WARN] [dev.architectury.registry.registries.forge.RegistrarManagerImpl/]: Registry entry listened Registry Entry [minecraft:item / fossil:egg_item_plesiosaurus] was not realized!
[11Aug2026 01:45:40.289] [main/WARN] [dev.architectury.registry.registries.forge.RegistrarManagerImpl/]: Registry entry listened Registry Entry [minecraft:item / fossil:bone_foot_titanis] was not realized!
[11Aug2026 01:45:40.290] [main/WARN] [dev.architectury.registry.registries.forge.RegistrarManagerImpl/]: Registry entry listened Registry Entry [minecraft:item / fossil:bone_unique_elasmotherium] was not realized!
[11Aug2026 01:45:40.290] [main/WARN] [dev.architectury.registry.registries.forge.RegistrarManagerImpl/]: Registry entry listened Registry Entry [minecraft:item / fossil:bucket_item_aquilolamna] was not realized!
[11Aug2026 01:45:40.290] [main/WARN] [dev.architectury.registry.registries.forge.RegistrarManagerImpl/]: Registry entry listened Registry Entry [minecraft:item / fossil:bone_tail_edaphosaurus] was not realized!
[11Aug2026 01:45:40.290] [main/WARN] [dev.architectury.registry.registries.forge.RegistrarManagerImpl/]: Registry entry listened Registry Entry [minecraft:item / fossil:bone_vertebrae_pachyrhinosaurus] was not realized!
[11Aug2026 01:45:40.290] [main/WARN] [dev.architectury.registry.registries.forge.RegistrarManagerImpl/]: Registry entry listened Registry Entry [minecraft:item / fossil:bone_arm_citipati] was not realized!
[11Aug2026 01:45:40.290] [main/WARN] [dev.architectury.registry.registries.forge.RegistrarManagerImpl/]: Registry entry listened Registry Entry [minecraft:item / fossil:cooked_dilophosaurus] was not realized!
[11Aug2026 01:45:40.290] [main/WARN] [dev.architectury.registry.registries.forge.RegistrarManagerImpl/]: Registry entry listened Registry Entry [minecraft:item / fossil:bone_leg_liopleurodon] was not realized!
[11Aug2026 01:45:40.290] [main/WARN] [dev.architectury.registry.registries.forge.RegistrarManagerImpl/]: Registry entry listened Registry Entry [minecraft:item / fossil:bone_ribcage_parasaurolophus] was not realized!
[11Aug2026 01:45:40.290] [main/WARN] [dev.architectury.registry.registries.forge.RegistrarManagerImpl/]: Registry entry listened Registry Entry [minecraft:item / fossil:cooked_coelacanth] was not realized!
[11Aug2026 01:45:40.290] [main/WARN] [dev.architectury.registry.registries.forge.RegistrarManagerImpl/]: Registry entry listened Registry Entry [minecraft:item / fossil:bone_skull_diplodocus] was not realized!
[11Aug2026 01:45:40.290] [main/WARN] [dev.architectury.registry.registries.forge.RegistrarManagerImpl/]: Registry entry listened Registry Entry [minecraft:item / fossil:bone_vertebrae_dodo] was not realized!
[11Aug2026 01:45:40.290] [main/WARN] [dev.architectury.registry.registries.forge.RegistrarManagerImpl/]: Registry entry listened Registry Entry [minecraft:item / fossil:cooked_platybelodon] was not realized!
[11Aug2026 01:45:40.290] [main/WARN] [dev.architectury.registry.registries.forge.RegistrarManagerImpl/]: Registry entry listened Registry Entry [minecraft:item / fossil:dolphin_dna] was not realized!
[11Aug2026 01:45:40.290] [main/WARN] [dev.architectury.registry.registries.forge.RegistrarManagerImpl/]: Registry entry listened Registry Entry [minecraft:item / fossil:bucket_item_alligator_gar] was not realized!
[11Aug2026 01:45:40.290] [main/WARN] [dev.architectury.registry.registries.forge.RegistrarManagerImpl/]: Registry entry listened Registry Entry [minecraft:item / fossil:cooked_dryosaurus] was not realized!
[11Aug2026 01:45:40.290] [main/WARN] [dev.architectury.registry.registries.forge.RegistrarManagerImpl/]: Registry entry listened Registry Entry [minecraft:item / fossil:spawn_egg_therizinosaurus] was not realized!
[11Aug2026 01:45:40.290] [main/WARN] [dev.architectury.registry.registries.forge.RegistrarManagerImpl/]: Registry entry listened Registry Entry [minecraft:item / fossil:bat_dna] was not realized!
[11Aug2026 01:45:40.290] [main/WARN] [dev.architectury.registry.registries.forge.RegistrarManagerImpl/]: Registry entry listened Registry Entry [minecraft:item / fossil:egg_item_nautilus] was not realized!
[11Aug2026 01:45:40.290] [main/WARN] [dev.architectury.registry.registries.forge.RegistrarManagerImpl/]: Registry entry listened Registry Entry [minecraft:item / fossil:egg_item_dilophosaurus] was not realized!
[11Aug2026 01:45:40.290] [main/WARN] [dev.architectury.registry.registries.forge.RegistrarManagerImpl/]: Registry entry listened Registry Entry [minecraft:item / fossil:bone_arm_dimorphodon] was not realized!
[11Aug2026 01:45:40.291] [main/WARN] [dev.architectury.registry.registries.forge.RegistrarManagerImpl/]: Registry entry listened Registry Entry [minecraft:item / fossil:bone_arm_mosasaurus] was not realized!
[11Aug2026 01:45:40.291] [main/WARN] [dev.architectury.registry.registries.forge.RegistrarManagerImpl/]: Registry entry listened Registry Entry [minecraft:item / fossil:cooked_liopleurodon] was not realized!
[11Aug2026 01:45:40.291] [main/WARN] [dev.architectury.registry.registries.forge.RegistrarManagerImpl/]: Registry entry listened Registry Entry [minecraft:item / fossil:bone_tail_pachyrhinosaurus] was not realized!
[11Aug2026 01:45:40.291] [main/WARN] [dev.architectury.registry.registries.forge.RegistrarManagerImpl/]: Registry entry listened Registry Entry [minecraft:item / fossil:bone_ribcage_compsognathus] was not realized!
[11Aug2026 01:45:40.291] [main/WARN] [dev.architectury.registry.registries.forge.RegistrarManagerImpl/]: Registry entry listened Registry Entry [minecraft:item / fossil:pachycephalosaurus_dna] was not realized!
[11Aug2026 01:45:40.291] [main/WARN] [dev.architectury.registry.registries.forge.RegistrarManagerImpl/]: Registry entry listened Registry Entry [minecraft:item / fossil:megaloceros_dna] was not realized!
[11Aug2026 01:45:40.291] [main/WARN] [dev.architectury.registry.registries.forge.RegistrarManagerImpl/]: Registry entry listened Registry Entry [minecraft:item / fossil:bone_skull_pteranodon] was not realized!
[11Aug2026 01:45:40.291] [main/WARN] [dev.architectury.registry.registries.forge.RegistrarManagerImpl/]: Registry entry listened Registry Entry [minecraft:item / fossil:spawn_egg_lonchodomas] was not realized!
[11Aug2026 01:45:40.291] [main/WARN] [dev.architectury.registry.registries.forge.RegistrarManagerImpl/]: Registry entry listened Registry Entry [minecraft:item / fossil:egg_item_brachiosaurus] was not realized!
[11Aug2026 01:45:40.291] [main/WARN] [dev.architectury.registry.registries.forge.RegistrarManagerImpl/]: Registry entry listened Registry Entry [minecraft:item / fossil:cooked_psittacosaurus] was not realized!
[11Aug2026 01:45:40.291] [main/WARN] [dev.architectury.registry.registries.forge.RegistrarManagerImpl/]: Registry entry listened Registry Entry [minecraft:item / fossil:bone_leg_titanis] was not realized!
[11Aug2026 01:45:40.291] [main/WARN] [dev.architectury.registry.registries.forge.RegistrarManagerImpl/]: Registry entry listened Registry Entry [minecraft:item / fossil:bone_arm_dryosaurus] was not realized!
[11Aug2026 01:45:40.291] [main/WARN] [dev.architectury.registry.registries.forge.RegistrarManagerImpl/]: Registry entry listened Registry Entry [minecraft:item / fossil:egg_item_megalograptus] was not realized!
[11Aug2026 01:45:40.291] [main/WARN] [dev.architectury.registry.registries.forge.RegistrarManagerImpl/]: Registry entry listened Registry Entry [minecraft:item / fossil:bone_ribcage_ornitholestes] was not realized!
[11Aug2026 01:45:40.291] [main/WARN] [dev.architectury.registry.registries.forge.RegistrarManagerImpl/]: Registry entry listened Registry Entry [minecraft:item / fossil:bone_ribcage_crassigyrinus] was not realized!
[11Aug2026 01:45:40.291] [main/WARN] [dev.architectury.registry.registries.forge.RegistrarManagerImpl/]: Registry entry listened Registry Entry [minecraft:item / fossil:bone_foot_diplocaulus] was not realized!
[11Aug2026 01:45:40.291] [main/WARN] [dev.architectury.registry.registries.forge.RegistrarManagerImpl/]: Registry entry listened Registry Entry [minecraft:item / fossil:egg_item_mosasaurus] was not realized!
[11Aug2026 01:45:40.291] [main/WARN] [dev.architectury.registry.registries.forge.RegistrarManagerImpl/]: Registry entry listened Registry Entry [minecraft:item / fossil:bucket_item_ichthyosaurus] was not realized!
[11Aug2026 01:45:40.291] [main/WARN] [dev.architectury.registry.registries.forge.RegistrarManagerImpl/]: Registry entry listened Registry Entry [minecraft:item / fossil:bone_unique_triceratops] was not realized!
[11Aug2026 01:45:40.292] [main/WARN] [dev.architectury.registry.registries.forge.RegistrarManagerImpl/]: Registry entry listened Registry Entry [minecraft:item / fossil:meat_arthropleura] was not realized!
[11Aug2026 01:45:40.292] [main/WARN] [dev.architectury.registry.registries.forge.RegistrarManagerImpl/]: Registry entry listened Registry Entry [minecraft:item / fossil:bone_vertebrae_quagga] was not realized!
[11Aug2026 01:45:40.292] [main/WARN] [dev.architectury.registry.registries.forge.RegistrarManagerImpl/]: Registry entry listened Registry Entry [minecraft:item / fossil:meat_postosuchus] was not realized!
[11Aug2026 01:45:40.292] [main/WARN] [dev.architectury.registry.registries.forge.RegistrarManagerImpl/]: Registry entry listened Registry Entry [minecraft:item / fossil:bone_vertebrae_edaphosaurus] was not realized!
[11Aug2026 01:45:40.292] [main/WARN] [dev.architectury.registry.registries.forge.RegistrarManagerImpl/]: Registry entry listened Registry Entry [minecraft:item / fossil:bone_foot_edaphosaurus] was not realized!
[11Aug2026 01:45:40.292] [main/WARN] [dev.architectury.registry.registries.forge.RegistrarManagerImpl/]: Registry entry listened Registry Entry [minecraft:item / fossil:bone_vertebrae_phorusrhacos] was not realized!
[11Aug2026 01:45:40.292] [main/WARN] [dev.architectury.registry.registries.forge.RegistrarManagerImpl/]: Registry entry listened Registry Entry [minecraft:item / fossil:bone_vertebrae_plesiosaurus] was not realized!
[11Aug2026 01:45:40.292] [main/WARN] [dev.architectury.registry.registries.forge.RegistrarManagerImpl/]: Registry entry listened Registry Entry [minecraft:item / fossil:spawn_egg_confuciusornis] was not realized!
[11Aug2026 01:45:40.292] [main/WARN] [dev.architectury.registry.registries.forge.RegistrarManagerImpl/]: Registry entry listened Registry Entry [minecraft:item / fossil:cooked_nautilus] was not realized!
[11Aug2026 01:45:40.292] [main/WARN] [dev.architectury.registry.registries.forge.RegistrarManagerImpl/]: Registry entry listened Registry Entry [minecraft:item / fossil:bone_ribcage_mammoth] was not realized!
[11Aug2026 01:45:40.292] [main/WARN] [dev.architectury.registry.registries.forge.RegistrarManagerImpl/]: Registry entry listened Registry Entry [minecraft:item / fossil:velociraptor_dna] was not realized!
[11Aug2026 01:45:40.292] [main/WARN] [dev.architectury.registry.registries.forge.RegistrarManagerImpl/]: Registry entry listened Registry Entry [minecraft:item / fossil:bone_unique_gallimimus] was not realized!
[11Aug2026 01:45:40.292] [main/WARN] [dev.architectury.registry.registries.forge.RegistrarManagerImpl/]: Registry entry listened Registry Entry [minecraft:item / fossil:bucket_item_dicranurus] was not realized!
[11Aug2026 01:45:40.292] [main/WARN] [dev.architectury.registry.registries.forge.RegistrarManagerImpl/]: Registry entry listened Registry Entry [minecraft:item / fossil:bone_skull_pachycephalosaurus] was not realized!
[11Aug2026 01:45:40.292] [main/WARN] [dev.architectury.registry.registries.forge.RegistrarManagerImpl/]: Registry entry listened Registry Entry [minecraft:item / fossil:protoceratops_dna] was not realized!
[11Aug2026 01:45:40.292] [main/WARN] [dev.architectury.registry.registries.forge.RegistrarManagerImpl/]: Registry entry listened Registry Entry [minecraft:item / fossil:bone_tail_deinonychus] was not realized!
[11Aug2026 01:45:40.292] [main/WARN] [dev.architectury.registry.registries.forge.RegistrarManagerImpl/]: Registry entry listened Registry Entry [minecraft:item / fossil:salmon_dna] was not realized!
[11Aug2026 01:45:40.292] [main/WARN] [dev.architectury.registry.registries.forge.RegistrarManagerImpl/]: Registry entry listened Registry Entry [minecraft:item / fossil:meat_megalania] was not realized!
[11Aug2026 01:45:40.292] [main/WARN] [dev.architectury.registry.registries.forge.RegistrarManagerImpl/]: Registry entry listened Registry Entry [minecraft:item / fossil:egg_item_edaphosaurus] was not realized!
[11Aug2026 01:45:40.292] [main/WARN] [dev.architectury.registry.registries.forge.RegistrarManagerImpl/]: Registry entry listened Registry Entry [minecraft:item / fossil:spawn_egg_mammoth] was not realized!
[11Aug2026 01:45:40.292] [main/WARN] [dev.architectury.registry.registries.forge.RegistrarManagerImpl/]: Registry entry listened Registry Entry [minecraft:item / fossil:bone_foot_henodus] was not realized!
[11Aug2026 01:45:40.293] [main/WARN] [dev.architectury.registry.registries.forge.RegistrarManagerImpl/]: Registry entry listened Registry Entry [minecraft:item / fossil:bone_tail_protoceratops] was not realized!
[11Aug2026 01:45:40.293] [main/WARN] [dev.architectury.registry.registries.forge.RegistrarManagerImpl/]: Registry entry listened Registry Entry [minecraft:item / fossil:meat_velociraptor] was not realized!
[11Aug2026 01:45:40.293] [main/WARN] [dev.architectury.registry.registries.forge.RegistrarManagerImpl/]: Registry entry listened Registry Entry [minecraft:item / fossil:bone_tail_gallimimus] was not realized!
[11Aug2026 01:45:40.293] [main/WARN] [dev.architectury.registry.registries.forge.RegistrarManagerImpl/]: Registry entry listened Registry Entry [minecraft:item / fossil:bone_tail_titanis] was not realized!
[11Aug2026 01:45:40.293] [main/WARN] [dev.architectury.registry.registries.forge.RegistrarManagerImpl/]: Registry entry listened Registry Entry [minecraft:item / fossil:bone_skull_tyrannosaurus] was not realized!
[11Aug2026 01:45:40.293] [main/WARN] [dev.architectury.registry.registries.forge.RegistrarManagerImpl/]: Registry entry listened Registry Entry [minecraft:item / fossil:cooked_velociraptor] was not realized!
[11Aug2026 01:45:40.293] [main/WARN] [dev.architectury.registry.registries.forge.RegistrarManagerImpl/]: Registry entry listened Registry Entry [minecraft:item / fossil:sniffer_dna] was not realized!
[11Aug2026 01:45:40.293] [main/WARN] [dev.architectury.registry.registries.forge.RegistrarManagerImpl/]: Registry entry listened Registry Entry [minecraft:item / fossil:syringe_panda] was not realized!
[11Aug2026 01:45:40.293] [main/WARN] [dev.architectury.registry.registries.forge.RegistrarManagerImpl/]: Registry entry listened Registry Entry [minecraft:item / fossil:egg_item_confuciusornis] was not realized!
[11Aug2026 01:45:40.293] [main/WARN] [dev.architectury.registry.registries.forge.RegistrarManagerImpl/]: Registry entry listened Registry Entry [minecraft:item / fossil:bone_tail_quagga] was not realized!
[11Aug2026 01:45:40.293] [main/WARN] [dev.architectury.registry.registries.forge.RegistrarManagerImpl/]: Registry entry listened Registry Entry [minecraft:item / fossil:bone_unique_sarcosuchus] was not realized!
[11Aug2026 01:45:40.293] [main/WARN] [dev.architectury.registry.registries.forge.RegistrarManagerImpl/]: Registry entry listened Registry Entry [minecraft:item / fossil:bone_foot_megaloceros] was not realized!
[11Aug2026 01:45:40.293] [main/WARN] [dev.architectury.registry.registries.forge.RegistrarManagerImpl/]: Registry entry listened Registry Entry [minecraft:item / fossil:bone_leg_ichthyosaurus] was not realized!
[11Aug2026 01:45:40.293] [main/WARN] [dev.architectury.registry.registries.forge.RegistrarManagerImpl/]: Registry entry listened Registry Entry [minecraft:item / fossil:bone_foot_pachyrhinosaurus] was not realized!
[11Aug2026 01:45:40.293] [main/WARN] [dev.architectury.registry.registries.forge.RegistrarManagerImpl/]: Registry entry listened Registry Entry [minecraft:item / fossil:bone_ribcage_dodo] was not realized!
[11Aug2026 01:45:40.293] [main/WARN] [dev.architectury.registry.registries.forge.RegistrarManagerImpl/]: Registry entry listened Registry Entry [minecraft:item / fossil:bone_leg_henodus] was not realized!
[11Aug2026 01:45:40.293] [main/WARN] [dev.architectury.registry.registries.forge.RegistrarManagerImpl/]: Registry entry listened Registry Entry [minecraft:item / fossil:egg_item_meganeura] was not realized!
[11Aug2026 01:45:40.293] [main/WARN] [dev.architectury.registry.registries.forge.RegistrarManagerImpl/]: Registry entry listened Registry Entry [minecraft:item / fossil:bone_arm_ichthyosaurus] was not realized!
[11Aug2026 01:45:40.293] [main/WARN] [dev.architectury.registry.registries.forge.RegistrarManagerImpl/]: Registry entry listened Registry Entry [minecraft:item / fossil:bone_skull_edaphosaurus] was not realized!
[11Aug2026 01:45:40.293] [main/WARN] [dev.architectury.registry.registries.forge.RegistrarManagerImpl/]: Registry entry listened Registry Entry [minecraft:item / fossil:bone_ribcage_tiktaalik] was not realized!
[11Aug2026 01:45:40.293] [main/WARN] [dev.architectury.registry.registries.forge.RegistrarManagerImpl/]: Registry entry listened Registry Entry [minecraft:item / fossil:egg_titanis] was not realized!
[11Aug2026 01:45:40.293] [main/WARN] [dev.architectury.registry.registries.forge.RegistrarManagerImpl/]: Registry entry listened Registry Entry [minecraft:item / fossil:dilophosaurus_dna] was not realized!
[11Aug2026 01:45:40.293] [main/WARN] [dev.architectury.registry.registries.forge.RegistrarManagerImpl/]: Registry entry listened Registry Entry [minecraft:item / fossil:egg_item_sturgeon] was not realized!
[11Aug2026 01:45:40.294] [main/WARN] [dev.architectury.registry.registries.forge.RegistrarManagerImpl/]: Registry entry listened Registry Entry [minecraft:item / fossil:bone_unique_allosaurus] was not realized!
[11Aug2026 01:45:40.294] [main/WARN] [dev.architectury.registry.registries.forge.RegistrarManagerImpl/]: Registry entry listened Registry Entry [minecraft:item / fossil:egg_item_pachycephalosaurus] was not realized!
[11Aug2026 01:45:40.294] [main/WARN] [dev.architectury.registry.registries.forge.RegistrarManagerImpl/]: Registry entry listened Registry Entry [minecraft:item / fossil:ceratosaurus_dna] was not realized!
[11Aug2026 01:45:40.294] [main/WARN] [dev.architectury.registry.registries.forge.RegistrarManagerImpl/]: Registry entry listened Registry Entry [minecraft:item / fossil:bone_leg_pteranodon] was not realized!
[11Aug2026 01:45:40.294] [main/WARN] [dev.architectury.registry.registries.forge.RegistrarManagerImpl/]: Registry entry listened Registry Entry [minecraft:item / fossil:bone_ribcage_dimetrodon] was not realized!
[11Aug2026 01:45:40.294] [main/WARN] [dev.architectury.registry.registries.forge.RegistrarManagerImpl/]: Registry entry listened Registry Entry [minecraft:item / fossil:bone_arm_stegosaurus] was not realized!
[11Aug2026 01:45:40.294] [main/WARN] [dev.architectury.registry.registries.forge.RegistrarManagerImpl/]: Registry entry listened Registry Entry [minecraft:item / fossil:bone_arm_deinonychus] was not realized!
[11Aug2026 01:45:40.294] [main/WARN] [dev.architectury.registry.registries.forge.RegistrarManagerImpl/]: Registry entry listened Registry Entry [minecraft:item / fossil:bone_foot_mammoth] was not realized!
[11Aug2026 01:45:40.793] [main/WARN] [dev.architectury.registry.registries.forge.RegistrarManagerImpl/]: Registry entry listened Registry Entry [minecraft:entity_type / fossil:pachyrhinosaurus] was not realized!
[11Aug2026 01:45:40.793] [main/WARN] [dev.architectury.registry.registries.forge.RegistrarManagerImpl/]: Registry entry listened Registry Entry [minecraft:entity_type / fossil:ornitholestes] was not realized!
[11Aug2026 01:45:40.793] [main/WARN] [dev.architectury.registry.registries.forge.RegistrarManagerImpl/]: Registry entry listened Registry Entry [minecraft:entity_type / fossil:megalania] was not realized!
[11Aug2026 01:45:40.793] [main/WARN] [dev.architectury.registry.registries.forge.RegistrarManagerImpl/]: Registry entry listened Registry Entry [minecraft:entity_type / fossil:dimorphodon] was not realized!
[11Aug2026 01:45:40.793] [main/WARN] [dev.architectury.registry.registries.forge.RegistrarManagerImpl/]: Registry entry listened Registry Entry [minecraft:entity_type / fossil:triceratops] was not realized!
[11Aug2026 01:45:40.793] [main/WARN] [dev.architectury.registry.registries.forge.RegistrarManagerImpl/]: Registry entry listened Registry Entry [minecraft:entity_type / fossil:alligator_gar] was not realized!
[11Aug2026 01:45:40.794] [main/WARN] [dev.architectury.registry.registries.forge.RegistrarManagerImpl/]: Registry entry listened Registry Entry [minecraft:entity_type / fossil:citipati] was not realized!
[11Aug2026 01:45:40.794] [main/WARN] [dev.architectury.registry.registries.forge.RegistrarManagerImpl/]: Registry entry listened Registry Entry [minecraft:entity_type / fossil:megalodon] was not realized!
[11Aug2026 01:45:40.794] [main/WARN] [dev.architectury.registry.registries.forge.RegistrarManagerImpl/]: Registry entry listened Registry Entry [minecraft:entity_type / fossil:ceratosaurus] was not realized!
[11Aug2026 01:45:40.794] [main/WARN] [dev.architectury.registry.registries.forge.RegistrarManagerImpl/]: Registry entry listened Registry Entry [minecraft:entity_type / fossil:smilodon] was not realized!
[11Aug2026 01:45:40.794] [main/WARN] [dev.architectury.registry.registries.forge.RegistrarManagerImpl/]: Registry entry listened Registry Entry [minecraft:entity_type / fossil:edaphosaurus] was not realized!
[11Aug2026 01:45:40.794] [main/WARN] [dev.architectury.registry.registries.forge.RegistrarManagerImpl/]: Registry entry listened Registry Entry [minecraft:entity_type / fossil:phorusrhacos] was not realized!
[11Aug2026 01:45:40.794] [main/WARN] [dev.architectury.registry.registries.forge.RegistrarManagerImpl/]: Registry entry listened Registry Entry [minecraft:entity_type / fossil:brachiosaurus] was not realized!
[11Aug2026 01:45:40.794] [main/WARN] [dev.architectury.registry.registries.forge.RegistrarManagerImpl/]: Registry entry listened Registry Entry [minecraft:entity_type / fossil:megalograptus] was not realized!
[11Aug2026 01:45:40.794] [main/WARN] [dev.architectury.registry.registries.forge.RegistrarManagerImpl/]: Registry entry listened Registry Entry [minecraft:entity_type / fossil:sarcosuchus] was not realized!
[11Aug2026 01:45:40.794] [main/WARN] [dev.architectury.registry.registries.forge.RegistrarManagerImpl/]: Registry entry listened Registry Entry [minecraft:entity_type / fossil:henodus] was not realized!
[11Aug2026 01:45:40.794] [main/WARN] [dev.architectury.registry.registries.forge.RegistrarManagerImpl/]: Registry entry listened Registry Entry [minecraft:entity_type / fossil:ichthyosaurus] was not realized!
[11Aug2026 01:45:40.794] [main/WARN] [dev.architectury.registry.registries.forge.RegistrarManagerImpl/]: Registry entry listened Registry Entry [minecraft:entity_type / fossil:nautilus] was not realized!
[11Aug2026 01:45:40.794] [main/WARN] [dev.architectury.registry.registries.forge.RegistrarManagerImpl/]: Registry entry listened Registry Entry [minecraft:entity_type / fossil:quagga] was not realized!
[11Aug2026 01:45:40.794] [main/WARN] [dev.architectury.registry.registries.forge.RegistrarManagerImpl/]: Registry entry listened Registry Entry [minecraft:entity_type / fossil:dryosaurus] was not realized!
[11Aug2026 01:45:40.794] [main/WARN] [dev.architectury.registry.registries.forge.RegistrarManagerImpl/]: Registry entry listened Registry Entry [minecraft:entity_type / fossil:allosaurus] was not realized!
[11Aug2026 01:45:40.794] [main/WARN] [dev.architectury.registry.registries.forge.RegistrarManagerImpl/]: Registry entry listened Registry Entry [minecraft:entity_type / fossil:coelacanth] was not realized!
[11Aug2026 01:45:40.794] [main/WARN] [dev.architectury.registry.registries.forge.RegistrarManagerImpl/]: Registry entry listened Registry Entry [minecraft:entity_type / fossil:sturgeon] was not realized!
[11Aug2026 01:45:40.794] [main/WARN] [dev.architectury.registry.registries.forge.RegistrarManagerImpl/]: Registry entry listened Registry Entry [minecraft:entity_type / fossil:walliserops] was not realized!
[11Aug2026 01:45:40.794] [main/WARN] [dev.architectury.registry.registries.forge.RegistrarManagerImpl/]: Registry entry listened Registry Entry [minecraft:entity_type / fossil:arthropleura] was not realized!
[11Aug2026 01:45:40.794] [main/WARN] [dev.architectury.registry.registries.forge.RegistrarManagerImpl/]: Registry entry listened Registry Entry [minecraft:entity_type / fossil:spinosaurus] was not realized!
[11Aug2026 01:45:40.794] [main/WARN] [dev.architectury.registry.registries.forge.RegistrarManagerImpl/]: Registry entry listened Registry Entry [minecraft:entity_type / fossil:plesiosaurus] was not realized!
[11Aug2026 01:45:40.794] [main/WARN] [dev.architectury.registry.registries.forge.RegistrarManagerImpl/]: Registry entry listened Registry Entry [minecraft:entity_type / fossil:deinonychus] was not realized!
[11Aug2026 01:45:40.794] [main/WARN] [dev.architectury.registry.registries.forge.RegistrarManagerImpl/]: Registry entry listened Registry Entry [minecraft:entity_type / fossil:tiktaalik] was not realized!
[11Aug2026 01:45:40.795] [main/WARN] [dev.architectury.registry.registries.forge.RegistrarManagerImpl/]: Registry entry listened Registry Entry [minecraft:entity_type / fossil:aquilolamna] was not realized!
[11Aug2026 01:45:40.795] [main/WARN] [dev.architectury.registry.registries.forge.RegistrarManagerImpl/]: Registry entry listened Registry Entry [minecraft:entity_type / fossil:mosasaurus] was not realized!
[11Aug2026 01:45:40.795] [main/WARN] [dev.architectury.registry.registries.forge.RegistrarManagerImpl/]: Registry entry listened Registry Entry [minecraft:entity_type / fossil:tar_slime] was not realized!
[11Aug2026 01:45:40.795] [main/WARN] [dev.architectury.registry.registries.forge.RegistrarManagerImpl/]: Registry entry listened Registry Entry [minecraft:entity_type / fossil:dilophosaurus] was not realized!
[11Aug2026 01:45:40.795] [main/WARN] [dev.architectury.registry.registries.forge.RegistrarManagerImpl/]: Registry entry listened Registry Entry [minecraft:entity_type / fossil:diplocaulus] was not realized!
[11Aug2026 01:45:40.795] [main/WARN] [dev.architectury.registry.registries.forge.RegistrarManagerImpl/]: Registry entry listened Registry Entry [minecraft:entity_type / fossil:gallimimus] was not realized!
[11Aug2026 01:45:40.795] [main/WARN] [dev.architectury.registry.registries.forge.RegistrarManagerImpl/]: Registry entry listened Registry Entry [minecraft:entity_type / fossil:megaloceros] was not realized!
[11Aug2026 01:45:40.795] [main/WARN] [dev.architectury.registry.registries.forge.RegistrarManagerImpl/]: Registry entry listened Registry Entry [minecraft:entity_type / fossil:quetzalcoatlus] was not realized!
[11Aug2026 01:45:40.795] [main/WARN] [dev.architectury.registry.registries.forge.RegistrarManagerImpl/]: Registry entry listened Registry Entry [minecraft:entity_type / fossil:pachycephalosaurus] was not realized!
[11Aug2026 01:45:40.795] [main/WARN] [dev.architectury.registry.registries.forge.RegistrarManagerImpl/]: Registry entry listened Registry Entry [minecraft:entity_type / fossil:dimetrodon] was not realized!
[11Aug2026 01:45:40.795] [main/WARN] [dev.architectury.registry.registries.forge.RegistrarManagerImpl/]: Registry entry listened Registry Entry [minecraft:entity_type / fossil:dodo] was not realized!
[11Aug2026 01:45:40.795] [main/WARN] [dev.architectury.registry.registries.forge.RegistrarManagerImpl/]: Registry entry listened Registry Entry [minecraft:entity_type / fossil:stegosaurus] was not realized!
[11Aug2026 01:45:40.795] [main/WARN] [dev.architectury.registry.registries.forge.RegistrarManagerImpl/]: Registry entry listened Registry Entry [minecraft:entity_type / fossil:tyrannosaurus] was not realized!
[11Aug2026 01:45:40.795] [main/WARN] [dev.architectury.registry.registries.forge.RegistrarManagerImpl/]: Registry entry listened Registry Entry [minecraft:entity_type / fossil:velociraptor] was not realized!
[11Aug2026 01:45:40.795] [main/WARN] [dev.architectury.registry.registries.forge.RegistrarManagerImpl/]: Registry entry listened Registry Entry [minecraft:entity_type / fossil:protoceratops] was not realized!
[11Aug2026 01:45:40.795] [main/WARN] [dev.architectury.registry.registries.forge.RegistrarManagerImpl/]: Registry entry listened Registry Entry [minecraft:entity_type / fossil:meganeura] was not realized!
[11Aug2026 01:45:40.795] [main/WARN] [dev.architectury.registry.registries.forge.RegistrarManagerImpl/]: Registry entry listened Registry Entry [minecraft:entity_type / fossil:scotoharpes] was not realized!
[11Aug2026 01:45:40.795] [main/WARN] [dev.architectury.registry.registries.forge.RegistrarManagerImpl/]: Registry entry listened Registry Entry [minecraft:entity_type / fossil:sentry_piglin] was not realized!
[11Aug2026 01:45:40.795] [main/WARN] [dev.architectury.registry.registries.forge.RegistrarManagerImpl/]: Registry entry listened Registry Entry [minecraft:entity_type / fossil:gastornis] was not realized!
[11Aug2026 01:45:40.795] [main/WARN] [dev.architectury.registry.registries.forge.RegistrarManagerImpl/]: Registry entry listened Registry Entry [minecraft:entity_type / fossil:failuresaurus] was not realized!
[11Aug2026 01:45:40.795] [main/WARN] [dev.architectury.registry.registries.forge.RegistrarManagerImpl/]: Registry entry listened Registry Entry [minecraft:entity_type / fossil:platybelodon] was not realized!
[11Aug2026 01:45:40.795] [main/WARN] [dev.architectury.registry.registries.forge.RegistrarManagerImpl/]: Registry entry listened Registry Entry [minecraft:entity_type / fossil:psittacosaurus] was not realized!
[11Aug2026 01:45:40.796] [main/WARN] [dev.architectury.registry.registries.forge.RegistrarManagerImpl/]: Registry entry listened Registry Entry [minecraft:entity_type / fossil:titanis] was not realized!
[11Aug2026 01:45:40.796] [main/WARN] [dev.architectury.registry.registries.forge.RegistrarManagerImpl/]: Registry entry listened Registry Entry [minecraft:entity_type / fossil:mammoth] was not realized!
[11Aug2026 01:45:40.796] [main/WARN] [dev.architectury.registry.registries.forge.RegistrarManagerImpl/]: Registry entry listened Registry Entry [minecraft:entity_type / fossil:liopleurodon] was not realized!
[11Aug2026 01:45:40.796] [main/WARN] [dev.architectury.registry.registries.forge.RegistrarManagerImpl/]: Registry entry listened Registry Entry [minecraft:entity_type / fossil:kelenken] was not realized!
[11Aug2026 01:45:40.796] [main/WARN] [dev.architectury.registry.registries.forge.RegistrarManagerImpl/]: Registry entry listened Registry Entry [minecraft:entity_type / fossil:crassigyrinus] was not realized!
[11Aug2026 01:45:40.796] [main/WARN] [dev.architectury.registry.registries.forge.RegistrarManagerImpl/]: Registry entry listened Registry Entry [minecraft:entity_type / fossil:postosuchus] was not realized!
[11Aug2026 01:45:40.796] [main/WARN] [dev.architectury.registry.registries.forge.RegistrarManagerImpl/]: Registry entry listened Registry Entry [minecraft:entity_type / fossil:pteranodon] was not realized!
[11Aug2026 01:45:40.796] [main/WARN] [dev.architectury.registry.registries.forge.RegistrarManagerImpl/]: Registry entry listened Registry Entry [minecraft:entity_type / fossil:lonchodomas] was not realized!
[11Aug2026 01:45:40.796] [main/WARN] [dev.architectury.registry.registries.forge.RegistrarManagerImpl/]: Registry entry listened Registry Entry [minecraft:entity_type / fossil:parasaurolophus] was not realized!
[11Aug2026 01:45:40.796] [main/WARN] [dev.architectury.registry.registries.forge.RegistrarManagerImpl/]: Registry entry listened Registry Entry [minecraft:entity_type / fossil:compsognathus] was not realized!
[11Aug2026 01:45:40.796] [main/WARN] [dev.architectury.registry.registries.forge.RegistrarManagerImpl/]: Registry entry listened Registry Entry [minecraft:entity_type / fossil:diplodocus] was not realized!
[11Aug2026 01:45:40.796] [main/WARN] [dev.architectury.registry.registries.forge.RegistrarManagerImpl/]: Registry entry listened Registry Entry [minecraft:entity_type / fossil:dicranurus] was not realized!
[11Aug2026 01:45:40.796] [main/WARN] [dev.architectury.registry.registries.forge.RegistrarManagerImpl/]: Registry entry listened Registry Entry [minecraft:entity_type / fossil:anu_boss] was not realized!
[11Aug2026 01:45:40.796] [main/WARN] [dev.architectury.registry.registries.forge.RegistrarManagerImpl/]: Registry entry listened Registry Entry [minecraft:entity_type / fossil:therizinosaurus] was not realized!
[11Aug2026 01:45:40.796] [main/WARN] [dev.architectury.registry.registries.forge.RegistrarManagerImpl/]: Registry entry listened Registry Entry [minecraft:entity_type / fossil:ankylosaurus] was not realized!
[11Aug2026 01:45:40.796] [main/WARN] [dev.architectury.registry.registries.forge.RegistrarManagerImpl/]: Registry entry listened Registry Entry [minecraft:entity_type / fossil:confuciusornis] was not realized!
[11Aug2026 01:45:40.796] [main/WARN] [dev.architectury.registry.registries.forge.RegistrarManagerImpl/]: Registry entry listened Registry Entry [minecraft:entity_type / fossil:elasmotherium] was not realized!
[11Aug2026 01:45:41.289] [modloading-worker-0/INFO] [voicechat/]: [voicechat] Compatibility version 20
[11Aug2026 01:45:41.327] [modloading-worker-0/INFO] [com.Akeltroll.dragonsofberk.DragonsofBerk/]: Starting common setup...
[11Aug2026 01:45:41.330] [modloading-worker-0/INFO] [com.Akeltroll.dragonsofberk.DragonsofBerk/]: Common setup complete.
[11Aug2026 01:45:41.397] [modloading-worker-0/INFO] [voicechat/]: [voicechat] Loading plugins
[11Aug2026 01:45:41.410] [modloading-worker-0/INFO] [voicechat/]: [voicechat] Loaded 0 plugin(s)
[11Aug2026 01:45:41.410] [modloading-worker-0/INFO] [voicechat/]: [voicechat] Initializing plugins
[11Aug2026 01:45:41.410] [modloading-worker-0/INFO] [voicechat/]: [voicechat] Initialized 0 plugin(s)
[11Aug2026 01:45:41.638] [Forge Version Check/INFO] [net.minecraftforge.fml.VersionChecker/]: [voicechat] Starting version check at https://update.maxhenkel.de/forge/voicechat
[11Aug2026 01:45:41.808] [main/INFO] [com.tiviacz.travelersbackpack.TravelersBackpack/]: Registered the FluidEffect with Unique ID of minecraft:water for Water (Fluid Amount Required: 1000) with the ID 0
[11Aug2026 01:45:41.808] [main/INFO] [com.tiviacz.travelersbackpack.TravelersBackpack/]: Registered the FluidEffect with Unique ID of minecraft:lava for Lava (Fluid Amount Required: 1000) with the ID 1
[11Aug2026 01:45:41.808] [main/INFO] [com.tiviacz.travelersbackpack.TravelersBackpack/]: Registered the FluidEffect with Unique ID of travelersbackpack:potion for Uncraftable Potion (Fluid Amount Required: 250) with the ID 2
[11Aug2026 01:45:41.809] [main/INFO] [com.tiviacz.travelersbackpack.TravelersBackpack/]: Registered the FluidEffect with Unique ID of minecraft:milk for Milk (Fluid Amount Required: 1000) with the ID 3
[11Aug2026 01:45:41.823] [main/INFO] [terrablender/]: Registered region minecraft:overworld to index 0 for type OVERWORLD
[11Aug2026 01:45:41.823] [main/INFO] [terrablender/]: Registered region minecraft:nether to index 0 for type NETHER
[11Aug2026 01:45:41.823] [main/INFO] [terrablender/]: Registered region fossil:overworld to index 1 for type OVERWORLD
[11Aug2026 01:45:41.905] [main/INFO] [citadel/]: adding citadel surface rules via terrablender...
[11Aug2026 01:45:41.907] [main/INFO] [citadel/]: Added 0 vanilla biome surface rule types via terrablender
[11Aug2026 01:45:41.907] [main/INFO] [citadel/]: Added 0 modded biome surface rule types via terrablender
[11Aug2026 01:45:42.225] [Forge Version Check/INFO] [net.minecraftforge.fml.VersionChecker/]: [voicechat] Found status: OUTDATED Current: 1.20.1-2.6.11 Target: 1.20.1-2.6.22
[11Aug2026 01:45:42.228] [Forge Version Check/INFO] [net.minecraftforge.fml.VersionChecker/]: [copycats] Starting version check at https://raw.githubusercontent.com/copycats-plus/copycats/multiloader/update.json
[11Aug2026 01:45:42.272] [Forge Version Check/INFO] [net.minecraftforge.fml.VersionChecker/]: [copycats] Found status: AHEAD Current: 3.0.4+mc.1.20.1-forge Target: null
[11Aug2026 01:45:42.272] [Forge Version Check/INFO] [net.minecraftforge.fml.VersionChecker/]: [puzzleslib] Starting version check at https://raw.githubusercontent.com/Fuzss/modresources/main/update/puzzleslib.json
[11Aug2026 01:45:42.283] [Forge Version Check/INFO] [net.minecraftforge.fml.VersionChecker/]: [puzzleslib] Found status: UP_TO_DATE Current: 8.1.33 Target: null
[11Aug2026 01:45:42.284] [Forge Version Check/INFO] [net.minecraftforge.fml.VersionChecker/]: [puzzlesaccessapi] Starting version check at https://raw.githubusercontent.com/Fuzss/modresources/main/update/puzzlesaccessapi.json
[11Aug2026 01:45:42.295] [Forge Version Check/INFO] [net.minecraftforge.fml.VersionChecker/]: [puzzlesaccessapi] Found status: BETA Current: 20.1.1 Target: null
[11Aug2026 01:45:42.296] [Forge Version Check/INFO] [net.minecraftforge.fml.VersionChecker/]: [forge] Starting version check at https://files.minecraftforge.net/net/minecraftforge/forge/promotions_slim.json
[11Aug2026 01:45:42.511] [Forge Version Check/INFO] [net.minecraftforge.fml.VersionChecker/]: [forge] Found status: UP_TO_DATE Current: 47.4.10 Target: null
[11Aug2026 01:45:48.781] [main/INFO] [com.mojang.authlib.yggdrasil.YggdrasilAuthenticationService/]: Environment: authHost='https://authserver.mojang.com', accountsHost='https://api.mojang.com', sessionHost='https://sessionserver.mojang.com', servicesHost='https://api.minecraftservices.com', name='PROD'
[11Aug2026 01:45:53.216] [main/WARN] [net.minecraft.server.packs.VanillaPackResourcesBuilder/]: Assets URL 'union:/workspaces/ser/servidor_minecraft/libraries/net/minecraft/server/1.20.1-20230612.114412/server-1.20.1-20230612.114412-srg.jar%23151!/assets/.mcassetsroot' uses unexpected schema
[11Aug2026 01:45:53.217] [main/WARN] [net.minecraft.server.packs.VanillaPackResourcesBuilder/]: Assets URL 'union:/workspaces/ser/servidor_minecraft/libraries/net/minecraft/server/1.20.1-20230612.114412/server-1.20.1-20230612.114412-srg.jar%23151!/data/.mcassetsroot' uses unexpected schema
[11Aug2026 01:45:53.359] [main/INFO] [com.simibubi.create.Create/]: Created 243 recipes which will be injected into the game
[11Aug2026 01:45:53.372] [main/INFO] [com.simibubi.create.Create/]: Created 1 tags which will be injected into the game
[11Aug2026 01:45:54.567] [main/INFO] [com.github.alexthe666.alexsmobs.AlexsMobs/]: Adding datapack listener capsid_recipes
[11Aug2026 01:45:54.684] [Worker-Main-2/ERROR] [net.minecraft.tags.TagLoader/]: Couldn't load tag s_a_b:hard_steel_blocks as it is missing following references: s_a_b:armorwl (from s_a_b-1.4.3.jar), 
	s_a_b:armorwl_29 (from s_a_b-1.4.3.jar), 
	s_a_b:armorwl_31 (from s_a_b-1.4.3.jar), 
	s_a_b:armorwl_32 (from s_a_b-1.4.3.jar), 
	s_a_b:armorwlblack (from s_a_b-1.4.3.jar), 
	s_a_b:armorwlgray (from s_a_b-1.4.3.jar)
[11Aug2026 01:45:54.687] [Worker-Main-2/ERROR] [net.minecraft.tags.TagLoader/]: Couldn't load tag s_a_b:steel_blocks as it is missing following references: s_a_b:steelwl (from s_a_b-1.4.3.jar), 
	s_a_b:steelwl_29 (from s_a_b-1.4.3.jar), 
	s_a_b:steelwl_31 (from s_a_b-1.4.3.jar), 
	s_a_b:steelwl_32 (from s_a_b-1.4.3.jar), 
	s_a_b:steelwl_33 (from s_a_b-1.4.3.jar), 
	s_a_b:steelwlblack (from s_a_b-1.4.3.jar), 
	s_a_b:steelwlgray (from s_a_b-1.4.3.jar)
[11Aug2026 01:45:54.690] [Worker-Main-2/ERROR] [net.minecraft.tags.TagLoader/]: Couldn't load tag s_a_b:light_steel_slabs as it is missing following references: s_a_b:lightsteelvslab (from s_a_b-1.4.3.jar), 
	s_a_b:lightstellslab (from s_a_b-1.4.3.jar), 
	s_a_b:iightsteelcamoplainsslab (from s_a_b-1.4.3.jar), 
	s_a_b:iightsteelcamoplainsvslab (from s_a_b-1.4.3.jar), 
	s_a_b:iightsteelcamoforestslab (from s_a_b-1.4.3.jar), 
	s_a_b:iightsteelcamoforestverticalslab (from s_a_b-1.4.3.jar), 
	s_a_b:iightsteelcamosnowslab (from s_a_b-1.4.3.jar), 
	s_a_b:iightsteelcamosnowvslab (from s_a_b-1.4.3.jar), 
	s_a_b:iightsteelcamomesaslab (from s_a_b-1.4.3.jar), 
	s_a_b:iightsteelcamomesavslab (from s_a_b-1.4.3.jar), 
	s_a_b:iightsteelcamodesertslab (from s_a_b-1.4.3.jar), 
	s_a_b:iightsteelcamodesertvslab (from s_a_b-1.4.3.jar), 
	s_a_b:iightsteelcamoswampslab (from s_a_b-1.4.3.jar), 
	s_a_b:iightsteelcamoswampvslab (from s_a_b-1.4.3.jar), 
	s_a_b:iightsteelcamojungleslab (from s_a_b-1.4.3.jar), 
	s_a_b:iightsteelcamojunglevslab (from s_a_b-1.4.3.jar), 
	s_a_b:iightsteelcamotaigaslab (from s_a_b-1.4.3.jar), 
	s_a_b:iightsteelcamotaigavslab (from s_a_b-1.4.3.jar), 
	s_a_b:blakclightsteelslab (from s_a_b-1.4.3.jar), 
	s_a_b:redlightsteelslab (from s_a_b-1.4.3.jar), 
	s_a_b:greenlightsteelslab (from s_a_b-1.4.3.jar), 
	s_a_b:bluelightsteelslab (from s_a_b-1.4.3.jar), 
	s_a_b:cyanlightsteelslab (from s_a_b-1.4.3.jar), 
	s_a_b:brownlightsteelslab (from s_a_b-1.4.3.jar), 
	s_a_b:graylightsteelslab (from s_a_b-1.4.3.jar), 
	s_a_b:lightgraylightsteelslab (from s_a_b-1.4.3.jar), 
	s_a_b:lightbluelightsteelslab (from s_a_b-1.4.3.jar), 
	s_a_b:magentalightsteelslab (from s_a_b-1.4.3.jar), 
	s_a_b:yellowlightsteelslab (from s_a_b-1.4.3.jar), 
	s_a_b:pinklightsteelslab (from s_a_b-1.4.3.jar), 
	s_a_b:purplelightsteelslab (from s_a_b-1.4.3.jar), 
	s_a_b:orangelightsteelslab (from s_a_b-1.4.3.jar), 
	s_a_b:limelightsteelslab (from s_a_b-1.4.3.jar), 
	s_a_b:whitelightsteelslab (from s_a_b-1.4.3.jar), 
	s_a_b:blacklightsteelvslab (from s_a_b-1.4.3.jar), 
	s_a_b:redlightsteelvslab (from s_a_b-1.4.3.jar), 
	s_a_b:greenlightsteelvslab (from s_a_b-1.4.3.jar), 
	s_a_b:bluelightsteelvslab (from s_a_b-1.4.3.jar), 
	s_a_b:cyanlightsteelvslab (from s_a_b-1.4.3.jar), 
	s_a_b:brownlightsteelvslab (from s_a_b-1.4.3.jar), 
	s_a_b:graylightsteelvslab (from s_a_b-1.4.3.jar), 
	s_a_b:lightgraylightsteelvslab (from s_a_b-1.4.3.jar), 
	s_a_b:lightbluelightsteelvslab (from s_a_b-1.4.3.jar), 
	s_a_b:magentalightsteelvslab (from s_a_b-1.4.3.jar), 
	s_a_b:yellowlightsteelvslab (from s_a_b-1.4.3.jar), 
	s_a_b:pinklightsteelvslab (from s_a_b-1.4.3.jar), 
	s_a_b:purplelightsteelvslab (from s_a_b-1.4.3.jar), 
	s_a_b:orangelightsteelvslab (from s_a_b-1.4.3.jar), 
	s_a_b:limelightsteelvslab (from s_a_b-1.4.3.jar), 
	s_a_b:whitelightsteelvslab (from s_a_b-1.4.3.jar), 
	s_a_b:lightsteelvslabcolored_29 (from s_a_b-1.4.3.jar), 
	s_a_b:lightsteelvslabcolored_31 (from s_a_b-1.4.3.jar), 
	s_a_b:lightsteelvslabcolored_32 (from s_a_b-1.4.3.jar), 
	s_a_b:lightsteelvslabcolored_33 (from s_a_b-1.4.3.jar), 
	s_a_b:lightsteelvslabcoloredparade (from s_a_b-1.4.3.jar), 
	s_a_b:lightsteelslabcolored_29 (from s_a_b-1.4.3.jar), 
	s_a_b:lightsteelslabcolored_31 (from s_a_b-1.4.3.jar), 
	s_a_b:lightsteelslabcolored_32 (from s_a_b-1.4.3.jar), 
	s_a_b:lightsteelslabcolored_33 (from s_a_b-1.4.3.jar), 
	s_a_b:lightsteelslabcoloredparade (from s_a_b-1.4.3.jar), 
	s_a_b:lightsteelslab (from s_a_b-1.4.3.jar), 
	s_a_b:lightsteelvslabshipbottom (from s_a_b-1.4.3.jar), 
	s_a_b:lightsteelslab_4bo (from s_a_b-1.4.3.jar), 
	s_a_b:lightsteelvslab_4bo (from s_a_b-1.4.3.jar), 
	s_a_b:lightsteelslavgelb (from s_a_b-1.4.3.jar), 
	s_a_b:lightsteelvslabgelb (from s_a_b-1.4.3.jar), 
	s_a_b:lightsteelslabpanzergrau (from s_a_b-1.4.3.jar), 
	s_a_b:lightsteelvslabpanzergrau (from s_a_b-1.4.3.jar), 
	s_a_b:lightsteelslabrotbraun (from s_a_b-1.4.3.jar), 
	s_a_b:lightsteelvslabrotbraun (from s_a_b-1.4.3.jar)
[11Aug2026 01:45:54.692] [Worker-Main-2/ERROR] [net.minecraft.tags.TagLoader/]: Couldn't load tag s_a_b:steel_stairs as it is missing following references: s_a_b:steelarmorstairs (from s_a_b-1.4.3.jar), 
	s_a_b:steelblockcamoplainsstairs (from s_a_b-1.4.3.jar), 
	s_a_b:steelblockcamoforeststairs (from s_a_b-1.4.3.jar), 
	s_a_b:steelblockcamosnowstairs (from s_a_b-1.4.3.jar), 
	s_a_b:steelblockcamodesertstairs (from s_a_b-1.4.3.jar), 
	s_a_b:steelblockcamomesastairs (from s_a_b-1.4.3.jar), 
	s_a_b:steelblockcamoswampstairs (from s_a_b-1.4.3.jar), 
	s_a_b:steelblockcamojunglestairs (from s_a_b-1.4.3.jar), 
	s_a_b:steelblockcamotaigastairs (from s_a_b-1.4.3.jar), 
	s_a_b:blacksteelarmorstairs (from s_a_b-1.4.3.jar), 
	s_a_b:redsteelarmorstairs (from s_a_b-1.4.3.jar), 
	s_a_b:greensteelarmorstairs (from s_a_b-1.4.3.jar), 
	s_a_b:bluesteelarmorstairs (from s_a_b-1.4.3.jar), 
	s_a_b:cyansteelarmorstairs (from s_a_b-1.4.3.jar), 
	s_a_b:brownsteelarmorstairs (from s_a_b-1.4.3.jar), 
	s_a_b:graysteelarmorstairs (from s_a_b-1.4.3.jar), 
	s_a_b:lightgraysteelarmorstairs (from s_a_b-1.4.3.jar), 
	s_a_b:lightbluesteelarmorstairs (from s_a_b-1.4.3.jar), 
	s_a_b:magentasteelarmorstairs (from s_a_b-1.4.3.jar), 
	s_a_b:yellowsteelarmorstairs (from s_a_b-1.4.3.jar), 
	s_a_b:pinksteelarmorstairs (from s_a_b-1.4.3.jar), 
	s_a_b:purplesteelarmorstairs (from s_a_b-1.4.3.jar), 
	s_a_b:orangesteelarmorstairs (from s_a_b-1.4.3.jar), 
	s_a_b:limesteelarmorstairs (from s_a_b-1.4.3.jar), 
	s_a_b:whitesteelarmorstairs (from s_a_b-1.4.3.jar), 
	s_a_b:steelstairscolored_31 (from s_a_b-1.4.3.jar), 
	s_a_b:steelstairscolored_32 (from s_a_b-1.4.3.jar), 
	s_a_b:steelstairscolored_33 (from s_a_b-1.4.3.jar), 
	s_a_b:steelstairscoloredparade (from s_a_b-1.4.3.jar), 
	s_a_b:steelstairsshipbottom (from s_a_b-1.4.3.jar), 
	s_a_b:steelstairs_4bo (from s_a_b-1.4.3.jar), 
	s_a_b:steelstairsgelb (from s_a_b-1.4.3.jar), 
	s_a_b:steelstairspanzergrau (from s_a_b-1.4.3.jar), 
	s_a_b:steelstairsrotbraun (from s_a_b-1.4.3.jar)
[11Aug2026 01:45:54.693] [Worker-Main-2/ERROR] [net.minecraft.tags.TagLoader/]: Couldn't load tag s_a_b:hard_steel_stairs as it is missing following references: s_a_b:lghtsteelstairscoloredparade (from s_a_b-1.4.3.jar)
[11Aug2026 01:45:54.699] [Worker-Main-2/ERROR] [net.minecraft.tags.TagLoader/]: Couldn't load tag s_a_b:steel_slabs as it is missing following references: s_a_b:steelvslab (from s_a_b-1.4.3.jar), 
	s_a_b:steelslab (from s_a_b-1.4.3.jar), 
	s_a_b:steelblockcamoplainsslab (from s_a_b-1.4.3.jar), 
	s_a_b:steelblockcamoplainsvslab (from s_a_b-1.4.3.jar), 
	s_a_b:steelblockcamoforestslab (from s_a_b-1.4.3.jar), 
	s_a_b:steelblockcamoforestvslab (from s_a_b-1.4.3.jar), 
	s_a_b:steelblockcamosnowslab (from s_a_b-1.4.3.jar), 
	s_a_b:steelblockcamosnowvslab (from s_a_b-1.4.3.jar), 
	s_a_b:steelblockcamomesaslab (from s_a_b-1.4.3.jar), 
	s_a_b:steelblockcamomesavslab (from s_a_b-1.4.3.jar), 
	s_a_b:steelblockcamodesertslab (from s_a_b-1.4.3.jar), 
	s_a_b:steelblockcamodesertvslab (from s_a_b-1.4.3.jar), 
	s_a_b:steelblockcamoswampslab (from s_a_b-1.4.3.jar), 
	s_a_b:steelblockcamoswampvslab (from s_a_b-1.4.3.jar), 
	s_a_b:steelblockcamojungleslab (from s_a_b-1.4.3.jar), 
	s_a_b:steelblockcamojunglevslab (from s_a_b-1.4.3.jar), 
	s_a_b:steelblockcamotaigaslab (from s_a_b-1.4.3.jar), 
	s_a_b:steelblockcamotaigavslab (from s_a_b-1.4.3.jar), 
	s_a_b:blacksteelslab (from s_a_b-1.4.3.jar), 
	s_a_b:redsteelslab (from s_a_b-1.4.3.jar), 
	s_a_b:greensteelslab (from s_a_b-1.4.3.jar), 
	s_a_b:bluesteelslab (from s_a_b-1.4.3.jar), 
	s_a_b:cyansteelslab (from s_a_b-1.4.3.jar), 
	s_a_b:brownsteelslab (from s_a_b-1.4.3.jar), 
	s_a_b:graysteelslab (from s_a_b-1.4.3.jar), 
	s_a_b:lightgraysteelslab (from s_a_b-1.4.3.jar), 
	s_a_b:lightbluesteelslab (from s_a_b-1.4.3.jar), 
	s_a_b:magentasteelslab (from s_a_b-1.4.3.jar), 
	s_a_b:yellowsteelslab (from s_a_b-1.4.3.jar), 
	s_a_b:pinksteelslab (from s_a_b-1.4.3.jar), 
	s_a_b:purplesteelslab (from s_a_b-1.4.3.jar), 
	s_a_b:orangesteelslab (from s_a_b-1.4.3.jar), 
	s_a_b:limesteelslab (from s_a_b-1.4.3.jar), 
	s_a_b:whitesteelslab (from s_a_b-1.4.3.jar), 
	s_a_b:blacksteelvslab (from s_a_b-1.4.3.jar), 
	s_a_b:bluesteelvslab (from s_a_b-1.4.3.jar), 
	s_a_b:redsteelvslab (from s_a_b-1.4.3.jar), 
	s_a_b:greensteelvslab (from s_a_b-1.4.3.jar), 
	s_a_b:graysteelvslab (from s_a_b-1.4.3.jar), 
	s_a_b:cyansteelvslab (from s_a_b-1.4.3.jar), 
	s_a_b:brownsteelvslab (from s_a_b-1.4.3.jar), 
	s_a_b:lightgraysteelvslab (from s_a_b-1.4.3.jar), 
	s_a_b:lightbluesteelvslab (from s_a_b-1.4.3.jar), 
	s_a_b:magentasteelvslab (from s_a_b-1.4.3.jar), 
	s_a_b:yellowsteelvslab (from s_a_b-1.4.3.jar), 
	s_a_b:pinksteelvslab (from s_a_b-1.4.3.jar), 
	s_a_b:purplesteelvslab (from s_a_b-1.4.3.jar), 
	s_a_b:orangesteelvslab (from s_a_b-1.4.3.jar), 
	s_a_b:limesteelvslab (from s_a_b-1.4.3.jar), 
	s_a_b:whitesteelvslab (from s_a_b-1.4.3.jar), 
	s_a_b:steelvslabcolored_29 (from s_a_b-1.4.3.jar), 
	s_a_b:steelvslabcolored_31 (from s_a_b-1.4.3.jar), 
	s_a_b:steelvslabcolored_32 (from s_a_b-1.4.3.jar), 
	s_a_b:steelvslabcolored_33 (from s_a_b-1.4.3.jar), 
	s_a_b:steelvslabcoloredparade (from s_a_b-1.4.3.jar), 
	s_a_b:steelslabcolored_29 (from s_a_b-1.4.3.jar), 
	s_a_b:steelslabcolored_31 (from s_a_b-1.4.3.jar), 
	s_a_b:steelslabcolored_32 (from s_a_b-1.4.3.jar), 
	s_a_b:steelslabcolored_33 (from s_a_b-1.4.3.jar), 
	s_a_b:steelslabcoloredparade (from s_a_b-1.4.3.jar), 
	s_a_b:steelslabshipbottom (from s_a_b-1.4.3.jar), 
	s_a_b:steelvslabshipbottom (from s_a_b-1.4.3.jar), 
	s_a_b:steelslab_4bo (from s_a_b-1.4.3.jar), 
	s_a_b:steelvslab_4bo (from s_a_b-1.4.3.jar), 
	s_a_b:steelslabgelb (from s_a_b-1.4.3.jar), 
	s_a_b:steelvslabgelb (from s_a_b-1.4.3.jar), 
	s_a_b:steelslabpanzergrau (from s_a_b-1.4.3.jar), 
	s_a_b:steelvslabpanzergrau (from s_a_b-1.4.3.jar), 
	s_a_b:steeelslabrotbraun (from s_a_b-1.4.3.jar), 
	s_a_b:steelvslabrotbraun (from s_a_b-1.4.3.jar)
[11Aug2026 01:45:54.702] [Worker-Main-2/ERROR] [net.minecraft.tags.TagLoader/]: Couldn't load tag s_a_b:light_steel_blocks as it is missing following references: s_a_b:lightwl (from s_a_b-1.4.3.jar), 
	s_a_b:lightwl_29 (from s_a_b-1.4.3.jar), 
	s_a_b:lightwl_31 (from s_a_b-1.4.3.jar), 
	s_a_b:lightwl_32 (from s_a_b-1.4.3.jar), 
	s_a_b:lightwl_33 (from s_a_b-1.4.3.jar), 
	s_a_b:lightwlblack (from s_a_b-1.4.3.jar), 
	s_a_b:lightwlgray (from s_a_b-1.4.3.jar)
[11Aug2026 01:45:54.702] [Worker-Main-2/ERROR] [net.minecraft.tags.TagLoader/]: Couldn't load tag s_a_b:light_steel_stairs as it is missing following references: s_a_b:lightsteelstairs (from s_a_b-1.4.3.jar), 
	s_a_b:iightsteelcamoplainsstairs (from s_a_b-1.4.3.jar), 
	s_a_b:iightsteelcamoforest (from s_a_b-1.4.3.jar), 
	s_a_b:iightsteelcamosnowstairs (from s_a_b-1.4.3.jar), 
	s_a_b:iightsteelcamodesertstairs (from s_a_b-1.4.3.jar), 
	s_a_b:iightsteelcamomesastairs (from s_a_b-1.4.3.jar), 
	s_a_b:iightsteelcamoswampstairs (from s_a_b-1.4.3.jar), 
	s_a_b:iightsteelcamojunglestairs (from s_a_b-1.4.3.jar), 
	s_a_b:iightsteelcamotaiga (from s_a_b-1.4.3.jar), 
	s_a_b:blacklightsteelstairs (from s_a_b-1.4.3.jar), 
	s_a_b:redlightsteelstairs (from s_a_b-1.4.3.jar), 
	s_a_b:greenlightsteelstairs (from s_a_b-1.4.3.jar), 
	s_a_b:bluelightsteelstairs (from s_a_b-1.4.3.jar), 
	s_a_b:cyanlightsteelstairs (from s_a_b-1.4.3.jar), 
	s_a_b:brownlightsteelstairs (from s_a_b-1.4.3.jar), 
	s_a_b:graylightsteelstairs (from s_a_b-1.4.3.jar), 
	s_a_b:lightgraylightsteelstairs (from s_a_b-1.4.3.jar), 
	s_a_b:lightbluelightsteelstairs (from s_a_b-1.4.3.jar), 
	s_a_b:magentalightsteelstairs (from s_a_b-1.4.3.jar), 
	s_a_b:yellowlightsteelstairs (from s_a_b-1.4.3.jar), 
	s_a_b:pinklightsteelstairs (from s_a_b-1.4.3.jar), 
	s_a_b:purplelightsteelstairs (from s_a_b-1.4.3.jar), 
	s_a_b:orangelightsteelstairs (from s_a_b-1.4.3.jar), 
	s_a_b:limelightsteelstairs (from s_a_b-1.4.3.jar), 
	s_a_b:whitelightsteelstairs (from s_a_b-1.4.3.jar), 
	s_a_b:lightsteelstairscolored_29 (from s_a_b-1.4.3.jar), 
	s_a_b:lghtsteelstairscolored_31 (from s_a_b-1.4.3.jar), 
	s_a_b:lghtsteelstairscolored_32 (from s_a_b-1.4.3.jar), 
	s_a_b:lghtsteelstairscolored_33 (from s_a_b-1.4.3.jar), 
	s_a_b:lightsteelstairsshipbottom (from s_a_b-1.4.3.jar), 
	s_a_b:lightsteelstairs_4bo (from s_a_b-1.4.3.jar), 
	s_a_b:lightsteelstairsgelb (from s_a_b-1.4.3.jar), 
	s_a_b:lightsteelstairspanzergrau (from s_a_b-1.4.3.jar), 
	s_a_b:lightsteelstairsrotbraun (from s_a_b-1.4.3.jar)
[11Aug2026 01:45:54.710] [Worker-Main-3/ERROR] [net.minecraft.tags.TagLoader/]: Couldn't load tag minecraft:needs_iron_tool as it is missing following references: cbc_at:heavy_autocannon_barrel_cast_mould (from cbc_at_Forge_1.20.1_0.1.3b.jar), 
	cbc_at:heavy_autocannon_recoil_spring_cast_mould (from cbc_at_Forge_1.20.1_0.1.3b.jar), 
	cbc_at:heavy_autocannon_breech_cast_mould (from cbc_at_Forge_1.20.1_0.1.3b.jar), 
	cbc_at:heavy_autocannon_qfbreech_cast_mould (from cbc_at_Forge_1.20.1_0.1.3b.jar)
[11Aug2026 01:45:55.321] [Worker-Main-2/ERROR] [net.minecraftforge.common.ForgeHooks/]: Couldn't parse element loot_tables:cbc_at:blocks/heavy_autocannon_barrel_cast_mould
com.google.gson.JsonSyntaxException: Expected name to be an item, was unknown string 'cbc_at:heavy_autocannon_barrel_cast_mould'
	at net.minecraft.util.GsonHelper.m_13866_(GsonHelper.java:145) ~[server-1.20.1-20230612.114412-srg.jar%23151!/:?]
	at java.util.Optional.orElseThrow(Optional.java:403) ~[?:?]
	at net.minecraft.util.GsonHelper.m_13874_(GsonHelper.java:145) ~[server-1.20.1-20230612.114412-srg.jar%23151!/:?]
	at net.minecraft.util.GsonHelper.m_13909_(GsonHelper.java:153) ~[server-1.20.1-20230612.114412-srg.jar%23151!/:?]
	at net.minecraft.world.level.storage.loot.entries.LootItem$Serializer.m_7267_(LootItem.java:55) ~[server-1.20.1-20230612.114412-srg.jar%23151!/:?]
	at net.minecraft.world.level.storage.loot.entries.LootItem$Serializer.m_7267_(LootItem.java:40) ~[server-1.20.1-20230612.114412-srg.jar%23151!/:?]
	at net.minecraft.world.level.storage.loot.entries.LootPoolSingletonContainer$Serializer.m_5921_(LootPoolSingletonContainer.java:151) ~[server-1.20.1-20230612.114412-srg.jar%23151!/:?]
	at net.minecraft.world.level.storage.loot.entries.LootPoolSingletonContainer$Serializer.m_5921_(LootPoolSingletonContainer.java:129) ~[server-1.20.1-20230612.114412-srg.jar%23151!/:?]
	at net.minecraft.world.level.storage.loot.entries.LootPoolEntryContainer$Serializer.m_7561_(LootPoolEntryContainer.java:86) ~[server-1.20.1-20230612.114412-srg.jar%23151!/:?]
	at net.minecraft.world.level.storage.loot.entries.LootPoolEntryContainer$Serializer.m_7561_(LootPoolEntryContainer.java:74) ~[server-1.20.1-20230612.114412-srg.jar%23151!/:?]
	at net.minecraft.world.level.storage.loot.GsonAdapterFactory$JsonAdapter.deserialize(GsonAdapterFactory.java:102) ~[server-1.20.1-20230612.114412-srg.jar%23151!/:?]
	at com.google.gson.internal.bind.TreeTypeAdapter.read(TreeTypeAdapter.java:76) ~[gson-2.10.jar%2372!/:?]
	at com.google.gson.internal.bind.TypeAdapterRuntimeTypeWrapper.read(TypeAdapterRuntimeTypeWrapper.java:40) ~[gson-2.10.jar%2372!/:?]
	at com.google.gson.internal.bind.ArrayTypeAdapter.read(ArrayTypeAdapter.java:72) ~[gson-2.10.jar%2372!/:?]
	at com.google.gson.Gson.fromJson(Gson.java:1214) ~[gson-2.10.jar%2372!/:?]
	at com.google.gson.Gson.fromJson(Gson.java:1319) ~[gson-2.10.jar%2372!/:?]
	at com.google.gson.Gson.fromJson(Gson.java:1290) ~[gson-2.10.jar%2372!/:?]
	at com.google.gson.internal.bind.TreeTypeAdapter$GsonContextImpl.deserialize(TreeTypeAdapter.java:179) ~[gson-2.10.jar%2372!/:?]
	at net.minecraft.util.GsonHelper.m_13808_(GsonHelper.java:463) ~[server-1.20.1-20230612.114412-srg.jar%23151!/:?]
	at net.minecraft.util.GsonHelper.m_13836_(GsonHelper.java:471) ~[server-1.20.1-20230612.114412-srg.jar%23151!/:?]
	at net.minecraft.world.level.storage.loot.LootPool$Serializer.deserialize(LootPool.java:192) ~[server-1.20.1-20230612.114412-srg.jar%23151!/:?]
	at net.minecraft.world.level.storage.loot.LootPool$Serializer.deserialize(LootPool.java:189) ~[server-1.20.1-20230612.114412-srg.jar%23151!/:?]
	at com.google.gson.internal.bind.TreeTypeAdapter.read(TreeTypeAdapter.java:76) ~[gson-2.10.jar%2372!/:?]
	at com.google.gson.internal.bind.TypeAdapterRuntimeTypeWrapper.read(TypeAdapterRuntimeTypeWrapper.java:40) ~[gson-2.10.jar%2372!/:?]
	at com.google.gson.internal.bind.ArrayTypeAdapter.read(ArrayTypeAdapter.java:72) ~[gson-2.10.jar%2372!/:?]
	at com.google.gson.Gson.fromJson(Gson.java:1214) ~[gson-2.10.jar%2372!/:?]
	at com.google.gson.Gson.fromJson(Gson.java:1319) ~[gson-2.10.jar%2372!/:?]
	at com.google.gson.Gson.fromJson(Gson.java:1290) ~[gson-2.10.jar%2372!/:?]
	at com.google.gson.internal.bind.TreeTypeAdapter$GsonContextImpl.deserialize(TreeTypeAdapter.java:179) ~[gson-2.10.jar%2372!/:?]
	at net.minecraft.util.GsonHelper.m_13808_(GsonHelper.java:463) ~[server-1.20.1-20230612.114412-srg.jar%23151!/:?]
	at net.minecraft.util.GsonHelper.m_13845_(GsonHelper.java:481) ~[server-1.20.1-20230612.114412-srg.jar%23151!/:?]
	at net.minecraft.world.level.storage.loot.LootTable$Serializer.deserialize(LootTable.java:294) ~[server-1.20.1-20230612.114412-srg.jar%23151!/:?]
	at net.minecraft.world.level.storage.loot.LootTable$Serializer.deserialize(LootTable.java:291) ~[server-1.20.1-20230612.114412-srg.jar%23151!/:?]
	at com.google.gson.internal.bind.TreeTypeAdapter.read(TreeTypeAdapter.java:76) ~[gson-2.10.jar%2372!/:?]
	at com.google.gson.Gson.fromJson(Gson.java:1214) ~[gson-2.10.jar%2372!/:?]
	at com.google.gson.Gson.fromJson(Gson.java:1319) ~[gson-2.10.jar%2372!/:?]
	at com.google.gson.Gson.fromJson(Gson.java:1261) ~[gson-2.10.jar%2372!/:?]
	at net.minecraftforge.common.ForgeHooks.loadLootTable(ForgeHooks.java:872) ~[forge-1.20.1-47.4.10-universal.jar%23156!/:?]
	at net.minecraftforge.common.ForgeHooks.lambda$getLootTableDeserializer$3(ForgeHooks.java:849) ~[forge-1.20.1-47.4.10-universal.jar%23156!/:?]
	at net.minecraft.world.level.storage.loot.LootDataType.deserialize(LootDataType.java:45) ~[server-1.20.1-20230612.114412-srg.jar%23151!/:?]
	at net.minecraft.world.level.storage.loot.LootDataManager.lambda$scheduleElementParse$4(LootDataManager.java:56) ~[server-1.20.1-20230612.114412-srg.jar%23151!/:?]
	at java.util.HashMap.forEach(HashMap.java:1421) ~[?:?]
	at net.minecraft.world.level.storage.loot.LootDataManager.m_278660_(LootDataManager.java:55) ~[server-1.20.1-20230612.114412-srg.jar%23151!/:?]
	at java.util.concurrent.CompletableFuture$AsyncRun.run(CompletableFuture.java:1804) ~[?:?]
	at java.util.concurrent.CompletableFuture$AsyncRun.exec(CompletableFuture.java:1796) ~[?:?]
	at java.util.concurrent.ForkJoinTask.doExec(ForkJoinTask.java:373) ~[?:?]
	at java.util.concurrent.ForkJoinPool$WorkQueue.topLevelExec(ForkJoinPool.java:1182) ~[?:?]
	at java.util.concurrent.ForkJoinPool.scan(ForkJoinPool.java:1655) ~[?:?]
	at java.util.concurrent.ForkJoinPool.runWorker(ForkJoinPool.java:1622) ~[?:?]
	at java.util.concurrent.ForkJoinWorkerThread.run(ForkJoinWorkerThread.java:165) ~[?:?]
[11Aug2026 01:45:55.364] [Worker-Main-2/ERROR] [net.minecraftforge.common.ForgeHooks/]: Couldn't parse element loot_tables:cbc_at:blocks/heavy_autocannon_recoil_spring_cast_mould
com.google.gson.JsonSyntaxException: Expected name to be an item, was unknown string 'cbc_at:heavy_autocannon_recoil_spring_cast_mould'
	at net.minecraft.util.GsonHelper.m_13866_(GsonHelper.java:145) ~[server-1.20.1-20230612.114412-srg.jar%23151!/:?]
	at java.util.Optional.orElseThrow(Optional.java:403) ~[?:?]
	at net.minecraft.util.GsonHelper.m_13874_(GsonHelper.java:145) ~[server-1.20.1-20230612.114412-srg.jar%23151!/:?]
	at net.minecraft.util.GsonHelper.m_13909_(GsonHelper.java:153) ~[server-1.20.1-20230612.114412-srg.jar%23151!/:?]
	at net.minecraft.world.level.storage.loot.entries.LootItem$Serializer.m_7267_(LootItem.java:55) ~[server-1.20.1-20230612.114412-srg.jar%23151!/:?]
	at net.minecraft.world.level.storage.loot.entries.LootItem$Serializer.m_7267_(LootItem.java:40) ~[server-1.20.1-20230612.114412-srg.jar%23151!/:?]
	at net.minecraft.world.level.storage.loot.entries.LootPoolSingletonContainer$Serializer.m_5921_(LootPoolSingletonContainer.java:151) ~[server-1.20.1-20230612.114412-srg.jar%23151!/:?]
	at net.minecraft.world.level.storage.loot.entries.LootPoolSingletonContainer$Serializer.m_5921_(LootPoolSingletonContainer.java:129) ~[server-1.20.1-20230612.114412-srg.jar%23151!/:?]
	at net.minecraft.world.level.storage.loot.entries.LootPoolEntryContainer$Serializer.m_7561_(LootPoolEntryContainer.java:86) ~[server-1.20.1-20230612.114412-srg.jar%23151!/:?]
	at net.minecraft.world.level.storage.loot.entries.LootPoolEntryContainer$Serializer.m_7561_(LootPoolEntryContainer.java:74) ~[server-1.20.1-20230612.114412-srg.jar%23151!/:?]
	at net.minecraft.world.level.storage.loot.GsonAdapterFactory$JsonAdapter.deserialize(GsonAdapterFactory.java:102) ~[server-1.20.1-20230612.114412-srg.jar%23151!/:?]
	at com.google.gson.internal.bind.TreeTypeAdapter.read(TreeTypeAdapter.java:76) ~[gson-2.10.jar%2372!/:?]
	at com.google.gson.internal.bind.TypeAdapterRuntimeTypeWrapper.read(TypeAdapterRuntimeTypeWrapper.java:40) ~[gson-2.10.jar%2372!/:?]
	at com.google.gson.internal.bind.ArrayTypeAdapter.read(ArrayTypeAdapter.java:72) ~[gson-2.10.jar%2372!/:?]
	at com.google.gson.Gson.fromJson(Gson.java:1214) ~[gson-2.10.jar%2372!/:?]
	at com.google.gson.Gson.fromJson(Gson.java:1319) ~[gson-2.10.jar%2372!/:?]
	at com.google.gson.Gson.fromJson(Gson.java:1290) ~[gson-2.10.jar%2372!/:?]
	at com.google.gson.internal.bind.TreeTypeAdapter$GsonContextImpl.deserialize(TreeTypeAdapter.java:179) ~[gson-2.10.jar%2372!/:?]
	at net.minecraft.util.GsonHelper.m_13808_(GsonHelper.java:463) ~[server-1.20.1-20230612.114412-srg.jar%23151!/:?]
	at net.minecraft.util.GsonHelper.m_13836_(GsonHelper.java:471) ~[server-1.20.1-20230612.114412-srg.jar%23151!/:?]
	at net.minecraft.world.level.storage.loot.LootPool$Serializer.deserialize(LootPool.java:192) ~[server-1.20.1-20230612.114412-srg.jar%23151!/:?]
	at net.minecraft.world.level.storage.loot.LootPool$Serializer.deserialize(LootPool.java:189) ~[server-1.20.1-20230612.114412-srg.jar%23151!/:?]
	at com.google.gson.internal.bind.TreeTypeAdapter.read(TreeTypeAdapter.java:76) ~[gson-2.10.jar%2372!/:?]
	at com.google.gson.internal.bind.TypeAdapterRuntimeTypeWrapper.read(TypeAdapterRuntimeTypeWrapper.java:40) ~[gson-2.10.jar%2372!/:?]
	at com.google.gson.internal.bind.ArrayTypeAdapter.read(ArrayTypeAdapter.java:72) ~[gson-2.10.jar%2372!/:?]
	at com.google.gson.Gson.fromJson(Gson.java:1214) ~[gson-2.10.jar%2372!/:?]
	at com.google.gson.Gson.fromJson(Gson.java:1319) ~[gson-2.10.jar%2372!/:?]
	at com.google.gson.Gson.fromJson(Gson.java:1290) ~[gson-2.10.jar%2372!/:?]
	at com.google.gson.internal.bind.TreeTypeAdapter$GsonContextImpl.deserialize(TreeTypeAdapter.java:179) ~[gson-2.10.jar%2372!/:?]
	at net.minecraft.util.GsonHelper.m_13808_(GsonHelper.java:463) ~[server-1.20.1-20230612.114412-srg.jar%23151!/:?]
	at net.minecraft.util.GsonHelper.m_13845_(GsonHelper.java:481) ~[server-1.20.1-20230612.114412-srg.jar%23151!/:?]
	at net.minecraft.world.level.storage.loot.LootTable$Serializer.deserialize(LootTable.java:294) ~[server-1.20.1-20230612.114412-srg.jar%23151!/:?]
	at net.minecraft.world.level.storage.loot.LootTable$Serializer.deserialize(LootTable.java:291) ~[server-1.20.1-20230612.114412-srg.jar%23151!/:?]
	at com.google.gson.internal.bind.TreeTypeAdapter.read(TreeTypeAdapter.java:76) ~[gson-2.10.jar%2372!/:?]
	at com.google.gson.Gson.fromJson(Gson.java:1214) ~[gson-2.10.jar%2372!/:?]
	at com.google.gson.Gson.fromJson(Gson.java:1319) ~[gson-2.10.jar%2372!/:?]
	at com.google.gson.Gson.fromJson(Gson.java:1261) ~[gson-2.10.jar%2372!/:?]
	at net.minecraftforge.common.ForgeHooks.loadLootTable(ForgeHooks.java:872) ~[forge-1.20.1-47.4.10-universal.jar%23156!/:?]
	at net.minecraftforge.common.ForgeHooks.lambda$getLootTableDeserializer$3(ForgeHooks.java:849) ~[forge-1.20.1-47.4.10-universal.jar%23156!/:?]
	at net.minecraft.world.level.storage.loot.LootDataType.deserialize(LootDataType.java:45) ~[server-1.20.1-20230612.114412-srg.jar%23151!/:?]
	at net.minecraft.world.level.storage.loot.LootDataManager.lambda$scheduleElementParse$4(LootDataManager.java:56) ~[server-1.20.1-20230612.114412-srg.jar%23151!/:?]
	at java.util.HashMap.forEach(HashMap.java:1421) ~[?:?]
	at net.minecraft.world.level.storage.loot.LootDataManager.m_278660_(LootDataManager.java:55) ~[server-1.20.1-20230612.114412-srg.jar%23151!/:?]
	at java.util.concurrent.CompletableFuture$AsyncRun.run(CompletableFuture.java:1804) ~[?:?]
	at java.util.concurrent.CompletableFuture$AsyncRun.exec(CompletableFuture.java:1796) ~[?:?]
	at java.util.concurrent.ForkJoinTask.doExec(ForkJoinTask.java:373) ~[?:?]
	at java.util.concurrent.ForkJoinPool$WorkQueue.topLevelExec(ForkJoinPool.java:1182) ~[?:?]
	at java.util.concurrent.ForkJoinPool.scan(ForkJoinPool.java:1655) ~[?:?]
	at java.util.concurrent.ForkJoinPool.runWorker(ForkJoinPool.java:1622) ~[?:?]
	at java.util.concurrent.ForkJoinWorkerThread.run(ForkJoinWorkerThread.java:165) ~[?:?]
[11Aug2026 01:45:55.421] [Worker-Main-2/ERROR] [net.minecraftforge.common.ForgeHooks/]: Couldn't parse element loot_tables:cbc_at:blocks/heavy_autocannon_breech_cast_mould
com.google.gson.JsonSyntaxException: Expected name to be an item, was unknown string 'cbc_at:heavy_autocannon_breech_cast_mould'
	at net.minecraft.util.GsonHelper.m_13866_(GsonHelper.java:145) ~[server-1.20.1-20230612.114412-srg.jar%23151!/:?]
	at java.util.Optional.orElseThrow(Optional.java:403) ~[?:?]
	at net.minecraft.util.GsonHelper.m_13874_(GsonHelper.java:145) ~[server-1.20.1-20230612.114412-srg.jar%23151!/:?]
	at net.minecraft.util.GsonHelper.m_13909_(GsonHelper.java:153) ~[server-1.20.1-20230612.114412-srg.jar%23151!/:?]
	at net.minecraft.world.level.storage.loot.entries.LootItem$Serializer.m_7267_(LootItem.java:55) ~[server-1.20.1-20230612.114412-srg.jar%23151!/:?]
	at net.minecraft.world.level.storage.loot.entries.LootItem$Serializer.m_7267_(LootItem.java:40) ~[server-1.20.1-20230612.114412-srg.jar%23151!/:?]
	at net.minecraft.world.level.storage.loot.entries.LootPoolSingletonContainer$Serializer.m_5921_(LootPoolSingletonContainer.java:151) ~[server-1.20.1-20230612.114412-srg.jar%23151!/:?]
	at net.minecraft.world.level.storage.loot.entries.LootPoolSingletonContainer$Serializer.m_5921_(LootPoolSingletonContainer.java:129) ~[server-1.20.1-20230612.114412-srg.jar%23151!/:?]
	at net.minecraft.world.level.storage.loot.entries.LootPoolEntryContainer$Serializer.m_7561_(LootPoolEntryContainer.java:86) ~[server-1.20.1-20230612.114412-srg.jar%23151!/:?]
	at net.minecraft.world.level.storage.loot.entries.LootPoolEntryContainer$Serializer.m_7561_(LootPoolEntryContainer.java:74) ~[server-1.20.1-20230612.114412-srg.jar%23151!/:?]
	at net.minecraft.world.level.storage.loot.GsonAdapterFactory$JsonAdapter.deserialize(GsonAdapterFactory.java:102) ~[server-1.20.1-20230612.114412-srg.jar%23151!/:?]
	at com.google.gson.internal.bind.TreeTypeAdapter.read(TreeTypeAdapter.java:76) ~[gson-2.10.jar%2372!/:?]
	at com.google.gson.internal.bind.TypeAdapterRuntimeTypeWrapper.read(TypeAdapterRuntimeTypeWrapper.java:40) ~[gson-2.10.jar%2372!/:?]
	at com.google.gson.internal.bind.ArrayTypeAdapter.read(ArrayTypeAdapter.java:72) ~[gson-2.10.jar%2372!/:?]
	at com.google.gson.Gson.fromJson(Gson.java:1214) ~[gson-2.10.jar%2372!/:?]
	at com.google.gson.Gson.fromJson(Gson.java:1319) ~[gson-2.10.jar%2372!/:?]
	at com.google.gson.Gson.fromJson(Gson.java:1290) ~[gson-2.10.jar%2372!/:?]
	at com.google.gson.internal.bind.TreeTypeAdapter$GsonContextImpl.deserialize(TreeTypeAdapter.java:179) ~[gson-2.10.jar%2372!/:?]
	at net.minecraft.util.GsonHelper.m_13808_(GsonHelper.java:463) ~[server-1.20.1-20230612.114412-srg.jar%23151!/:?]
	at net.minecraft.util.GsonHelper.m_13836_(GsonHelper.java:471) ~[server-1.20.1-20230612.114412-srg.jar%23151!/:?]
	at net.minecraft.world.level.storage.loot.LootPool$Serializer.deserialize(LootPool.java:192) ~[server-1.20.1-20230612.114412-srg.jar%23151!/:?]
	at net.minecraft.world.level.storage.loot.LootPool$Serializer.deserialize(LootPool.java:189) ~[server-1.20.1-20230612.114412-srg.jar%23151!/:?]
	at com.google.gson.internal.bind.TreeTypeAdapter.read(TreeTypeAdapter.java:76) ~[gson-2.10.jar%2372!/:?]
	at com.google.gson.internal.bind.TypeAdapterRuntimeTypeWrapper.read(TypeAdapterRuntimeTypeWrapper.java:40) ~[gson-2.10.jar%2372!/:?]
	at com.google.gson.internal.bind.ArrayTypeAdapter.read(ArrayTypeAdapter.java:72) ~[gson-2.10.jar%2372!/:?]
	at com.google.gson.Gson.fromJson(Gson.java:1214) ~[gson-2.10.jar%2372!/:?]
	at com.google.gson.Gson.fromJson(Gson.java:1319) ~[gson-2.10.jar%2372!/:?]
	at com.google.gson.Gson.fromJson(Gson.java:1290) ~[gson-2.10.jar%2372!/:?]
	at com.google.gson.internal.bind.TreeTypeAdapter$GsonContextImpl.deserialize(TreeTypeAdapter.java:179) ~[gson-2.10.jar%2372!/:?]
	at net.minecraft.util.GsonHelper.m_13808_(GsonHelper.java:463) ~[server-1.20.1-20230612.114412-srg.jar%23151!/:?]
	at net.minecraft.util.GsonHelper.m_13845_(GsonHelper.java:481) ~[server-1.20.1-20230612.114412-srg.jar%23151!/:?]
	at net.minecraft.world.level.storage.loot.LootTable$Serializer.deserialize(LootTable.java:294) ~[server-1.20.1-20230612.114412-srg.jar%23151!/:?]
	at net.minecraft.world.level.storage.loot.LootTable$Serializer.deserialize(LootTable.java:291) ~[server-1.20.1-20230612.114412-srg.jar%23151!/:?]
	at com.google.gson.internal.bind.TreeTypeAdapter.read(TreeTypeAdapter.java:76) ~[gson-2.10.jar%2372!/:?]
	at com.google.gson.Gson.fromJson(Gson.java:1214) ~[gson-2.10.jar%2372!/:?]
	at com.google.gson.Gson.fromJson(Gson.java:1319) ~[gson-2.10.jar%2372!/:?]
	at com.google.gson.Gson.fromJson(Gson.java:1261) ~[gson-2.10.jar%2372!/:?]
	at net.minecraftforge.common.ForgeHooks.loadLootTable(ForgeHooks.java:872) ~[forge-1.20.1-47.4.10-universal.jar%23156!/:?]
	at net.minecraftforge.common.ForgeHooks.lambda$getLootTableDeserializer$3(ForgeHooks.java:849) ~[forge-1.20.1-47.4.10-universal.jar%23156!/:?]
	at net.minecraft.world.level.storage.loot.LootDataType.deserialize(LootDataType.java:45) ~[server-1.20.1-20230612.114412-srg.jar%23151!/:?]
	at net.minecraft.world.level.storage.loot.LootDataManager.lambda$scheduleElementParse$4(LootDataManager.java:56) ~[server-1.20.1-20230612.114412-srg.jar%23151!/:?]
	at java.util.HashMap.forEach(HashMap.java:1421) ~[?:?]
	at net.minecraft.world.level.storage.loot.LootDataManager.m_278660_(LootDataManager.java:55) ~[server-1.20.1-20230612.114412-srg.jar%23151!/:?]
	at java.util.concurrent.CompletableFuture$AsyncRun.run(CompletableFuture.java:1804) ~[?:?]
	at java.util.concurrent.CompletableFuture$AsyncRun.exec(CompletableFuture.java:1796) ~[?:?]
	at java.util.concurrent.ForkJoinTask.doExec(ForkJoinTask.java:373) ~[?:?]
	at java.util.concurrent.ForkJoinPool$WorkQueue.topLevelExec(ForkJoinPool.java:1182) ~[?:?]
	at java.util.concurrent.ForkJoinPool.scan(ForkJoinPool.java:1655) ~[?:?]
	at java.util.concurrent.ForkJoinPool.runWorker(ForkJoinPool.java:1622) ~[?:?]
	at java.util.concurrent.ForkJoinWorkerThread.run(ForkJoinWorkerThread.java:165) ~[?:?]
[11Aug2026 01:45:55.515] [main/ERROR] [net.minecraft.world.item.crafting.RecipeManager/]: Parsing error loading recipe s_a_b:mixing/steel_block_melting
com.google.gson.JsonSyntaxException: Invalid empty fluid 'tfmg:molten_steel'
	at com.simibubi.create.foundation.fluid.FluidHelper.deserializeFluidStack(FluidHelper.java:151) ~[create-1.20.1-6.0.8.jar%23131!/:6.0.8]
	at com.simibubi.create.content.processing.recipe.ProcessingRecipeSerializer.readFromJson(ProcessingRecipeSerializer.java:72) ~[create-1.20.1-6.0.8.jar%23131!/:6.0.8]
	at com.simibubi.create.content.processing.recipe.ProcessingRecipeSerializer.fromJson(ProcessingRecipeSerializer.java:154) ~[create-1.20.1-6.0.8.jar%23131!/:6.0.8]
	at com.simibubi.create.content.processing.recipe.ProcessingRecipeSerializer.m_6729_(ProcessingRecipeSerializer.java:21) ~[create-1.20.1-6.0.8.jar%23131!/:6.0.8]
	at net.minecraftforge.common.extensions.IForgeRecipeSerializer.fromJson(IForgeRecipeSerializer.java:23) ~[forge-1.20.1-47.4.10-universal.jar%23156!/:?]
	at net.minecraft.world.item.crafting.RecipeManager.fromJson(RecipeManager.java:171) ~[server-1.20.1-20230612.114412-srg.jar%23151!/:?]
	at net.minecraft.world.item.crafting.RecipeManager.m_5787_(RecipeManager.java:67) ~[server-1.20.1-20230612.114412-srg.jar%23151!/:?]
	at net.minecraft.world.item.crafting.RecipeManager.m_5787_(RecipeManager.java:34) ~[server-1.20.1-20230612.114412-srg.jar%23151!/:?]
	at net.minecraft.server.packs.resources.SimplePreparableReloadListener.m_10789_(SimplePreparableReloadListener.java:13) ~[server-1.20.1-20230612.114412-srg.jar%23151!/:?]
	at java.util.concurrent.CompletableFuture$UniAccept.tryFire(CompletableFuture.java:718) ~[?:?]
	at java.util.concurrent.CompletableFuture$Completion.run(CompletableFuture.java:482) ~[?:?]
	at net.minecraft.server.packs.resources.SimpleReloadInstance.m_143940_(SimpleReloadInstance.java:69) ~[server-1.20.1-20230612.114412-srg.jar%23151!/:?]
	at net.minecraft.Util.m_214652_(Util.java:783) ~[server-1.20.1-20230612.114412-srg.jar%23151!/:?]
	at net.minecraft.Util.m_214679_(Util.java:772) ~[server-1.20.1-20230612.114412-srg.jar%23151!/:?]
	at net.minecraft.server.Main.main(Main.java:166) ~[server-1.20.1-20230612.114412-srg.jar%23151!/:?]
	at jdk.internal.reflect.NativeMethodAccessorImpl.invoke0(Native Method) ~[?:?]
	at jdk.internal.reflect.NativeMethodAccessorImpl.invoke(NativeMethodAccessorImpl.java:77) ~[?:?]
	at jdk.internal.reflect.DelegatingMethodAccessorImpl.invoke(DelegatingMethodAccessorImpl.java:43) ~[?:?]
	at java.lang.reflect.Method.invoke(Method.java:569) ~[?:?]
	at net.minecraftforge.fml.loading.targets.CommonLaunchHandler.runTarget(CommonLaunchHandler.java:111) ~[fmlloader-1.20.1-47.4.10.jar%2369!/:?]
	at net.minecraftforge.fml.loading.targets.CommonLaunchHandler.serverService(CommonLaunchHandler.java:103) ~[fmlloader-1.20.1-47.4.10.jar%2369!/:?]
	at net.minecraftforge.fml.loading.targets.CommonServerLaunchHandler.lambda$makeService$0(CommonServerLaunchHandler.java:27) ~[fmlloader-1.20.1-47.4.10.jar%2369!/:?]
	at cpw.mods.modlauncher.LaunchServiceHandlerDecorator.launch(LaunchServiceHandlerDecorator.java:30) ~[modlauncher-10.0.9.jar%2355!/:?]
	at cpw.mods.modlauncher.LaunchServiceHandler.launch(LaunchServiceHandler.java:53) ~[modlauncher-10.0.9.jar%2355!/:?]
	at cpw.mods.modlauncher.LaunchServiceHandler.launch(LaunchServiceHandler.java:71) ~[modlauncher-10.0.9.jar%2355!/:?]
	at cpw.mods.modlauncher.Launcher.run(Launcher.java:108) ~[modlauncher-10.0.9.jar%2355!/:?]
	at cpw.mods.modlauncher.Launcher.main(Launcher.java:78) ~[modlauncher-10.0.9.jar%2355!/:?]
	at cpw.mods.modlauncher.BootstrapLaunchConsumer.accept(BootstrapLaunchConsumer.java:26) ~[modlauncher-10.0.9.jar%2355!/:?]
	at cpw.mods.modlauncher.BootstrapLaunchConsumer.accept(BootstrapLaunchConsumer.java:23) ~[modlauncher-10.0.9.jar%2355!/:?]
	at cpw.mods.bootstraplauncher.BootstrapLauncher.main(BootstrapLauncher.java:141) ~[bootstraplauncher-1.1.2.jar:?]
[11Aug2026 01:45:55.518] [main/ERROR] [net.minecraft.world.item.crafting.RecipeManager/]: Parsing error loading recipe s_a_b:compacting/light_steel_block
com.google.gson.JsonSyntaxException: Unknown item 'tfmg:heavy_plate'
	at net.minecraft.world.item.crafting.ShapedRecipe.m_151280_(ShapedRecipe.java:292) ~[server-1.20.1-20230612.114412-srg.jar%23151!/:?]
	at java.util.Optional.orElseThrow(Optional.java:403) ~[?:?]
	at net.minecraft.world.item.crafting.ShapedRecipe.m_151278_(ShapedRecipe.java:291) ~[server-1.20.1-20230612.114412-srg.jar%23151!/:?]
	at net.minecraft.world.item.crafting.Ingredient.m_43919_(Ingredient.java:219) ~[server-1.20.1-20230612.114412-srg.jar%23151!/:?]
	at net.minecraftforge.common.crafting.VanillaIngredientSerializer.parse(VanillaIngredientSerializer.java:27) ~[forge-1.20.1-47.4.10-universal.jar%23156!/:?]
	at net.minecraftforge.common.crafting.CraftingHelper.getIngredient(CraftingHelper.java:148) ~[forge-1.20.1-47.4.10-universal.jar%23156!/:?]
	at net.minecraft.world.item.crafting.Ingredient.m_288218_(Ingredient.java:194) ~[server-1.20.1-20230612.114412-srg.jar%23151!/:?]
	at net.minecraft.world.item.crafting.Ingredient.m_43917_(Ingredient.java:189) ~[server-1.20.1-20230612.114412-srg.jar%23151!/:?]
	at com.simibubi.create.content.processing.recipe.ProcessingRecipeSerializer.readFromJson(ProcessingRecipeSerializer.java:66) ~[create-1.20.1-6.0.8.jar%23131!/:6.0.8]
	at com.simibubi.create.content.processing.recipe.ProcessingRecipeSerializer.fromJson(ProcessingRecipeSerializer.java:154) ~[create-1.20.1-6.0.8.jar%23131!/:6.0.8]
	at com.simibubi.create.content.processing.recipe.ProcessingRecipeSerializer.m_6729_(ProcessingRecipeSerializer.java:21) ~[create-1.20.1-6.0.8.jar%23131!/:6.0.8]
	at net.minecraftforge.common.extensions.IForgeRecipeSerializer.fromJson(IForgeRecipeSerializer.java:23) ~[forge-1.20.1-47.4.10-universal.jar%23156!/:?]
	at net.minecraft.world.item.crafting.RecipeManager.fromJson(RecipeManager.java:171) ~[server-1.20.1-20230612.114412-srg.jar%23151!/:?]
	at net.minecraft.world.item.crafting.RecipeManager.m_5787_(RecipeManager.java:67) ~[server-1.20.1-20230612.114412-srg.jar%23151!/:?]
	at net.minecraft.world.item.crafting.RecipeManager.m_5787_(RecipeManager.java:34) ~[server-1.20.1-20230612.114412-srg.jar%23151!/:?]
	at net.minecraft.server.packs.resources.SimplePreparableReloadListener.m_10789_(SimplePreparableReloadListener.java:13) ~[server-1.20.1-20230612.114412-srg.jar%23151!/:?]
	at java.util.concurrent.CompletableFuture$UniAccept.tryFire(CompletableFuture.java:718) ~[?:?]
	at java.util.concurrent.CompletableFuture$Completion.run(CompletableFuture.java:482) ~[?:?]
	at net.minecraft.server.packs.resources.SimpleReloadInstance.m_143940_(SimpleReloadInstance.java:69) ~[server-1.20.1-20230612.114412-srg.jar%23151!/:?]
	at net.minecraft.Util.m_214652_(Util.java:783) ~[server-1.20.1-20230612.114412-srg.jar%23151!/:?]
	at net.minecraft.Util.m_214679_(Util.java:772) ~[server-1.20.1-20230612.114412-srg.jar%23151!/:?]
	at net.minecraft.server.Main.main(Main.java:166) ~[server-1.20.1-20230612.114412-srg.jar%23151!/:?]
	at jdk.internal.reflect.NativeMethodAccessorImpl.invoke0(Native Method) ~[?:?]
	at jdk.internal.reflect.NativeMethodAccessorImpl.invoke(NativeMethodAccessorImpl.java:77) ~[?:?]
	at jdk.internal.reflect.DelegatingMethodAccessorImpl.invoke(DelegatingMethodAccessorImpl.java:43) ~[?:?]
	at java.lang.reflect.Method.invoke(Method.java:569) ~[?:?]
	at net.minecraftforge.fml.loading.targets.CommonLaunchHandler.runTarget(CommonLaunchHandler.java:111) ~[fmlloader-1.20.1-47.4.10.jar%2369!/:?]
	at net.minecraftforge.fml.loading.targets.CommonLaunchHandler.serverService(CommonLaunchHandler.java:103) ~[fmlloader-1.20.1-47.4.10.jar%2369!/:?]
	at net.minecraftforge.fml.loading.targets.CommonServerLaunchHandler.lambda$makeService$0(CommonServerLaunchHandler.java:27) ~[fmlloader-1.20.1-47.4.10.jar%2369!/:?]
	at cpw.mods.modlauncher.LaunchServiceHandlerDecorator.launch(LaunchServiceHandlerDecorator.java:30) ~[modlauncher-10.0.9.jar%2355!/:?]
	at cpw.mods.modlauncher.LaunchServiceHandler.launch(LaunchServiceHandler.java:53) ~[modlauncher-10.0.9.jar%2355!/:?]
	at cpw.mods.modlauncher.LaunchServiceHandler.launch(LaunchServiceHandler.java:71) ~[modlauncher-10.0.9.jar%2355!/:?]
	at cpw.mods.modlauncher.Launcher.run(Launcher.java:108) ~[modlauncher-10.0.9.jar%2355!/:?]
	at cpw.mods.modlauncher.Launcher.main(Launcher.java:78) ~[modlauncher-10.0.9.jar%2355!/:?]
	at cpw.mods.modlauncher.BootstrapLaunchConsumer.accept(BootstrapLaunchConsumer.java:26) ~[modlauncher-10.0.9.jar%2355!/:?]
	at cpw.mods.modlauncher.BootstrapLaunchConsumer.accept(BootstrapLaunchConsumer.java:23) ~[modlauncher-10.0.9.jar%2355!/:?]
	at cpw.mods.bootstraplauncher.BootstrapLauncher.main(BootstrapLauncher.java:141) ~[bootstraplauncher-1.1.2.jar:?]
[11Aug2026 01:45:55.536] [main/ERROR] [net.minecraft.world.item.crafting.RecipeManager/]: Parsing error loading recipe s_a_b:compacting/double_steel_block
com.google.gson.JsonSyntaxException: Unknown item 'tfmg:heavy_plate'
	at net.minecraft.world.item.crafting.ShapedRecipe.m_151280_(ShapedRecipe.java:292) ~[server-1.20.1-20230612.114412-srg.jar%23151!/:?]
	at java.util.Optional.orElseThrow(Optional.java:403) ~[?:?]
	at net.minecraft.world.item.crafting.ShapedRecipe.m_151278_(ShapedRecipe.java:291) ~[server-1.20.1-20230612.114412-srg.jar%23151!/:?]
	at net.minecraft.world.item.crafting.Ingredient.m_43919_(Ingredient.java:219) ~[server-1.20.1-20230612.114412-srg.jar%23151!/:?]
	at net.minecraftforge.common.crafting.VanillaIngredientSerializer.parse(VanillaIngredientSerializer.java:27) ~[forge-1.20.1-47.4.10-universal.jar%23156!/:?]
	at net.minecraftforge.common.crafting.CraftingHelper.getIngredient(CraftingHelper.java:148) ~[forge-1.20.1-47.4.10-universal.jar%23156!/:?]
	at net.minecraft.world.item.crafting.Ingredient.m_288218_(Ingredient.java:194) ~[server-1.20.1-20230612.114412-srg.jar%23151!/:?]
	at net.minecraft.world.item.crafting.Ingredient.m_43917_(Ingredient.java:189) ~[server-1.20.1-20230612.114412-srg.jar%23151!/:?]
	at com.simibubi.create.content.processing.recipe.ProcessingRecipeSerializer.readFromJson(ProcessingRecipeSerializer.java:66) ~[create-1.20.1-6.0.8.jar%23131!/:6.0.8]
	at com.simibubi.create.content.processing.recipe.ProcessingRecipeSerializer.fromJson(ProcessingRecipeSerializer.java:154) ~[create-1.20.1-6.0.8.jar%23131!/:6.0.8]
	at com.simibubi.create.content.processing.recipe.ProcessingRecipeSerializer.m_6729_(ProcessingRecipeSerializer.java:21) ~[create-1.20.1-6.0.8.jar%23131!/:6.0.8]
	at net.minecraftforge.common.extensions.IForgeRecipeSerializer.fromJson(IForgeRecipeSerializer.java:23) ~[forge-1.20.1-47.4.10-universal.jar%23156!/:?]
	at net.minecraft.world.item.crafting.RecipeManager.fromJson(RecipeManager.java:171) ~[server-1.20.1-20230612.114412-srg.jar%23151!/:?]
	at net.minecraft.world.item.crafting.RecipeManager.m_5787_(RecipeManager.java:67) ~[server-1.20.1-20230612.114412-srg.jar%23151!/:?]
	at net.minecraft.world.item.crafting.RecipeManager.m_5787_(RecipeManager.java:34) ~[server-1.20.1-20230612.114412-srg.jar%23151!/:?]
	at net.minecraft.server.packs.resources.SimplePreparableReloadListener.m_10789_(SimplePreparableReloadListener.java:13) ~[server-1.20.1-20230612.114412-srg.jar%23151!/:?]
	at java.util.concurrent.CompletableFuture$UniAccept.tryFire(CompletableFuture.java:718) ~[?:?]
	at java.util.concurrent.CompletableFuture$Completion.run(CompletableFuture.java:482) ~[?:?]
	at net.minecraft.server.packs.resources.SimpleReloadInstance.m_143940_(SimpleReloadInstance.java:69) ~[server-1.20.1-20230612.114412-srg.jar%23151!/:?]
	at net.minecraft.Util.m_214652_(Util.java:783) ~[server-1.20.1-20230612.114412-srg.jar%23151!/:?]
	at net.minecraft.Util.m_214679_(Util.java:772) ~[server-1.20.1-20230612.114412-srg.jar%23151!/:?]
	at net.minecraft.server.Main.main(Main.java:166) ~[server-1.20.1-20230612.114412-srg.jar%23151!/:?]
	at jdk.internal.reflect.NativeMethodAccessorImpl.invoke0(Native Method) ~[?:?]
	at jdk.internal.reflect.NativeMethodAccessorImpl.invoke(NativeMethodAccessorImpl.java:77) ~[?:?]
	at jdk.internal.reflect.DelegatingMethodAccessorImpl.invoke(DelegatingMethodAccessorImpl.java:43) ~[?:?]
	at java.lang.reflect.Method.invoke(Method.java:569) ~[?:?]
	at net.minecraftforge.fml.loading.targets.CommonLaunchHandler.runTarget(CommonLaunchHandler.java:111) ~[fmlloader-1.20.1-47.4.10.jar%2369!/:?]
	at net.minecraftforge.fml.loading.targets.CommonLaunchHandler.serverService(CommonLaunchHandler.java:103) ~[fmlloader-1.20.1-47.4.10.jar%2369!/:?]
	at net.minecraftforge.fml.loading.targets.CommonServerLaunchHandler.lambda$makeService$0(CommonServerLaunchHandler.java:27) ~[fmlloader-1.20.1-47.4.10.jar%2369!/:?]
	at cpw.mods.modlauncher.LaunchServiceHandlerDecorator.launch(LaunchServiceHandlerDecorator.java:30) ~[modlauncher-10.0.9.jar%2355!/:?]
	at cpw.mods.modlauncher.LaunchServiceHandler.launch(LaunchServiceHandler.java:53) ~[modlauncher-10.0.9.jar%2355!/:?]
	at cpw.mods.modlauncher.LaunchServiceHandler.launch(LaunchServiceHandler.java:71) ~[modlauncher-10.0.9.jar%2355!/:?]
	at cpw.mods.modlauncher.Launcher.run(Launcher.java:108) ~[modlauncher-10.0.9.jar%2355!/:?]
	at cpw.mods.modlauncher.Launcher.main(Launcher.java:78) ~[modlauncher-10.0.9.jar%2355!/:?]
	at cpw.mods.modlauncher.BootstrapLaunchConsumer.accept(BootstrapLaunchConsumer.java:26) ~[modlauncher-10.0.9.jar%2355!/:?]
	at cpw.mods.modlauncher.BootstrapLaunchConsumer.accept(BootstrapLaunchConsumer.java:23) ~[modlauncher-10.0.9.jar%2355!/:?]
	at cpw.mods.bootstraplauncher.BootstrapLauncher.main(BootstrapLauncher.java:141) ~[bootstraplauncher-1.1.2.jar:?]
[11Aug2026 01:45:55.608] [main/ERROR] [net.minecraft.world.item.crafting.RecipeManager/]: Parsing error loading recipe s_a_b:mixing/light_steel_block_melting
com.google.gson.JsonSyntaxException: Invalid empty fluid 'tfmg:molten_steel'
	at com.simibubi.create.foundation.fluid.FluidHelper.deserializeFluidStack(FluidHelper.java:151) ~[create-1.20.1-6.0.8.jar%23131!/:6.0.8]
	at com.simibubi.create.content.processing.recipe.ProcessingRecipeSerializer.readFromJson(ProcessingRecipeSerializer.java:72) ~[create-1.20.1-6.0.8.jar%23131!/:6.0.8]
	at com.simibubi.create.content.processing.recipe.ProcessingRecipeSerializer.fromJson(ProcessingRecipeSerializer.java:154) ~[create-1.20.1-6.0.8.jar%23131!/:6.0.8]
	at com.simibubi.create.content.processing.recipe.ProcessingRecipeSerializer.m_6729_(ProcessingRecipeSerializer.java:21) ~[create-1.20.1-6.0.8.jar%23131!/:6.0.8]
	at net.minecraftforge.common.extensions.IForgeRecipeSerializer.fromJson(IForgeRecipeSerializer.java:23) ~[forge-1.20.1-47.4.10-universal.jar%23156!/:?]
	at net.minecraft.world.item.crafting.RecipeManager.fromJson(RecipeManager.java:171) ~[server-1.20.1-20230612.114412-srg.jar%23151!/:?]
	at net.minecraft.world.item.crafting.RecipeManager.m_5787_(RecipeManager.java:67) ~[server-1.20.1-20230612.114412-srg.jar%23151!/:?]
	at net.minecraft.world.item.crafting.RecipeManager.m_5787_(RecipeManager.java:34) ~[server-1.20.1-20230612.114412-srg.jar%23151!/:?]
	at net.minecraft.server.packs.resources.SimplePreparableReloadListener.m_10789_(SimplePreparableReloadListener.java:13) ~[server-1.20.1-20230612.114412-srg.jar%23151!/:?]
	at java.util.concurrent.CompletableFuture$UniAccept.tryFire(CompletableFuture.java:718) ~[?:?]
	at java.util.concurrent.CompletableFuture$Completion.run(CompletableFuture.java:482) ~[?:?]
	at net.minecraft.server.packs.resources.SimpleReloadInstance.m_143940_(SimpleReloadInstance.java:69) ~[server-1.20.1-20230612.114412-srg.jar%23151!/:?]
	at net.minecraft.Util.m_214652_(Util.java:783) ~[server-1.20.1-20230612.114412-srg.jar%23151!/:?]
	at net.minecraft.Util.m_214679_(Util.java:772) ~[server-1.20.1-20230612.114412-srg.jar%23151!/:?]
	at net.minecraft.server.Main.main(Main.java:166) ~[server-1.20.1-20230612.114412-srg.jar%23151!/:?]
	at jdk.internal.reflect.NativeMethodAccessorImpl.invoke0(Native Method) ~[?:?]
	at jdk.internal.reflect.NativeMethodAccessorImpl.invoke(NativeMethodAccessorImpl.java:77) ~[?:?]
	at jdk.internal.reflect.DelegatingMethodAccessorImpl.invoke(DelegatingMethodAccessorImpl.java:43) ~[?:?]
	at java.lang.reflect.Method.invoke(Method.java:569) ~[?:?]
	at net.minecraftforge.fml.loading.targets.CommonLaunchHandler.runTarget(CommonLaunchHandler.java:111) ~[fmlloader-1.20.1-47.4.10.jar%2369!/:?]
	at net.minecraftforge.fml.loading.targets.CommonLaunchHandler.serverService(CommonLaunchHandler.java:103) ~[fmlloader-1.20.1-47.4.10.jar%2369!/:?]
	at net.minecraftforge.fml.loading.targets.CommonServerLaunchHandler.lambda$makeService$0(CommonServerLaunchHandler.java:27) ~[fmlloader-1.20.1-47.4.10.jar%2369!/:?]
	at cpw.mods.modlauncher.LaunchServiceHandlerDecorator.launch(LaunchServiceHandlerDecorator.java:30) ~[modlauncher-10.0.9.jar%2355!/:?]
	at cpw.mods.modlauncher.LaunchServiceHandler.launch(LaunchServiceHandler.java:53) ~[modlauncher-10.0.9.jar%2355!/:?]
	at cpw.mods.modlauncher.LaunchServiceHandler.launch(LaunchServiceHandler.java:71) ~[modlauncher-10.0.9.jar%2355!/:?]
	at cpw.mods.modlauncher.Launcher.run(Launcher.java:108) ~[modlauncher-10.0.9.jar%2355!/:?]
	at cpw.mods.modlauncher.Launcher.main(Launcher.java:78) ~[modlauncher-10.0.9.jar%2355!/:?]
	at cpw.mods.modlauncher.BootstrapLaunchConsumer.accept(BootstrapLaunchConsumer.java:26) ~[modlauncher-10.0.9.jar%2355!/:?]
	at cpw.mods.modlauncher.BootstrapLaunchConsumer.accept(BootstrapLaunchConsumer.java:23) ~[modlauncher-10.0.9.jar%2355!/:?]
	at cpw.mods.bootstraplauncher.BootstrapLauncher.main(BootstrapLauncher.java:141) ~[bootstraplauncher-1.1.2.jar:?]
[11Aug2026 01:45:55.617] [main/ERROR] [net.minecraft.world.item.crafting.RecipeManager/]: Parsing error loading recipe s_a_b:compacting/hard_steel_block
com.google.gson.JsonSyntaxException: Unknown item 'tfmg:heavy_plate'
	at net.minecraft.world.item.crafting.ShapedRecipe.m_151280_(ShapedRecipe.java:292) ~[server-1.20.1-20230612.114412-srg.jar%23151!/:?]
	at java.util.Optional.orElseThrow(Optional.java:403) ~[?:?]
	at net.minecraft.world.item.crafting.ShapedRecipe.m_151278_(ShapedRecipe.java:291) ~[server-1.20.1-20230612.114412-srg.jar%23151!/:?]
	at net.minecraft.world.item.crafting.Ingredient.m_43919_(Ingredient.java:219) ~[server-1.20.1-20230612.114412-srg.jar%23151!/:?]
	at net.minecraftforge.common.crafting.VanillaIngredientSerializer.parse(VanillaIngredientSerializer.java:27) ~[forge-1.20.1-47.4.10-universal.jar%23156!/:?]
	at net.minecraftforge.common.crafting.CraftingHelper.getIngredient(CraftingHelper.java:148) ~[forge-1.20.1-47.4.10-universal.jar%23156!/:?]
	at net.minecraft.world.item.crafting.Ingredient.m_288218_(Ingredient.java:194) ~[server-1.20.1-20230612.114412-srg.jar%23151!/:?]
	at net.minecraft.world.item.crafting.Ingredient.m_43917_(Ingredient.java:189) ~[server-1.20.1-20230612.114412-srg.jar%23151!/:?]
	at com.simibubi.create.content.processing.recipe.ProcessingRecipeSerializer.readFromJson(ProcessingRecipeSerializer.java:66) ~[create-1.20.1-6.0.8.jar%23131!/:6.0.8]
	at com.simibubi.create.content.processing.recipe.ProcessingRecipeSerializer.fromJson(ProcessingRecipeSerializer.java:154) ~[create-1.20.1-6.0.8.jar%23131!/:6.0.8]
	at com.simibubi.create.content.processing.recipe.ProcessingRecipeSerializer.m_6729_(ProcessingRecipeSerializer.java:21) ~[create-1.20.1-6.0.8.jar%23131!/:6.0.8]
	at net.minecraftforge.common.extensions.IForgeRecipeSerializer.fromJson(IForgeRecipeSerializer.java:23) ~[forge-1.20.1-47.4.10-universal.jar%23156!/:?]
	at net.minecraft.world.item.crafting.RecipeManager.fromJson(RecipeManager.java:171) ~[server-1.20.1-20230612.114412-srg.jar%23151!/:?]
	at net.minecraft.world.item.crafting.RecipeManager.m_5787_(RecipeManager.java:67) ~[server-1.20.1-20230612.114412-srg.jar%23151!/:?]
	at net.minecraft.world.item.crafting.RecipeManager.m_5787_(RecipeManager.java:34) ~[server-1.20.1-20230612.114412-srg.jar%23151!/:?]
	at net.minecraft.server.packs.resources.SimplePreparableReloadListener.m_10789_(SimplePreparableReloadListener.java:13) ~[server-1.20.1-20230612.114412-srg.jar%23151!/:?]
	at java.util.concurrent.CompletableFuture$UniAccept.tryFire(CompletableFuture.java:718) ~[?:?]
	at java.util.concurrent.CompletableFuture$Completion.run(CompletableFuture.java:482) ~[?:?]
	at net.minecraft.server.packs.resources.SimpleReloadInstance.m_143940_(SimpleReloadInstance.java:69) ~[server-1.20.1-20230612.114412-srg.jar%23151!/:?]
	at net.minecraft.Util.m_214652_(Util.java:783) ~[server-1.20.1-20230612.114412-srg.jar%23151!/:?]
	at net.minecraft.Util.m_214679_(Util.java:772) ~[server-1.20.1-20230612.114412-srg.jar%23151!/:?]
	at net.minecraft.server.Main.main(Main.java:166) ~[server-1.20.1-20230612.114412-srg.jar%23151!/:?]
	at jdk.internal.reflect.NativeMethodAccessorImpl.invoke0(Native Method) ~[?:?]
	at jdk.internal.reflect.NativeMethodAccessorImpl.invoke(NativeMethodAccessorImpl.java:77) ~[?:?]
	at jdk.internal.reflect.DelegatingMethodAccessorImpl.invoke(DelegatingMethodAccessorImpl.java:43) ~[?:?]
	at java.lang.reflect.Method.invoke(Method.java:569) ~[?:?]
	at net.minecraftforge.fml.loading.targets.CommonLaunchHandler.runTarget(CommonLaunchHandler.java:111) ~[fmlloader-1.20.1-47.4.10.jar%2369!/:?]
	at net.minecraftforge.fml.loading.targets.CommonLaunchHandler.serverService(CommonLaunchHandler.java:103) ~[fmlloader-1.20.1-47.4.10.jar%2369!/:?]
	at net.minecraftforge.fml.loading.targets.CommonServerLaunchHandler.lambda$makeService$0(CommonServerLaunchHandler.java:27) ~[fmlloader-1.20.1-47.4.10.jar%2369!/:?]
	at cpw.mods.modlauncher.LaunchServiceHandlerDecorator.launch(LaunchServiceHandlerDecorator.java:30) ~[modlauncher-10.0.9.jar%2355!/:?]
	at cpw.mods.modlauncher.LaunchServiceHandler.launch(LaunchServiceHandler.java:53) ~[modlauncher-10.0.9.jar%2355!/:?]
	at cpw.mods.modlauncher.LaunchServiceHandler.launch(LaunchServiceHandler.java:71) ~[modlauncher-10.0.9.jar%2355!/:?]
	at cpw.mods.modlauncher.Launcher.run(Launcher.java:108) ~[modlauncher-10.0.9.jar%2355!/:?]
	at cpw.mods.modlauncher.Launcher.main(Launcher.java:78) ~[modlauncher-10.0.9.jar%2355!/:?]
	at cpw.mods.modlauncher.BootstrapLaunchConsumer.accept(BootstrapLaunchConsumer.java:26) ~[modlauncher-10.0.9.jar%2355!/:?]
	at cpw.mods.modlauncher.BootstrapLaunchConsumer.accept(BootstrapLaunchConsumer.java:23) ~[modlauncher-10.0.9.jar%2355!/:?]
	at cpw.mods.bootstraplauncher.BootstrapLauncher.main(BootstrapLauncher.java:141) ~[bootstraplauncher-1.1.2.jar:?]
[11Aug2026 01:45:55.634] [main/ERROR] [net.minecraft.world.item.crafting.RecipeManager/]: Parsing error loading recipe s_a_b:mixing/double_steel_block_melting
com.google.gson.JsonSyntaxException: Invalid empty fluid 'tfmg:molten_steel'
	at com.simibubi.create.foundation.fluid.FluidHelper.deserializeFluidStack(FluidHelper.java:151) ~[create-1.20.1-6.0.8.jar%23131!/:6.0.8]
	at com.simibubi.create.content.processing.recipe.ProcessingRecipeSerializer.readFromJson(ProcessingRecipeSerializer.java:72) ~[create-1.20.1-6.0.8.jar%23131!/:6.0.8]
	at com.simibubi.create.content.processing.recipe.ProcessingRecipeSerializer.fromJson(ProcessingRecipeSerializer.java:154) ~[create-1.20.1-6.0.8.jar%23131!/:6.0.8]
	at com.simibubi.create.content.processing.recipe.ProcessingRecipeSerializer.m_6729_(ProcessingRecipeSerializer.java:21) ~[create-1.20.1-6.0.8.jar%23131!/:6.0.8]
	at net.minecraftforge.common.extensions.IForgeRecipeSerializer.fromJson(IForgeRecipeSerializer.java:23) ~[forge-1.20.1-47.4.10-universal.jar%23156!/:?]
	at net.minecraft.world.item.crafting.RecipeManager.fromJson(RecipeManager.java:171) ~[server-1.20.1-20230612.114412-srg.jar%23151!/:?]
	at net.minecraft.world.item.crafting.RecipeManager.m_5787_(RecipeManager.java:67) ~[server-1.20.1-20230612.114412-srg.jar%23151!/:?]
	at net.minecraft.world.item.crafting.RecipeManager.m_5787_(RecipeManager.java:34) ~[server-1.20.1-20230612.114412-srg.jar%23151!/:?]
	at net.minecraft.server.packs.resources.SimplePreparableReloadListener.m_10789_(SimplePreparableReloadListener.java:13) ~[server-1.20.1-20230612.114412-srg.jar%23151!/:?]
	at java.util.concurrent.CompletableFuture$UniAccept.tryFire(CompletableFuture.java:718) ~[?:?]
	at java.util.concurrent.CompletableFuture$Completion.run(CompletableFuture.java:482) ~[?:?]
	at net.minecraft.server.packs.resources.SimpleReloadInstance.m_143940_(SimpleReloadInstance.java:69) ~[server-1.20.1-20230612.114412-srg.jar%23151!/:?]
	at net.minecraft.Util.m_214652_(Util.java:783) ~[server-1.20.1-20230612.114412-srg.jar%23151!/:?]
	at net.minecraft.Util.m_214679_(Util.java:772) ~[server-1.20.1-20230612.114412-srg.jar%23151!/:?]
	at net.minecraft.server.Main.main(Main.java:166) ~[server-1.20.1-20230612.114412-srg.jar%23151!/:?]
	at jdk.internal.reflect.NativeMethodAccessorImpl.invoke0(Native Method) ~[?:?]
	at jdk.internal.reflect.NativeMethodAccessorImpl.invoke(NativeMethodAccessorImpl.java:77) ~[?:?]
	at jdk.internal.reflect.DelegatingMethodAccessorImpl.invoke(DelegatingMethodAccessorImpl.java:43) ~[?:?]
	at java.lang.reflect.Method.invoke(Method.java:569) ~[?:?]
	at net.minecraftforge.fml.loading.targets.CommonLaunchHandler.runTarget(CommonLaunchHandler.java:111) ~[fmlloader-1.20.1-47.4.10.jar%2369!/:?]
	at net.minecraftforge.fml.loading.targets.CommonLaunchHandler.serverService(CommonLaunchHandler.java:103) ~[fmlloader-1.20.1-47.4.10.jar%2369!/:?]
	at net.minecraftforge.fml.loading.targets.CommonServerLaunchHandler.lambda$makeService$0(CommonServerLaunchHandler.java:27) ~[fmlloader-1.20.1-47.4.10.jar%2369!/:?]
	at cpw.mods.modlauncher.LaunchServiceHandlerDecorator.launch(LaunchServiceHandlerDecorator.java:30) ~[modlauncher-10.0.9.jar%2355!/:?]
	at cpw.mods.modlauncher.LaunchServiceHandler.launch(LaunchServiceHandler.java:53) ~[modlauncher-10.0.9.jar%2355!/:?]
	at cpw.mods.modlauncher.LaunchServiceHandler.launch(LaunchServiceHandler.java:71) ~[modlauncher-10.0.9.jar%2355!/:?]
	at cpw.mods.modlauncher.Launcher.run(Launcher.java:108) ~[modlauncher-10.0.9.jar%2355!/:?]
	at cpw.mods.modlauncher.Launcher.main(Launcher.java:78) ~[modlauncher-10.0.9.jar%2355!/:?]
	at cpw.mods.modlauncher.BootstrapLaunchConsumer.accept(BootstrapLaunchConsumer.java:26) ~[modlauncher-10.0.9.jar%2355!/:?]
	at cpw.mods.modlauncher.BootstrapLaunchConsumer.accept(BootstrapLaunchConsumer.java:23) ~[modlauncher-10.0.9.jar%2355!/:?]
	at cpw.mods.bootstraplauncher.BootstrapLauncher.main(BootstrapLauncher.java:141) ~[bootstraplauncher-1.1.2.jar:?]
[11Aug2026 01:45:55.639] [main/ERROR] [net.minecraft.world.item.crafting.RecipeManager/]: Parsing error loading recipe s_a_b:mixing/hard_steel_block_melting
com.google.gson.JsonSyntaxException: Invalid empty fluid 'tfmg:molten_steel'
	at com.simibubi.create.foundation.fluid.FluidHelper.deserializeFluidStack(FluidHelper.java:151) ~[create-1.20.1-6.0.8.jar%23131!/:6.0.8]
	at com.simibubi.create.content.processing.recipe.ProcessingRecipeSerializer.readFromJson(ProcessingRecipeSerializer.java:72) ~[create-1.20.1-6.0.8.jar%23131!/:6.0.8]
	at com.simibubi.create.content.processing.recipe.ProcessingRecipeSerializer.fromJson(ProcessingRecipeSerializer.java:154) ~[create-1.20.1-6.0.8.jar%23131!/:6.0.8]
	at com.simibubi.create.content.processing.recipe.ProcessingRecipeSerializer.m_6729_(ProcessingRecipeSerializer.java:21) ~[create-1.20.1-6.0.8.jar%23131!/:6.0.8]
	at net.minecraftforge.common.extensions.IForgeRecipeSerializer.fromJson(IForgeRecipeSerializer.java:23) ~[forge-1.20.1-47.4.10-universal.jar%23156!/:?]
	at net.minecraft.world.item.crafting.RecipeManager.fromJson(RecipeManager.java:171) ~[server-1.20.1-20230612.114412-srg.jar%23151!/:?]
	at net.minecraft.world.item.crafting.RecipeManager.m_5787_(RecipeManager.java:67) ~[server-1.20.1-20230612.114412-srg.jar%23151!/:?]
	at net.minecraft.world.item.crafting.RecipeManager.m_5787_(RecipeManager.java:34) ~[server-1.20.1-20230612.114412-srg.jar%23151!/:?]
	at net.minecraft.server.packs.resources.SimplePreparableReloadListener.m_10789_(SimplePreparableReloadListener.java:13) ~[server-1.20.1-20230612.114412-srg.jar%23151!/:?]
	at java.util.concurrent.CompletableFuture$UniAccept.tryFire(CompletableFuture.java:718) ~[?:?]
	at java.util.concurrent.CompletableFuture$Completion.run(CompletableFuture.java:482) ~[?:?]
	at net.minecraft.server.packs.resources.SimpleReloadInstance.m_143940_(SimpleReloadInstance.java:69) ~[server-1.20.1-20230612.114412-srg.jar%23151!/:?]
	at net.minecraft.Util.m_214652_(Util.java:783) ~[server-1.20.1-20230612.114412-srg.jar%23151!/:?]
	at net.minecraft.Util.m_214679_(Util.java:772) ~[server-1.20.1-20230612.114412-srg.jar%23151!/:?]
	at net.minecraft.server.Main.main(Main.java:166) ~[server-1.20.1-20230612.114412-srg.jar%23151!/:?]
	at jdk.internal.reflect.NativeMethodAccessorImpl.invoke0(Native Method) ~[?:?]
	at jdk.internal.reflect.NativeMethodAccessorImpl.invoke(NativeMethodAccessorImpl.java:77) ~[?:?]
	at jdk.internal.reflect.DelegatingMethodAccessorImpl.invoke(DelegatingMethodAccessorImpl.java:43) ~[?:?]
	at java.lang.reflect.Method.invoke(Method.java:569) ~[?:?]
	at net.minecraftforge.fml.loading.targets.CommonLaunchHandler.runTarget(CommonLaunchHandler.java:111) ~[fmlloader-1.20.1-47.4.10.jar%2369!/:?]
	at net.minecraftforge.fml.loading.targets.CommonLaunchHandler.serverService(CommonLaunchHandler.java:103) ~[fmlloader-1.20.1-47.4.10.jar%2369!/:?]
	at net.minecraftforge.fml.loading.targets.CommonServerLaunchHandler.lambda$makeService$0(CommonServerLaunchHandler.java:27) ~[fmlloader-1.20.1-47.4.10.jar%2369!/:?]
	at cpw.mods.modlauncher.LaunchServiceHandlerDecorator.launch(LaunchServiceHandlerDecorator.java:30) ~[modlauncher-10.0.9.jar%2355!/:?]
	at cpw.mods.modlauncher.LaunchServiceHandler.launch(LaunchServiceHandler.java:53) ~[modlauncher-10.0.9.jar%2355!/:?]
	at cpw.mods.modlauncher.LaunchServiceHandler.launch(LaunchServiceHandler.java:71) ~[modlauncher-10.0.9.jar%2355!/:?]
	at cpw.mods.modlauncher.Launcher.run(Launcher.java:108) ~[modlauncher-10.0.9.jar%2355!/:?]
	at cpw.mods.modlauncher.Launcher.main(Launcher.java:78) ~[modlauncher-10.0.9.jar%2355!/:?]
	at cpw.mods.modlauncher.BootstrapLaunchConsumer.accept(BootstrapLaunchConsumer.java:26) ~[modlauncher-10.0.9.jar%2355!/:?]
	at cpw.mods.modlauncher.BootstrapLaunchConsumer.accept(BootstrapLaunchConsumer.java:23) ~[modlauncher-10.0.9.jar%2355!/:?]
	at cpw.mods.bootstraplauncher.BootstrapLauncher.main(BootstrapLauncher.java:141) ~[bootstraplauncher-1.1.2.jar:?]
[11Aug2026 01:45:55.660] [main/INFO] [net.minecraft.world.item.crafting.RecipeManager/]: Loaded 33 recipes
[11Aug2026 01:45:55.822] [main/ERROR] [net.minecraft.advancements.AdvancementList/]: Couldn't load advancement dragonsofberk:night_fury: Task Advancement{parentId=dragonsofberk:strike, display=net.minecraft.advancements.DisplayInfo@226897cc, rewards=AdvancementRewards{experience=250, loot=[], recipes=[], function=net.minecraft.commands.CommandFunction$CacheableFunction@7a48e4c6}, criteria={requirements=net.minecraft.advancements.Criterion@52db8922}, requirements=[[requirements]], sends_telemetry_event=false}
[11Aug2026 01:45:55.823] [main/ERROR] [net.minecraft.advancements.AdvancementList/]: Couldn't load advancement dragonsofberk:belzium: Task Advancement{parentId=dragonsofberk:gronckle_iron, display=net.minecraft.advancements.DisplayInfo@346e2ad2, rewards=AdvancementRewards{experience=0, loot=[], recipes=[], function=net.minecraft.commands.CommandFunction$CacheableFunction@7a48e4c6}, criteria={requirement=net.minecraft.advancements.Criterion@32108a34}, requirements=[[requirement]], sends_telemetry_event=false}
[11Aug2026 01:45:55.823] [main/ERROR] [net.minecraft.advancements.AdvancementList/]: Couldn't load advancement dragonsofberk:gronckle_iron_tools: Task Advancement{parentId=dragonsofberk:gronckle_iron_tool, display=net.minecraft.advancements.DisplayInfo@5fa55475, rewards=AdvancementRewards{experience=250, loot=[], recipes=[], function=net.minecraft.commands.CommandFunction$CacheableFunction@7a48e4c6}, criteria={sword=net.minecraft.advancements.Criterion@6952349f, dagger=net.minecraft.advancements.Criterion@4d07c571, hammer=net.minecraft.advancements.Criterion@11a95b72, mace=net.minecraft.advancements.Criterion@64dab3ce, pickaxe=net.minecraft.advancements.Criterion@1c549506, doubleaxe=net.minecraft.advancements.Criterion@6f0be7b0, axe=net.minecraft.advancements.Criterion@34a243e8}, requirements=[[pickaxe], [sword], [dagger], [mace], [hammer], [axe], [doubleaxe]], sends_telemetry_event=false}
[11Aug2026 01:45:55.823] [main/ERROR] [net.minecraft.advancements.AdvancementList/]: Couldn't load advancement dragonsofberk:gronckle_iron_tool: Task Advancement{parentId=dragonsofberk:gronckle_iron, display=net.minecraft.advancements.DisplayInfo@5524d3b1, rewards=AdvancementRewards{experience=250, loot=[], recipes=[], function=net.minecraft.commands.CommandFunction$CacheableFunction@7a48e4c6}, criteria={sword=net.minecraft.advancements.Criterion@230f6446, dagger=net.minecraft.advancements.Criterion@5f6579, hammer=net.minecraft.advancements.Criterion@59536ace, mace=net.minecraft.advancements.Criterion@2a19830e, pickaxe=net.minecraft.advancements.Criterion@72ecef5f, doubleaxe=net.minecraft.advancements.Criterion@96338d6, axe=net.minecraft.advancements.Criterion@4ba4362e}, requirements=[[pickaxe, sword, axe, doubleaxe, mace, dagger, hammer]], sends_telemetry_event=false}
[11Aug2026 01:45:55.823] [main/ERROR] [net.minecraft.advancements.AdvancementList/]: Couldn't load advancement dragonsofberk:boulder: Task Advancement{parentId=dragonsofberk:dragonsofberk, display=net.minecraft.advancements.DisplayInfo@28756301, rewards=AdvancementRewards{experience=25, loot=[], recipes=[], function=net.minecraft.commands.CommandFunction$CacheableFunction@7a48e4c6}, criteria={requirements=net.minecraft.advancements.Criterion@420a2567}, requirements=[[requirements]], sends_telemetry_event=false}
[11Aug2026 01:45:55.823] [main/ERROR] [net.minecraft.advancements.AdvancementList/]: Couldn't load advancement dragonsofberk:skrill: Task Advancement{parentId=dragonsofberk:dragonsofberk, display=net.minecraft.advancements.DisplayInfo@48c99cfe, rewards=AdvancementRewards{experience=250, loot=[], recipes=[], function=net.minecraft.commands.CommandFunction$CacheableFunction@7a48e4c6}, criteria={requirements=net.minecraft.advancements.Criterion@5b7bb99d}, requirements=[[requirements]], sends_telemetry_event=false}
[11Aug2026 01:45:55.823] [main/ERROR] [net.minecraft.advancements.AdvancementList/]: Couldn't load advancement dragonsofberk:sharp: Task Advancement{parentId=dragonsofberk:dragonsofberk, display=net.minecraft.advancements.DisplayInfo@6270b758, rewards=AdvancementRewards{experience=25, loot=[], recipes=[], function=net.minecraft.commands.CommandFunction$CacheableFunction@7a48e4c6}, criteria={stinger=net.minecraft.advancements.Criterion@64415dda, speed_stinger=net.minecraft.advancements.Criterion@5be986c2}, requirements=[[speed_stinger, stinger]], sends_telemetry_event=false}
[11Aug2026 01:45:55.823] [main/ERROR] [net.minecraft.advancements.AdvancementList/]: Couldn't load advancement dragonsofberk:tracker: Task Advancement{parentId=dragonsofberk:dragonsofberk, display=net.minecraft.advancements.DisplayInfo@6326fd52, rewards=AdvancementRewards{experience=25, loot=[], recipes=[], function=net.minecraft.commands.CommandFunction$CacheableFunction@7a48e4c6}, criteria={requirements=net.minecraft.advancements.Criterion@74eeb862}, requirements=[[requirements]], sends_telemetry_event=false}
[11Aug2026 01:45:55.824] [main/ERROR] [net.minecraft.advancements.AdvancementList/]: Couldn't load advancement dragonsofberk:light_fury: Task Advancement{parentId=dragonsofberk:strike, display=net.minecraft.advancements.DisplayInfo@2a522f52, rewards=AdvancementRewards{experience=250, loot=[], recipes=[], function=net.minecraft.commands.CommandFunction$CacheableFunction@7a48e4c6}, criteria={requirements=net.minecraft.advancements.Criterion@2b7ebfd2}, requirements=[[requirements]], sends_telemetry_event=false}
[11Aug2026 01:45:55.824] [main/ERROR] [net.minecraft.advancements.AdvancementList/]: Couldn't load advancement dragonsofberk:belzium_tool: Task Advancement{parentId=dragonsofberk:belzium, display=net.minecraft.advancements.DisplayInfo@2f9fe802, rewards=AdvancementRewards{experience=250, loot=[], recipes=[], function=net.minecraft.commands.CommandFunction$CacheableFunction@7a48e4c6}, criteria={sword=net.minecraft.advancements.Criterion@7141420c, dagger=net.minecraft.advancements.Criterion@477768b7, hammer=net.minecraft.advancements.Criterion@30679aaa, mace=net.minecraft.advancements.Criterion@6068ab5c, pickaxe=net.minecraft.advancements.Criterion@1b42d47f, doubleaxe=net.minecraft.advancements.Criterion@670c3570, axe=net.minecraft.advancements.Criterion@6b3241f1}, requirements=[[pickaxe, sword, axe, doubleaxe, mace, dagger, hammer]], sends_telemetry_event=false}
[11Aug2026 01:45:55.824] [main/ERROR] [net.minecraft.advancements.AdvancementList/]: Couldn't load advancement dragonsofberk:stoker: Task Advancement{parentId=dragonsofberk:dragonsofberk, display=net.minecraft.advancements.DisplayInfo@4568fbab, rewards=AdvancementRewards{experience=250, loot=[], recipes=[], function=net.minecraft.commands.CommandFunction$CacheableFunction@7a48e4c6}, criteria={monstrous_nightmare=net.minecraft.advancements.Criterion@3c2c173e, terrible_terror=net.minecraft.advancements.Criterion@5bc22c1e}, requirements=[[monstrous_nightmare, terrible_terror]], sends_telemetry_event=false}
[11Aug2026 01:45:55.824] [main/ERROR] [net.minecraft.advancements.AdvancementList/]: Couldn't load advancement dragonsofberk:triple_stryke: Task Advancement{parentId=dragonsofberk:dragonsofberk, display=net.minecraft.advancements.DisplayInfo@9715baf, rewards=AdvancementRewards{experience=250, loot=[], recipes=[], function=net.minecraft.commands.CommandFunction$CacheableFunction@7a48e4c6}, criteria={requirements=net.minecraft.advancements.Criterion@43993443}, requirements=[[requirements]], sends_telemetry_event=false}
[11Aug2026 01:45:55.824] [main/ERROR] [net.minecraft.advancements.AdvancementList/]: Couldn't load advancement dragonsofberk:gronckle_iron: Task Advancement{parentId=dragonsofberk:boulder, display=net.minecraft.advancements.DisplayInfo@7a5ca587, rewards=AdvancementRewards{experience=0, loot=[], recipes=[], function=net.minecraft.commands.CommandFunction$CacheableFunction@7a48e4c6}, criteria={requirement=net.minecraft.advancements.Criterion@706dada3}, requirements=[[requirement]], sends_telemetry_event=false}
[11Aug2026 01:45:55.824] [main/ERROR] [net.minecraft.advancements.AdvancementList/]: Couldn't load advancement dragonsofberk:strike: Task Advancement{parentId=dragonsofberk:dragonsofberk, display=net.minecraft.advancements.DisplayInfo@6fb6f671, rewards=AdvancementRewards{experience=250, loot=[], recipes=[], function=net.minecraft.commands.CommandFunction$CacheableFunction@7a48e4c6}, criteria={night_fury=net.minecraft.advancements.Criterion@722b5e91, light_fury=net.minecraft.advancements.Criterion@7cc0c5e0, triple_stryke=net.minecraft.advancements.Criterion@440aad8d, skrill=net.minecraft.advancements.Criterion@1c57ce03}, requirements=[[night_fury, light_fury, triple_stryke, skrill]], sends_telemetry_event=false}
[11Aug2026 01:45:55.824] [main/ERROR] [net.minecraft.advancements.AdvancementList/]: Couldn't load advancement dragonsofberk:belzium_tools: Task Advancement{parentId=dragonsofberk:belzium_tool, display=net.minecraft.advancements.DisplayInfo@5f4242e1, rewards=AdvancementRewards{experience=250, loot=[], recipes=[], function=net.minecraft.commands.CommandFunction$CacheableFunction@7a48e4c6}, criteria={sword=net.minecraft.advancements.Criterion@7d47a8dc, dagger=net.minecraft.advancements.Criterion@4ff3151e, hammer=net.minecraft.advancements.Criterion@2ee4fa8f, mace=net.minecraft.advancements.Criterion@637cf0f8, pickaxe=net.minecraft.advancements.Criterion@23bdb503, doubleaxe=net.minecraft.advancements.Criterion@74311f8f, axe=net.minecraft.advancements.Criterion@7d88a304}, requirements=[[pickaxe], [sword], [dagger], [mace], [hammer], [axe], [doubleaxe]], sends_telemetry_event=false}
[11Aug2026 01:45:55.824] [main/ERROR] [net.minecraft.advancements.AdvancementList/]: Couldn't load advancement dragonsofberk:mystery: Task Advancement{parentId=dragonsofberk:dragonsofberk, display=net.minecraft.advancements.DisplayInfo@74cda014, rewards=AdvancementRewards{experience=25, loot=[], recipes=[], function=net.minecraft.commands.CommandFunction$CacheableFunction@7a48e4c6}, criteria={requirements=net.minecraft.advancements.Criterion@19962641}, requirements=[[requirements]], sends_telemetry_event=false}
[11Aug2026 01:45:55.824] [main/ERROR] [net.minecraft.advancements.AdvancementList/]: Couldn't load advancement dragonsofberk:stinger: Task Advancement{parentId=dragonsofberk:sharp, display=net.minecraft.advancements.DisplayInfo@36f3a987, rewards=AdvancementRewards{experience=250, loot=[], recipes=[], function=net.minecraft.commands.CommandFunction$CacheableFunction@7a48e4c6}, criteria={requirements=net.minecraft.advancements.Criterion@1e7f3536}, requirements=[[requirements]], sends_telemetry_event=false}
[11Aug2026 01:45:55.825] [main/INFO] [net.minecraft.advancements.AdvancementList/]: Loaded 4191 advancements
[11Aug2026 01:45:55.833] [main/INFO] [Fossils Archeology/]: Loaded 733 server animations for 66 entities
[11Aug2026 01:45:55.847] [main/INFO] [Fossils Archeology/]: Loaded 1056 animation category entries for 66 entities
[11Aug2026 01:45:55.853] [main/INFO] [Fossils Archeology/]: Loaded data for 59 entities
[11Aug2026 01:45:55.855] [main/INFO] [Fossils Archeology/]: Loaded food values: (blocks: 41) (items: 41) (entities: 35, 35) (Tags: 3, 8, 0)
[11Aug2026 01:45:55.864] [main/INFO] [Fossils Archeology/]: Loaded 13 variants
[11Aug2026 01:45:59.371] [Server thread/INFO] [net.minecraft.server.dedicated.DedicatedServer/]: Starting minecraft server version 1.20.1
[11Aug2026 01:45:59.372] [Server thread/INFO] [net.minecraft.server.dedicated.DedicatedServer/]: Loading properties
[11Aug2026 01:45:59.372] [Server thread/INFO] [net.minecraft.server.dedicated.DedicatedServer/]: Default game type: SURVIVAL
[11Aug2026 01:45:59.372] [Server thread/INFO] [net.minecraft.server.MinecraftServer/]: Generating keypair
[11Aug2026 01:45:59.491] [Server thread/INFO] [net.minecraft.server.dedicated.DedicatedServer/]: Starting Minecraft server on *:25565
[11Aug2026 01:45:59.515] [Server thread/INFO] [net.minecraft.server.network.ServerConnectionListener/]: Using epoll channel type
[11Aug2026 01:45:59.605] [Server thread/WARN] [net.minecraft.server.dedicated.DedicatedServer/]: **** SERVER IS RUNNING IN OFFLINE/INSECURE MODE!
[11Aug2026 01:45:59.605] [Server thread/WARN] [net.minecraft.server.dedicated.DedicatedServer/]: The server will make no attempt to authenticate usernames. Beware.
[11Aug2026 01:45:59.605] [Server thread/WARN] [net.minecraft.server.dedicated.DedicatedServer/]: While this makes the game possible to play without internet access, it also opens up the ability for hackers to connect with any username they choose.
[11Aug2026 01:45:59.605] [Server thread/WARN] [net.minecraft.server.dedicated.DedicatedServer/]: To change this, set "online-mode" to "true" in the server.properties file.
[11Aug2026 01:45:59.877] [Server thread/INFO] [terrablender/]: Initialized TerraBlender biomes for level stem minecraft:the_nether
[11Aug2026 01:46:00.113] [Server thread/INFO] [terrablender/]: Initialized TerraBlender biomes for level stem minecraft:overworld
[11Aug2026 01:46:00.115] [Server thread/INFO] [net.minecraft.server.dedicated.DedicatedServer/]: Preparing level "world"
[11Aug2026 01:46:03.368] [Server thread/INFO] [net.minecraft.server.MinecraftServer/]: Preparing start region for dimension minecraft:overworld
[11Aug2026 01:46:05.156] [Worker-Main-1/INFO] [net.minecraft.server.level.progress.LoggerChunkProgressListener/]: Preparing spawn area: 0%
[11Aug2026 01:46:05.176] [Worker-Main-2/INFO] [net.minecraft.server.level.progress.LoggerChunkProgressListener/]: Preparing spawn area: 0%
[11Aug2026 01:46:05.177] [Worker-Main-2/INFO] [net.minecraft.server.level.progress.LoggerChunkProgressListener/]: Preparing spawn area: 0%
[11Aug2026 01:46:05.177] [Worker-Main-2/INFO] [net.minecraft.server.level.progress.LoggerChunkProgressListener/]: Preparing spawn area: 0%
[11Aug2026 01:46:05.370] [Worker-Main-1/INFO] [net.minecraft.server.level.progress.LoggerChunkProgressListener/]: Preparing spawn area: 0%
[11Aug2026 01:46:05.895] [Worker-Main-1/INFO] [net.minecraft.server.level.progress.LoggerChunkProgressListener/]: Preparing spawn area: 0%
[11Aug2026 01:46:06.253] [Netty Epoll Server IO #1/INFO] [net.minecraftforge.server.ServerLifecycleHooks/SERVERHOOKS]: Disconnecting Player (server is still starting): literal{Server is still starting! Please wait before reconnecting.}
[11Aug2026 01:46:06.369] [Worker-Main-2/INFO] [net.minecraft.server.level.progress.LoggerChunkProgressListener/]: Preparing spawn area: 0%
[11Aug2026 01:46:06.910] [Worker-Main-2/INFO] [net.minecraft.server.level.progress.LoggerChunkProgressListener/]: Preparing spawn area: 0%
[11Aug2026 01:46:07.413] [Worker-Main-1/INFO] [net.minecraft.server.level.progress.LoggerChunkProgressListener/]: Preparing spawn area: 0%
[11Aug2026 01:46:07.965] [Worker-Main-2/INFO] [net.minecraft.server.level.progress.LoggerChunkProgressListener/]: Preparing spawn area: 1%
[11Aug2026 01:46:08.369] [Worker-Main-1/INFO] [net.minecraft.server.level.progress.LoggerChunkProgressListener/]: Preparing spawn area: 1%
[11Aug2026 01:46:09.096] [Worker-Main-2/INFO] [net.minecraft.server.level.progress.LoggerChunkProgressListener/]: Preparing spawn area: 8%
[11Aug2026 01:46:09.369] [Worker-Main-1/INFO] [net.minecraft.server.level.progress.LoggerChunkProgressListener/]: Preparing spawn area: 15%
[11Aug2026 01:46:09.869] [Worker-Main-1/INFO] [net.minecraft.server.level.progress.LoggerChunkProgressListener/]: Preparing spawn area: 23%
[11Aug2026 01:46:10.369] [Worker-Main-1/INFO] [net.minecraft.server.level.progress.LoggerChunkProgressListener/]: Preparing spawn area: 85%
[11Aug2026 01:46:10.566] [Server thread/INFO] [net.minecraft.server.level.progress.LoggerChunkProgressListener/]: Time elapsed: 7198 ms
[11Aug2026 01:46:10.567] [Server thread/INFO] [net.minecraft.server.dedicated.DedicatedServer/]: Done (10.942s)! For help, type "help"
[11Aug2026 01:46:10.736] [Server thread/INFO] [net.minecraftforge.server.permission.PermissionAPI/]: Successfully initialized permission handler forge:default_handler
[11Aug2026 01:46:10.740] [Server thread/WARN] [voicechat/]: [voicechat] Running in offline mode - Voice chat encryption is not secure!
[11Aug2026 01:46:10.760] [VoiceChatServerThread/INFO] [voicechat/]: [voicechat] Voice host is 'atoms-consortium.tun.ply.gg'
[11Aug2026 01:46:10.761] [VoiceChatServerThread/INFO] [voicechat/]: [voicechat] Voice chat server started at port 57018
[11Aug2026 01:49:31.261] [SkinRestorer-Fetch-1/WARN] [SkinRestorer/]: Failed to fetch skin 'mojang:f4tizzz'
java.lang.IllegalStateException: not found
	at net.lionarius.skinrestorer.util.WebUtils.throwOnClientErrors(WebUtils.java:141) ~[skinrestorer-2.10.0+1.20-forge.jar%23145!/:2.10.0+1.20-forge]
	at net.lionarius.skinrestorer.skin.provider.base.YggdrasilSkinProvider.getProfile(YggdrasilSkinProvider.java:50) ~[skinrestorer-2.10.0+1.20-forge.jar%23145!/:2.10.0+1.20-forge]
	at net.lionarius.skinrestorer.skin.provider.builtin.MojangSkinProvider.lambda$new$0(MojangSkinProvider.java:43) ~[skinrestorer-2.10.0+1.20-forge.jar%23145!/:2.10.0+1.20-forge]
	at net.minecraft.server.players.GameProfileCache.m_10993_(GameProfileCache.java:98) ~[server-1.20.1-20230612.114412-srg.jar%23151!/:?]
	at net.minecraft.server.players.GameProfileCache.m_10996_(GameProfileCache.java:150) ~[server-1.20.1-20230612.114412-srg.jar%23151!/:?]
	at net.lionarius.skinrestorer.skin.provider.builtin.MojangSkinProvider.resolveUuid(MojangSkinProvider.java:74) ~[skinrestorer-2.10.0+1.20-forge.jar%23145!/:2.10.0+1.20-forge]
	at net.lionarius.skinrestorer.skin.provider.base.ProfileSkinProvider.getCacheKey(ProfileSkinProvider.java:40) ~[skinrestorer-2.10.0+1.20-forge.jar%23145!/:2.10.0+1.20-forge]
	at net.lionarius.skinrestorer.skin.provider.base.ProfileSkinProvider.getCacheKey(ProfileSkinProvider.java:17) ~[skinrestorer-2.10.0+1.20-forge.jar%23145!/:2.10.0+1.20-forge]
	at net.lionarius.skinrestorer.skin.provider.base.AbstractSkinProvider.fetchSkin(AbstractSkinProvider.java:52) ~[skinrestorer-2.10.0+1.20-forge.jar%23145!/:2.10.0+1.20-forge]
	at net.minecraft.server.network.ServerLoginPacketListenerImpl.md6d4fd0$lambda$skinrestorer$fetchSkin$3$1(ServerLoginPacketListenerImpl.java:646) ~[server-1.20.1-20230612.114412-srg.jar%23151!/:?]
	at java.util.Optional.map(Optional.java:260) ~[?:?]
	at net.minecraft.server.network.ServerLoginPacketListenerImpl.skinrestorer$fetchSkin(ServerLoginPacketListenerImpl.java:646) ~[server-1.20.1-20230612.114412-srg.jar%23151!/:?]
	at net.minecraft.server.network.ServerLoginPacketListenerImpl.md6d4fd0$lambda$waitForSkin$0$4(ServerLoginPacketListenerImpl.java:595) ~[server-1.20.1-20230612.114412-srg.jar%23151!/:?]
	at java.util.concurrent.CompletableFuture$AsyncSupply.run(CompletableFuture.java:1768) ~[?:?]
	at java.util.concurrent.ThreadPoolExecutor.runWorker(ThreadPoolExecutor.java:1136) ~[?:?]
	at java.util.concurrent.ThreadPoolExecutor$Worker.run(ThreadPoolExecutor.java:635) ~[?:?]
	at java.lang.Thread.run(Thread.java:840) ~[?:?]
[11Aug2026 01:49:31.583] [Server thread/INFO] [net.minecraft.server.players.PlayerList/]: f4tizzz[/127.89.189.155:38077] logged in with entity id 50 at (-994.7637876870444, 68.0, 58.69999998807907)
[11Aug2026 01:49:31.694] [Server thread/INFO] [net.minecraft.server.MinecraftServer/]: f4tizzz joined the game
[11Aug2026 01:49:35.387] [Server thread/INFO] [voicechat/]: [voicechat] Received secret request of f4tizzz (20)
[11Aug2026 01:49:35.390] [Server thread/INFO] [voicechat/]: [voicechat] Sent secret to f4tizzz
[11Aug2026 01:49:35.437] [Server thread/WARN] [net.minecraft.server.MinecraftServer/]: Can't keep up! Is the server overloaded? Running 4027ms or 80 ticks behind
[11Aug2026 01:50:31.723] [Server thread/INFO] [net.minecraft.server.network.ServerGamePacketListenerImpl/]: f4tizzz lost connection: Timed out
[11Aug2026 01:50:31.724] [Server thread/INFO] [net.minecraft.server.MinecraftServer/]: f4tizzz left the game
[11Aug2026 01:50:31.728] [Server thread/INFO] [voicechat/]: [voicechat] Disconnecting client f4tizzz
[11Aug2026 01:52:53.573] [SkinRestorer-Fetch-2/WARN] [SkinRestorer/]: Failed to fetch skin 'mojang:f4tizzz'
java.lang.IllegalStateException: not found
	at net.lionarius.skinrestorer.util.WebUtils.throwOnClientErrors(WebUtils.java:141) ~[skinrestorer-2.10.0+1.20-forge.jar%23145!/:2.10.0+1.20-forge]
	at net.lionarius.skinrestorer.skin.provider.base.YggdrasilSkinProvider.getProfile(YggdrasilSkinProvider.java:50) ~[skinrestorer-2.10.0+1.20-forge.jar%23145!/:2.10.0+1.20-forge]
	at net.lionarius.skinrestorer.skin.provider.builtin.MojangSkinProvider.lambda$new$0(MojangSkinProvider.java:43) ~[skinrestorer-2.10.0+1.20-forge.jar%23145!/:2.10.0+1.20-forge]
	at net.minecraft.server.players.GameProfileCache.m_10993_(GameProfileCache.java:98) ~[server-1.20.1-20230612.114412-srg.jar%23151!/:?]
	at net.minecraft.server.players.GameProfileCache.m_10996_(GameProfileCache.java:150) ~[server-1.20.1-20230612.114412-srg.jar%23151!/:?]
	at net.lionarius.skinrestorer.skin.provider.builtin.MojangSkinProvider.resolveUuid(MojangSkinProvider.java:74) ~[skinrestorer-2.10.0+1.20-forge.jar%23145!/:2.10.0+1.20-forge]
	at net.lionarius.skinrestorer.skin.provider.base.ProfileSkinProvider.getCacheKey(ProfileSkinProvider.java:40) ~[skinrestorer-2.10.0+1.20-forge.jar%23145!/:2.10.0+1.20-forge]
	at net.lionarius.skinrestorer.skin.provider.base.ProfileSkinProvider.getCacheKey(ProfileSkinProvider.java:17) ~[skinrestorer-2.10.0+1.20-forge.jar%23145!/:2.10.0+1.20-forge]
	at net.lionarius.skinrestorer.skin.provider.base.AbstractSkinProvider.fetchSkin(AbstractSkinProvider.java:52) ~[skinrestorer-2.10.0+1.20-forge.jar%23145!/:2.10.0+1.20-forge]
	at net.minecraft.server.network.ServerLoginPacketListenerImpl.md6d4fd0$lambda$skinrestorer$fetchSkin$3$1(ServerLoginPacketListenerImpl.java:646) ~[server-1.20.1-20230612.114412-srg.jar%23151!/:?]
	at java.util.Optional.map(Optional.java:260) ~[?:?]
	at net.minecraft.server.network.ServerLoginPacketListenerImpl.skinrestorer$fetchSkin(ServerLoginPacketListenerImpl.java:646) ~[server-1.20.1-20230612.114412-srg.jar%23151!/:?]
	at net.minecraft.server.network.ServerLoginPacketListenerImpl.md6d4fd0$lambda$waitForSkin$0$4(ServerLoginPacketListenerImpl.java:595) ~[server-1.20.1-20230612.114412-srg.jar%23151!/:?]
	at java.util.concurrent.CompletableFuture$AsyncSupply.run(CompletableFuture.java:1768) ~[?:?]
	at java.util.concurrent.ThreadPoolExecutor.runWorker(ThreadPoolExecutor.java:1136) ~[?:?]
	at java.util.concurrent.ThreadPoolExecutor$Worker.run(ThreadPoolExecutor.java:635) ~[?:?]
	at java.lang.Thread.run(Thread.java:840) ~[?:?]
[11Aug2026 01:52:53.635] [Server thread/INFO] [net.minecraft.server.players.PlayerList/]: f4tizzz[/127.14.147.150:33613] logged in with entity id 403 at (-996.9400067621624, 68.0, 54.59339724676278)
[11Aug2026 01:52:53.660] [Server thread/INFO] [net.minecraft.server.MinecraftServer/]: f4tizzz joined the game
[11Aug2026 01:52:54.711] [Server thread/INFO] [voicechat/]: [voicechat] Received secret request of f4tizzz (20)
[11Aug2026 01:52:54.712] [Server thread/INFO] [voicechat/]: [voicechat] Sent secret to f4tizzz
[11Aug2026 01:58:14.329] [Server thread/INFO] [net.minecraft.server.players.PlayerList/]: antares[/127.29.15.204:50521] logged in with entity id 1733 at (-1502.7466179777455, 130.0, 431.37776121773334)
[11Aug2026 01:58:14.362] [Server thread/INFO] [net.minecraft.server.MinecraftServer/]: antares joined the game
[11Aug2026 01:58:16.732] [Server thread/INFO] [voicechat/]: [voicechat] Received secret request of antares (20)
[11Aug2026 01:58:16.732] [Server thread/INFO] [voicechat/]: [voicechat] Sent secret to antares
[11Aug2026 01:58:16.734] [Server thread/WARN] [net.minecraft.server.MinecraftServer/]: Can't keep up! Is the server overloaded? Running 2374ms or 47 ticks behind
[11Aug2026 01:58:32.897] [Server thread/INFO] [net.minecraft.server.MinecraftServer/]: [Not Secure] <antares> holii fati
[11Aug2026 01:58:37.155] [Server thread/INFO] [net.minecraft.server.MinecraftServer/]: [Not Secure] <f4tizzz> OLAAA
[11Aug2026 01:59:40.728] [Server thread/INFO] [net.minecraft.server.MinecraftServer/]: [Not Secure] <antares> tendras helechos?
[11Aug2026 01:59:49.838] [Server thread/INFO] [net.minecraft.server.MinecraftServer/]: [Not Secure] <f4tizzz> non TT
[11Aug2026 02:00:13.850] [Server thread/INFO] [net.minecraft.server.MinecraftServer/]: [Not Secure] <antares> tu dragon de comodo boto baba?
[11Aug2026 02:00:44.030] [Server thread/INFO] [net.minecraft.server.MinecraftServer/]: [Not Secure] <f4tizzz> eee
[11Aug2026 02:00:47.403] [Server thread/INFO] [net.minecraft.server.MinecraftServer/]: [Not Secure] <f4tizzz> no creo...
[11Aug2026 02:02:39.447] [Server thread/WARN] [net.minecraft.server.level.ServerPlayerGameMode/]: Mismatch in destroy block pos: BlockPos{x=-1486, y=86, z=462} BlockPos{x=-1485, y=84, z=461}
[11Aug2026 02:04:13.787] [Server thread/INFO] [net.minecraft.server.MinecraftServer/]: [Not Secure] <antares> zzz
[11Aug2026 02:04:30.380] [Server thread/INFO] [net.minecraft.server.MinecraftServer/]: [Not Secure] <f4tizzz> los phantom me pegaronTT
[11Aug2026 02:06:11.242] [Server thread/INFO] [net.minecraft.server.MinecraftServer/]: [Not Secure] <antares> xd
[11Aug2026 02:06:18.354] [Server thread/INFO] [net.minecraft.server.MinecraftServer/]: [Not Secure] <antares> consigue dinos fati
[11Aug2026 02:06:19.586] [Server thread/INFO] [net.minecraft.server.MinecraftServer/]: [Not Secure] <antares> dinos
[11Aug2026 02:06:27.211] [Server thread/INFO] [net.minecraft.server.MinecraftServer/]: [Not Secure] <f4tizzz> yia
[11Aug2026 02:06:32.776] [Server thread/INFO] [net.minecraft.server.MinecraftServer/]: [Not Secure] <f4tizzz> voy a intentar
[11Aug2026 02:06:43.432] [Server thread/INFO] [net.minecraft.server.MinecraftServer/]: [Not Secure] <antares> si sabes como no xd?
[11Aug2026 02:09:57.390] [Server thread/INFO] [net.minecraft.server.MinecraftServer/]: [antares: Teleported antares to f4tizzz]
[11Aug2026 02:10:11.044] [Server thread/INFO] [net.minecraft.server.MinecraftServer/]: [Not Secure] <f4tizzz> q ha pasao
[11Aug2026 02:10:18.120] [Server thread/INFO] [net.minecraft.server.MinecraftServer/]: [Not Secure] <antares> nada ando buscando plantas
[11Aug2026 02:10:53.521] [Server thread/INFO] [net.minecraft.server.MinecraftServer/]: [Not Secure] <antares> esta lindo tus mordisquitos
[11Aug2026 02:10:59.524] [Server thread/INFO] [net.minecraft.server.MinecraftServer/]: [Not Secure] <f4tizzz> si verdad
[11Aug2026 02:11:02.473] [Server thread/INFO] [net.minecraft.server.MinecraftServer/]: [Not Secure] <f4tizzz> es de mateo
[11Aug2026 02:11:11.027] [Server thread/INFO] [net.minecraft.server.MinecraftServer/]: [Not Secure] <antares> sebas xd?
[11Aug2026 02:11:14.876] [Server thread/INFO] [net.minecraft.server.MinecraftServer/]: [Not Secure] <f4tizzz> SI XDD
[11Aug2026 02:11:36.029] [Server thread/INFO] [net.minecraft.server.MinecraftServer/]: [Not Secure] <antares> tenias un gronkle cerca miedo miedo
[11Aug2026 02:11:43.884] [Server thread/INFO] [net.minecraft.server.MinecraftServer/]: [Not Secure] <f4tizzz> si
[11Aug2026 02:11:46.931] [Server thread/INFO] [net.minecraft.server.MinecraftServer/]: [Not Secure] <f4tizzz> me mató
[11Aug2026 02:12:03.122] [Server thread/INFO] [net.minecraft.server.MinecraftServer/]: [Not Secure] <antares> si te viste la serie de los dragones?
[11Aug2026 02:12:19.675] [Server thread/INFO] [net.minecraft.server.MinecraftServer/]: [Not Secure] <f4tizzz> de como entrenar a ty dragón?
[11Aug2026 02:12:22.850] [Server thread/INFO] [net.minecraft.server.MinecraftServer/]: [Not Secure] <antares> ujum ujum
[11Aug2026 02:13:28.779] [Server thread/INFO] [net.minecraft.server.MinecraftServer/]: [Not Secure] <f4tizzz> masoo
[11Aug2026 02:13:47.825] [SkinRestorer-Fetch-4/WARN] [SkinRestorer/]: Failed to fetch skin 'mojang:GonzaloM369'
java.lang.IllegalStateException: not found
	at net.lionarius.skinrestorer.util.WebUtils.throwOnClientErrors(WebUtils.java:141) ~[skinrestorer-2.10.0+1.20-forge.jar%23145!/:2.10.0+1.20-forge]
	at net.lionarius.skinrestorer.skin.provider.base.YggdrasilSkinProvider.getProfile(YggdrasilSkinProvider.java:50) ~[skinrestorer-2.10.0+1.20-forge.jar%23145!/:2.10.0+1.20-forge]
	at net.lionarius.skinrestorer.skin.provider.builtin.MojangSkinProvider.lambda$new$0(MojangSkinProvider.java:43) ~[skinrestorer-2.10.0+1.20-forge.jar%23145!/:2.10.0+1.20-forge]
	at net.minecraft.server.players.GameProfileCache.m_10993_(GameProfileCache.java:98) ~[server-1.20.1-20230612.114412-srg.jar%23151!/:?]
	at net.minecraft.server.players.GameProfileCache.m_10996_(GameProfileCache.java:150) ~[server-1.20.1-20230612.114412-srg.jar%23151!/:?]
	at net.lionarius.skinrestorer.skin.provider.builtin.MojangSkinProvider.resolveUuid(MojangSkinProvider.java:74) ~[skinrestorer-2.10.0+1.20-forge.jar%23145!/:2.10.0+1.20-forge]
	at net.lionarius.skinrestorer.skin.provider.base.ProfileSkinProvider.getCacheKey(ProfileSkinProvider.java:40) ~[skinrestorer-2.10.0+1.20-forge.jar%23145!/:2.10.0+1.20-forge]
	at net.lionarius.skinrestorer.skin.provider.base.ProfileSkinProvider.getCacheKey(ProfileSkinProvider.java:17) ~[skinrestorer-2.10.0+1.20-forge.jar%23145!/:2.10.0+1.20-forge]
	at net.lionarius.skinrestorer.skin.provider.base.AbstractSkinProvider.fetchSkin(AbstractSkinProvider.java:52) ~[skinrestorer-2.10.0+1.20-forge.jar%23145!/:2.10.0+1.20-forge]
	at net.minecraft.server.network.ServerLoginPacketListenerImpl.md6d4fd0$lambda$skinrestorer$fetchSkin$3$1(ServerLoginPacketListenerImpl.java:646) ~[server-1.20.1-20230612.114412-srg.jar%23151!/:?]
	at java.util.Optional.map(Optional.java:260) ~[?:?]
	at net.minecraft.server.network.ServerLoginPacketListenerImpl.skinrestorer$fetchSkin(ServerLoginPacketListenerImpl.java:646) ~[server-1.20.1-20230612.114412-srg.jar%23151!/:?]
	at net.minecraft.server.network.ServerLoginPacketListenerImpl.md6d4fd0$lambda$waitForSkin$0$4(ServerLoginPacketListenerImpl.java:595) ~[server-1.20.1-20230612.114412-srg.jar%23151!/:?]
	at java.util.concurrent.CompletableFuture$AsyncSupply.run(CompletableFuture.java:1768) ~[?:?]
	at java.util.concurrent.ThreadPoolExecutor.runWorker(ThreadPoolExecutor.java:1136) ~[?:?]
	at java.util.concurrent.ThreadPoolExecutor$Worker.run(ThreadPoolExecutor.java:635) ~[?:?]
	at java.lang.Thread.run(Thread.java:840) ~[?:?]
[11Aug2026 02:13:47.854] [Server thread/INFO] [net.minecraft.server.players.PlayerList/]: GonzaloM369[/127.242.238.33:51705] logged in with entity id 8949 at (-995.40693445944, 69.0625, 58.96452038291711)
[11Aug2026 02:13:47.892] [Server thread/INFO] [net.minecraft.server.MinecraftServer/]: GonzaloM369 joined the game
[11Aug2026 02:13:49.146] [Server thread/INFO] [voicechat/]: [voicechat] Received secret request of GonzaloM369 (20)
[11Aug2026 02:13:49.146] [Server thread/INFO] [voicechat/]: [voicechat] Sent secret to GonzaloM369
[11Aug2026 02:13:51.237] [Server thread/INFO] [net.minecraft.server.MinecraftServer/]: [Not Secure] <antares> gonzaa
[11Aug2026 02:13:55.032] [Server thread/INFO] [net.minecraft.server.MinecraftServer/]: [Not Secure] <antares> tienes helechos?
[11Aug2026 02:14:06.538] [Server thread/INFO] [net.minecraft.server.MinecraftServer/]: [Not Secure] <f4tizzz> dice q no
[11Aug2026 02:14:19.433] [Server thread/INFO] [net.minecraft.server.network.ServerGamePacketListenerImpl/]: GonzaloM369 lost connection: Timed out
[11Aug2026 02:14:19.434] [Server thread/INFO] [net.minecraft.server.MinecraftServer/]: GonzaloM369 left the game
[11Aug2026 02:14:19.434] [Server thread/INFO] [voicechat/]: [voicechat] Disconnecting client GonzaloM369
[11Aug2026 02:14:20.646] [Server thread/INFO] [net.minecraft.server.MinecraftServer/]: [Not Secure] <antares> han visto cactus x,d?
[11Aug2026 02:14:24.125] [Server thread/INFO] [net.minecraft.server.MinecraftServer/]: [Not Secure] <antares> o tinte verde por ahi
[11Aug2026 02:14:24.452] [Server thread/INFO] [net.minecraft.server.MinecraftServer/]: [Not Secure] <f4tizzz> eee
[11Aug2026 02:14:35.279] [Server thread/INFO] [net.minecraft.server.MinecraftServer/]: [Not Secure] <f4tizzz> eee habia uno en la aldena cercana
[11Aug2026 02:14:41.051] [Server thread/INFO] [net.minecraft.server.MinecraftServer/]: [antares: Teleported antares to f4tizzz]
[11Aug2026 02:14:46.770] [Server thread/INFO] [net.minecraft.server.MinecraftServer/]: [Not Secure] <antares> por donde queda tu aldea
[11Aug2026 02:14:52.738] [SkinRestorer-Fetch-5/WARN] [SkinRestorer/]: Failed to fetch skin 'mojang:GonzaloM369'
java.lang.IllegalStateException: not found
	at net.lionarius.skinrestorer.util.WebUtils.throwOnClientErrors(WebUtils.java:141) ~[skinrestorer-2.10.0+1.20-forge.jar%23145!/:2.10.0+1.20-forge]
	at net.lionarius.skinrestorer.skin.provider.base.YggdrasilSkinProvider.getProfile(YggdrasilSkinProvider.java:50) ~[skinrestorer-2.10.0+1.20-forge.jar%23145!/:2.10.0+1.20-forge]
	at net.lionarius.skinrestorer.skin.provider.builtin.MojangSkinProvider.lambda$new$0(MojangSkinProvider.java:43) ~[skinrestorer-2.10.0+1.20-forge.jar%23145!/:2.10.0+1.20-forge]
	at net.minecraft.server.players.GameProfileCache.m_10993_(GameProfileCache.java:98) ~[server-1.20.1-20230612.114412-srg.jar%23151!/:?]
	at net.minecraft.server.players.GameProfileCache.m_10996_(GameProfileCache.java:150) ~[server-1.20.1-20230612.114412-srg.jar%23151!/:?]
	at net.lionarius.skinrestorer.skin.provider.builtin.MojangSkinProvider.resolveUuid(MojangSkinProvider.java:74) ~[skinrestorer-2.10.0+1.20-forge.jar%23145!/:2.10.0+1.20-forge]
	at net.lionarius.skinrestorer.skin.provider.base.ProfileSkinProvider.getCacheKey(ProfileSkinProvider.java:40) ~[skinrestorer-2.10.0+1.20-forge.jar%23145!/:2.10.0+1.20-forge]
	at net.lionarius.skinrestorer.skin.provider.base.ProfileSkinProvider.getCacheKey(ProfileSkinProvider.java:17) ~[skinrestorer-2.10.0+1.20-forge.jar%23145!/:2.10.0+1.20-forge]
	at net.lionarius.skinrestorer.skin.provider.base.AbstractSkinProvider.fetchSkin(AbstractSkinProvider.java:52) ~[skinrestorer-2.10.0+1.20-forge.jar%23145!/:2.10.0+1.20-forge]
	at net.minecraft.server.network.ServerLoginPacketListenerImpl.md6d4fd0$lambda$skinrestorer$fetchSkin$3$1(ServerLoginPacketListenerImpl.java:646) ~[server-1.20.1-20230612.114412-srg.jar%23151!/:?]
	at java.util.Optional.map(Optional.java:260) ~[?:?]
	at net.minecraft.server.network.ServerLoginPacketListenerImpl.skinrestorer$fetchSkin(ServerLoginPacketListenerImpl.java:646) ~[server-1.20.1-20230612.114412-srg.jar%23151!/:?]
	at net.minecraft.server.network.ServerLoginPacketListenerImpl.md6d4fd0$lambda$waitForSkin$0$4(ServerLoginPacketListenerImpl.java:595) ~[server-1.20.1-20230612.114412-srg.jar%23151!/:?]
	at java.util.concurrent.CompletableFuture$AsyncSupply.run(CompletableFuture.java:1768) ~[?:?]
	at java.util.concurrent.ThreadPoolExecutor.runWorker(ThreadPoolExecutor.java:1136) ~[?:?]
	at java.util.concurrent.ThreadPoolExecutor$Worker.run(ThreadPoolExecutor.java:635) ~[?:?]
	at java.lang.Thread.run(Thread.java:840) ~[?:?]
[11Aug2026 02:14:52.794] [Server thread/INFO] [net.minecraft.server.players.PlayerList/]: GonzaloM369[/127.242.238.33:53781] logged in with entity id 9502 at (-995.40693445944, 69.0625, 58.96452038291711)
[11Aug2026 02:14:52.812] [Server thread/INFO] [net.minecraft.server.MinecraftServer/]: GonzaloM369 joined the game
[11Aug2026 02:14:53.351] [Server thread/INFO] [voicechat/]: [voicechat] Received secret request of GonzaloM369 (20)
[11Aug2026 02:14:53.352] [Server thread/INFO] [voicechat/]: [voicechat] Sent secret to GonzaloM369
[11Aug2026 02:14:54.921] [Server thread/INFO] [net.minecraft.server.MinecraftServer/]: [Not Secure] <f4tizzz> como por el bioma de la sabana
[11Aug2026 02:15:22.870] [Server thread/INFO] [net.minecraft.server.network.ServerGamePacketListenerImpl/]: GonzaloM369 lost connection: Timed out
[11Aug2026 02:15:22.871] [Server thread/INFO] [net.minecraft.server.MinecraftServer/]: GonzaloM369 left the game
[11Aug2026 02:15:22.871] [Server thread/INFO] [voicechat/]: [voicechat] Disconnecting client GonzaloM369
[11Aug2026 02:17:11.373] [SkinRestorer-Fetch-6/WARN] [SkinRestorer/]: Failed to fetch skin 'mojang:GonzaloM369'
java.lang.IllegalStateException: not found
	at net.lionarius.skinrestorer.util.WebUtils.throwOnClientErrors(WebUtils.java:141) ~[skinrestorer-2.10.0+1.20-forge.jar%23145!/:2.10.0+1.20-forge]
	at net.lionarius.skinrestorer.skin.provider.base.YggdrasilSkinProvider.getProfile(YggdrasilSkinProvider.java:50) ~[skinrestorer-2.10.0+1.20-forge.jar%23145!/:2.10.0+1.20-forge]
	at net.lionarius.skinrestorer.skin.provider.builtin.MojangSkinProvider.lambda$new$0(MojangSkinProvider.java:43) ~[skinrestorer-2.10.0+1.20-forge.jar%23145!/:2.10.0+1.20-forge]
	at net.minecraft.server.players.GameProfileCache.m_10993_(GameProfileCache.java:98) ~[server-1.20.1-20230612.114412-srg.jar%23151!/:?]
	at net.minecraft.server.players.GameProfileCache.m_10996_(GameProfileCache.java:150) ~[server-1.20.1-20230612.114412-srg.jar%23151!/:?]
	at net.lionarius.skinrestorer.skin.provider.builtin.MojangSkinProvider.resolveUuid(MojangSkinProvider.java:74) ~[skinrestorer-2.10.0+1.20-forge.jar%23145!/:2.10.0+1.20-forge]
	at net.lionarius.skinrestorer.skin.provider.base.ProfileSkinProvider.getCacheKey(ProfileSkinProvider.java:40) ~[skinrestorer-2.10.0+1.20-forge.jar%23145!/:2.10.0+1.20-forge]
	at net.lionarius.skinrestorer.skin.provider.base.ProfileSkinProvider.getCacheKey(ProfileSkinProvider.java:17) ~[skinrestorer-2.10.0+1.20-forge.jar%23145!/:2.10.0+1.20-forge]
	at net.lionarius.skinrestorer.skin.provider.base.AbstractSkinProvider.fetchSkin(AbstractSkinProvider.java:52) ~[skinrestorer-2.10.0+1.20-forge.jar%23145!/:2.10.0+1.20-forge]
	at net.minecraft.server.network.ServerLoginPacketListenerImpl.md6d4fd0$lambda$skinrestorer$fetchSkin$3$1(ServerLoginPacketListenerImpl.java:646) ~[server-1.20.1-20230612.114412-srg.jar%23151!/:?]
	at java.util.Optional.map(Optional.java:260) ~[?:?]
	at net.minecraft.server.network.ServerLoginPacketListenerImpl.skinrestorer$fetchSkin(ServerLoginPacketListenerImpl.java:646) ~[server-1.20.1-20230612.114412-srg.jar%23151!/:?]
	at net.minecraft.server.network.ServerLoginPacketListenerImpl.md6d4fd0$lambda$waitForSkin$0$4(ServerLoginPacketListenerImpl.java:595) ~[server-1.20.1-20230612.114412-srg.jar%23151!/:?]
	at java.util.concurrent.CompletableFuture$AsyncSupply.run(CompletableFuture.java:1768) ~[?:?]
	at java.util.concurrent.ThreadPoolExecutor.runWorker(ThreadPoolExecutor.java:1136) ~[?:?]
	at java.util.concurrent.ThreadPoolExecutor$Worker.run(ThreadPoolExecutor.java:635) ~[?:?]
	at java.lang.Thread.run(Thread.java:840) ~[?:?]
[11Aug2026 02:17:23.038] [Server thread/INFO] [net.minecraft.server.network.ServerLoginPacketListenerImpl/]: Disconnecting com.mojang.authlib.GameProfile@4f1a1046[id=<null>,name=GonzaloM369,properties={},legacy=false] (/127.242.238.33:54923): Took too long to log in
[11Aug2026 02:18:20.578] [Server thread/INFO] [net.minecraft.server.network.ServerLoginPacketListenerImpl/]: com.mojang.authlib.GameProfile@4f1a1046[id=<null>,name=GonzaloM369,properties={},legacy=false] (/127.242.238.33:54923) lost connection: Disconnected
[11Aug2026 02:18:20.584] [Server thread/WARN] [net.minecraft.server.MinecraftServer/]: Can't keep up! Is the server overloaded? Running 57524ms or 1150 ticks behind
[11Aug2026 02:18:20.660] [Server thread/INFO] [net.minecraft.server.network.ServerGamePacketListenerImpl/]: f4tizzz lost connection: Disconnected
[11Aug2026 02:18:20.662] [Server thread/INFO] [net.minecraft.server.MinecraftServer/]: f4tizzz left the game
[11Aug2026 02:18:20.664] [Server thread/INFO] [voicechat/]: [voicechat] Disconnecting client f4tizzz
[11Aug2026 02:18:20.688] [Server thread/INFO] [net.minecraft.server.network.ServerGamePacketListenerImpl/]: antares lost connection: Disconnected
[11Aug2026 02:18:20.690] [Server thread/INFO] [net.minecraft.server.MinecraftServer/]: antares left the game
[11Aug2026 02:18:20.693] [Server thread/INFO] [voicechat/]: [voicechat] Disconnecting client antares
[11Aug2026 02:18:20.718] [Server thread/WARN] [net.minecraft.network.Connection/]: handleDisconnection() called twice
[11Aug2026 02:18:30.674] [SkinRestorer-Fetch-7/WARN] [SkinRestorer/]: Failed to fetch skin 'mojang:f4tizzz'
java.lang.IllegalStateException: not found
	at net.lionarius.skinrestorer.util.WebUtils.throwOnClientErrors(WebUtils.java:141) ~[skinrestorer-2.10.0+1.20-forge.jar%23145!/:2.10.0+1.20-forge]
	at net.lionarius.skinrestorer.skin.provider.base.YggdrasilSkinProvider.getProfile(YggdrasilSkinProvider.java:50) ~[skinrestorer-2.10.0+1.20-forge.jar%23145!/:2.10.0+1.20-forge]
	at net.lionarius.skinrestorer.skin.provider.builtin.MojangSkinProvider.lambda$new$0(MojangSkinProvider.java:43) ~[skinrestorer-2.10.0+1.20-forge.jar%23145!/:2.10.0+1.20-forge]
	at net.minecraft.server.players.GameProfileCache.m_10993_(GameProfileCache.java:98) ~[server-1.20.1-20230612.114412-srg.jar%23151!/:?]
	at net.minecraft.server.players.GameProfileCache.m_10996_(GameProfileCache.java:150) ~[server-1.20.1-20230612.114412-srg.jar%23151!/:?]
	at net.lionarius.skinrestorer.skin.provider.builtin.MojangSkinProvider.resolveUuid(MojangSkinProvider.java:74) ~[skinrestorer-2.10.0+1.20-forge.jar%23145!/:2.10.0+1.20-forge]
	at net.lionarius.skinrestorer.skin.provider.base.ProfileSkinProvider.getCacheKey(ProfileSkinProvider.java:40) ~[skinrestorer-2.10.0+1.20-forge.jar%23145!/:2.10.0+1.20-forge]
	at net.lionarius.skinrestorer.skin.provider.base.ProfileSkinProvider.getCacheKey(ProfileSkinProvider.java:17) ~[skinrestorer-2.10.0+1.20-forge.jar%23145!/:2.10.0+1.20-forge]
	at net.lionarius.skinrestorer.skin.provider.base.AbstractSkinProvider.fetchSkin(AbstractSkinProvider.java:52) ~[skinrestorer-2.10.0+1.20-forge.jar%23145!/:2.10.0+1.20-forge]
	at net.minecraft.server.network.ServerLoginPacketListenerImpl.md6d4fd0$lambda$skinrestorer$fetchSkin$3$1(ServerLoginPacketListenerImpl.java:646) ~[server-1.20.1-20230612.114412-srg.jar%23151!/:?]
	at java.util.Optional.map(Optional.java:260) ~[?:?]
	at net.minecraft.server.network.ServerLoginPacketListenerImpl.skinrestorer$fetchSkin(ServerLoginPacketListenerImpl.java:646) ~[server-1.20.1-20230612.114412-srg.jar%23151!/:?]
	at net.minecraft.server.network.ServerLoginPacketListenerImpl.md6d4fd0$lambda$waitForSkin$0$4(ServerLoginPacketListenerImpl.java:595) ~[server-1.20.1-20230612.114412-srg.jar%23151!/:?]
	at java.util.concurrent.CompletableFuture$AsyncSupply.run(CompletableFuture.java:1768) ~[?:?]
	at java.util.concurrent.ThreadPoolExecutor.runWorker(ThreadPoolExecutor.java:1136) ~[?:?]
	at java.util.concurrent.ThreadPoolExecutor$Worker.run(ThreadPoolExecutor.java:635) ~[?:?]
	at java.lang.Thread.run(Thread.java:840) ~[?:?]
[11Aug2026 02:18:30.805] [Server thread/INFO] [net.minecraft.server.players.PlayerList/]: f4tizzz[/127.89.189.155:33029] logged in with entity id 10898 at (-997.3549802378376, 68.0, 55.2557388146587)
[11Aug2026 02:18:30.915] [Server thread/INFO] [net.minecraft.server.MinecraftServer/]: f4tizzz joined the game
[11Aug2026 02:18:34.032] [Server thread/INFO] [voicechat/]: [voicechat] Received secret request of f4tizzz (20)
[11Aug2026 02:18:34.037] [Server thread/INFO] [voicechat/]: [voicechat] Sent secret to f4tizzz
[11Aug2026 02:18:44.879] [Server thread/INFO] [net.minecraft.server.players.PlayerList/]: antares[/127.29.15.204:60621] logged in with entity id 11111 at (-507.78028257808364, 82.17675927506424, 72.33874570201674)
[11Aug2026 02:18:44.945] [Server thread/INFO] [net.minecraft.server.MinecraftServer/]: antares joined the game
[11Aug2026 02:18:46.660] [Server thread/INFO] [voicechat/]: [voicechat] Received secret request of antares (20)
[11Aug2026 02:18:46.662] [Server thread/INFO] [voicechat/]: [voicechat] Sent secret to antares
[11Aug2026 02:18:46.663] [Server thread/WARN] [net.minecraft.server.MinecraftServer/]: Can't keep up! Is the server overloaded? Running 2553ms or 51 ticks behind
[11Aug2026 02:18:55.608] [Server thread/INFO] [net.minecraft.server.MinecraftServer/]: [Not Secure] <f4tizzz> jjeje
[11Aug2026 02:19:00.778] [Server thread/INFO] [net.minecraft.server.MinecraftServer/]: [Not Secure] <antares> al server no le gusta trabajar
[11Aug2026 02:19:16.296] [Server thread/INFO] [net.minecraft.server.network.ServerLoginPacketListenerImpl/]: com.mojang.authlib.GameProfile@679c45c5[id=<null>,name=GonzaloM369,properties={},legacy=false] (/127.242.238.33:44823) lost connection: Disconnected
[11Aug2026 02:19:34.096] [Server thread/INFO] [net.minecraft.server.MinecraftServer/]: [Not Secure] <antares> me desconecto duerme
[11Aug2026 02:19:36.827] [Server thread/INFO] [net.minecraft.server.MinecraftServer/]: [Not Secure] <antares> para que sea de dia
[11Aug2026 02:19:38.653] [Server thread/INFO] [net.minecraft.server.MinecraftServer/]: [Not Secure] <f4tizzz> yia
[11Aug2026 02:19:40.780] [Server thread/INFO] [net.minecraft.server.network.ServerGamePacketListenerImpl/]: antares lost connection: Disconnected
[11Aug2026 02:19:40.781] [Server thread/INFO] [net.minecraft.server.MinecraftServer/]: antares left the game
[11Aug2026 02:19:40.781] [Server thread/INFO] [voicechat/]: [voicechat] Disconnecting client antares
[11Aug2026 02:19:55.490] [Server thread/INFO] [net.minecraft.server.players.PlayerList/]: antares[/127.29.15.204:37983] logged in with entity id 11721 at (-501.69999998807907, 84.0, 44.23252678319783)
[11Aug2026 02:19:55.508] [Server thread/INFO] [net.minecraft.server.MinecraftServer/]: antares joined the game
[11Aug2026 02:19:56.042] [Server thread/INFO] [voicechat/]: [voicechat] Received secret request of antares (20)
[11Aug2026 02:19:56.043] [Server thread/INFO] [voicechat/]: [voicechat] Sent secret to antares
[11Aug2026 02:20:01.384] [Server thread/INFO] [net.minecraft.server.network.ServerLoginPacketListenerImpl/]: com.mojang.authlib.GameProfile@314c0c90[id=<null>,name=GonzaloM369,properties={},legacy=false] (/127.242.238.33:38957) lost connection: Disconnected
[11Aug2026 02:21:14.582] [Server thread/INFO] [net.minecraft.server.network.ServerLoginPacketListenerImpl/]: com.mojang.authlib.GameProfile@33702719[id=<null>,name=GonzaloM369,properties={},legacy=false] (/127.242.238.33:42529) lost connection: Disconnected
[11Aug2026 02:21:33.996] [SkinRestorer-Fetch-10/WARN] [SkinRestorer/]: Failed to fetch skin 'mojang:GonzaloM369'
java.lang.IllegalStateException: not found
	at net.lionarius.skinrestorer.util.WebUtils.throwOnClientErrors(WebUtils.java:141) ~[skinrestorer-2.10.0+1.20-forge.jar%23145!/:2.10.0+1.20-forge]
	at net.lionarius.skinrestorer.skin.provider.base.YggdrasilSkinProvider.getProfile(YggdrasilSkinProvider.java:50) ~[skinrestorer-2.10.0+1.20-forge.jar%23145!/:2.10.0+1.20-forge]
	at net.lionarius.skinrestorer.skin.provider.builtin.MojangSkinProvider.lambda$new$0(MojangSkinProvider.java:43) ~[skinrestorer-2.10.0+1.20-forge.jar%23145!/:2.10.0+1.20-forge]
	at net.minecraft.server.players.GameProfileCache.m_10993_(GameProfileCache.java:98) ~[server-1.20.1-20230612.114412-srg.jar%23151!/:?]
	at net.minecraft.server.players.GameProfileCache.m_10996_(GameProfileCache.java:150) ~[server-1.20.1-20230612.114412-srg.jar%23151!/:?]
	at net.lionarius.skinrestorer.skin.provider.builtin.MojangSkinProvider.resolveUuid(MojangSkinProvider.java:74) ~[skinrestorer-2.10.0+1.20-forge.jar%23145!/:2.10.0+1.20-forge]
	at net.lionarius.skinrestorer.skin.provider.base.ProfileSkinProvider.getCacheKey(ProfileSkinProvider.java:40) ~[skinrestorer-2.10.0+1.20-forge.jar%23145!/:2.10.0+1.20-forge]
	at net.lionarius.skinrestorer.skin.provider.base.ProfileSkinProvider.getCacheKey(ProfileSkinProvider.java:17) ~[skinrestorer-2.10.0+1.20-forge.jar%23145!/:2.10.0+1.20-forge]
	at net.lionarius.skinrestorer.skin.provider.base.AbstractSkinProvider.fetchSkin(AbstractSkinProvider.java:52) ~[skinrestorer-2.10.0+1.20-forge.jar%23145!/:2.10.0+1.20-forge]
	at net.minecraft.server.network.ServerLoginPacketListenerImpl.md6d4fd0$lambda$skinrestorer$fetchSkin$3$1(ServerLoginPacketListenerImpl.java:646) ~[server-1.20.1-20230612.114412-srg.jar%23151!/:?]
	at java.util.Optional.map(Optional.java:260) ~[?:?]
	at net.minecraft.server.network.ServerLoginPacketListenerImpl.skinrestorer$fetchSkin(ServerLoginPacketListenerImpl.java:646) ~[server-1.20.1-20230612.114412-srg.jar%23151!/:?]
	at net.minecraft.server.network.ServerLoginPacketListenerImpl.md6d4fd0$lambda$waitForSkin$0$4(ServerLoginPacketListenerImpl.java:595) ~[server-1.20.1-20230612.114412-srg.jar%23151!/:?]
	at java.util.concurrent.CompletableFuture$AsyncSupply.run(CompletableFuture.java:1768) ~[?:?]
	at java.util.concurrent.ThreadPoolExecutor.runWorker(ThreadPoolExecutor.java:1136) ~[?:?]
	at java.util.concurrent.ThreadPoolExecutor$Worker.run(ThreadPoolExecutor.java:635) ~[?:?]
	at java.lang.Thread.run(Thread.java:840) ~[?:?]
[11Aug2026 02:21:34.063] [Server thread/INFO] [net.minecraft.server.players.PlayerList/]: GonzaloM369[/127.242.238.33:41359] logged in with entity id 12899 at (-995.40693445944, 69.0625, 58.96452038291711)
[11Aug2026 02:21:34.083] [Server thread/INFO] [net.minecraft.server.MinecraftServer/]: GonzaloM369 joined the game
[11Aug2026 02:21:34.557] [Server thread/INFO] [voicechat/]: [voicechat] Received secret request of GonzaloM369 (20)
[11Aug2026 02:21:34.558] [Server thread/INFO] [voicechat/]: [voicechat] Sent secret to GonzaloM369
[11Aug2026 02:21:42.474] [Server thread/INFO] [net.minecraft.server.MinecraftServer/]: f4tizzz was slain by Spider
[11Aug2026 02:22:08.942] [Server thread/INFO] [net.minecraft.server.network.ServerGamePacketListenerImpl/]: GonzaloM369 lost connection: Timed out
[11Aug2026 02:22:08.942] [Server thread/INFO] [net.minecraft.server.MinecraftServer/]: GonzaloM369 left the game
[11Aug2026 02:22:08.943] [Server thread/INFO] [voicechat/]: [voicechat] Disconnecting client GonzaloM369
[11Aug2026 02:22:48.934] [Server thread/INFO] [net.minecraft.server.network.ServerLoginPacketListenerImpl/]: com.mojang.authlib.GameProfile@5b96360d[id=<null>,name=GonzaloM369,properties={},legacy=false] (/127.242.238.33:49455) lost connection: Disconnected
[11Aug2026 02:22:59.763] [SkinRestorer-Fetch-11/WARN] [SkinRestorer/]: Failed to fetch skin 'mojang:GonzaloM369'
java.lang.IllegalStateException: not found
	at net.lionarius.skinrestorer.util.WebUtils.throwOnClientErrors(WebUtils.java:141) ~[skinrestorer-2.10.0+1.20-forge.jar%23145!/:2.10.0+1.20-forge]
	at net.lionarius.skinrestorer.skin.provider.base.YggdrasilSkinProvider.getProfile(YggdrasilSkinProvider.java:50) ~[skinrestorer-2.10.0+1.20-forge.jar%23145!/:2.10.0+1.20-forge]
	at net.lionarius.skinrestorer.skin.provider.builtin.MojangSkinProvider.lambda$new$0(MojangSkinProvider.java:43) ~[skinrestorer-2.10.0+1.20-forge.jar%23145!/:2.10.0+1.20-forge]
	at net.minecraft.server.players.GameProfileCache.m_10993_(GameProfileCache.java:98) ~[server-1.20.1-20230612.114412-srg.jar%23151!/:?]
	at net.minecraft.server.players.GameProfileCache.m_10996_(GameProfileCache.java:150) ~[server-1.20.1-20230612.114412-srg.jar%23151!/:?]
	at net.lionarius.skinrestorer.skin.provider.builtin.MojangSkinProvider.resolveUuid(MojangSkinProvider.java:74) ~[skinrestorer-2.10.0+1.20-forge.jar%23145!/:2.10.0+1.20-forge]
	at net.lionarius.skinrestorer.skin.provider.base.ProfileSkinProvider.getCacheKey(ProfileSkinProvider.java:40) ~[skinrestorer-2.10.0+1.20-forge.jar%23145!/:2.10.0+1.20-forge]
	at net.lionarius.skinrestorer.skin.provider.base.ProfileSkinProvider.getCacheKey(ProfileSkinProvider.java:17) ~[skinrestorer-2.10.0+1.20-forge.jar%23145!/:2.10.0+1.20-forge]
	at net.lionarius.skinrestorer.skin.provider.base.AbstractSkinProvider.fetchSkin(AbstractSkinProvider.java:52) ~[skinrestorer-2.10.0+1.20-forge.jar%23145!/:2.10.0+1.20-forge]
	at net.minecraft.server.network.ServerLoginPacketListenerImpl.md6d4fd0$lambda$skinrestorer$fetchSkin$3$1(ServerLoginPacketListenerImpl.java:646) ~[server-1.20.1-20230612.114412-srg.jar%23151!/:?]
	at java.util.Optional.map(Optional.java:260) ~[?:?]
	at net.minecraft.server.network.ServerLoginPacketListenerImpl.skinrestorer$fetchSkin(ServerLoginPacketListenerImpl.java:646) ~[server-1.20.1-20230612.114412-srg.jar%23151!/:?]
	at net.minecraft.server.network.ServerLoginPacketListenerImpl.md6d4fd0$lambda$waitForSkin$0$4(ServerLoginPacketListenerImpl.java:595) ~[server-1.20.1-20230612.114412-srg.jar%23151!/:?]
	at java.util.concurrent.CompletableFuture$AsyncSupply.run(CompletableFuture.java:1768) ~[?:?]
	at java.util.concurrent.ThreadPoolExecutor.runWorker(ThreadPoolExecutor.java:1136) ~[?:?]
	at java.util.concurrent.ThreadPoolExecutor$Worker.run(ThreadPoolExecutor.java:635) ~[?:?]
	at java.lang.Thread.run(Thread.java:840) ~[?:?]
[11Aug2026 02:22:59.807] [Server thread/INFO] [net.minecraft.server.players.PlayerList/]: GonzaloM369[/127.242.238.33:34265] logged in with entity id 13956 at (-995.40693445944, 69.0625, 58.96452038291711)
[11Aug2026 02:22:59.824] [Server thread/INFO] [net.minecraft.server.MinecraftServer/]: GonzaloM369 joined the game
[11Aug2026 02:23:00.557] [Server thread/INFO] [voicechat/]: [voicechat] Received secret request of GonzaloM369 (20)
[11Aug2026 02:23:00.558] [Server thread/INFO] [voicechat/]: [voicechat] Sent secret to GonzaloM369
[11Aug2026 02:23:23.046] [Server thread/INFO] [net.minecraft.server.MinecraftServer/]: antares has made the advancement [Masquerade]
[11Aug2026 02:23:26.350] [Server thread/INFO] [net.minecraft.server.MinecraftServer/]: [Not Secure] <antares> ez
[11Aug2026 02:23:29.942] [Server thread/INFO] [net.minecraft.server.network.ServerGamePacketListenerImpl/]: GonzaloM369 lost connection: Timed out
[11Aug2026 02:23:29.943] [Server thread/INFO] [net.minecraft.server.MinecraftServer/]: GonzaloM369 left the game
[11Aug2026 02:23:29.943] [Server thread/INFO] [voicechat/]: [voicechat] Disconnecting client GonzaloM369
[11Aug2026 02:24:30.985] [Server thread/INFO] [net.minecraft.server.network.ServerLoginPacketListenerImpl/]: com.mojang.authlib.GameProfile@24971af4[id=<null>,name=GonzaloM369,properties={},legacy=false] (/127.242.238.33:47743) lost connection: Disconnected
[11Aug2026 02:25:05.933] [Server thread/INFO] [net.minecraft.server.network.ServerLoginPacketListenerImpl/]: com.mojang.authlib.GameProfile@5d35d4e4[id=<null>,name=GonzaloM369,properties={},legacy=false] (/127.242.238.33:35957) lost connection: Disconnected
[11Aug2026 02:25:37.893] [SkinRestorer-Fetch-12/WARN] [SkinRestorer/]: Failed to fetch skin 'mojang:GonzaloM369'
java.lang.IllegalStateException: not found
	at net.lionarius.skinrestorer.util.WebUtils.throwOnClientErrors(WebUtils.java:141) ~[skinrestorer-2.10.0+1.20-forge.jar%23145!/:2.10.0+1.20-forge]
	at net.lionarius.skinrestorer.skin.provider.base.YggdrasilSkinProvider.getProfile(YggdrasilSkinProvider.java:50) ~[skinrestorer-2.10.0+1.20-forge.jar%23145!/:2.10.0+1.20-forge]
	at net.lionarius.skinrestorer.skin.provider.builtin.MojangSkinProvider.lambda$new$0(MojangSkinProvider.java:43) ~[skinrestorer-2.10.0+1.20-forge.jar%23145!/:2.10.0+1.20-forge]
	at net.minecraft.server.players.GameProfileCache.m_10993_(GameProfileCache.java:98) ~[server-1.20.1-20230612.114412-srg.jar%23151!/:?]
	at net.minecraft.server.players.GameProfileCache.m_10996_(GameProfileCache.java:150) ~[server-1.20.1-20230612.114412-srg.jar%23151!/:?]
	at net.lionarius.skinrestorer.skin.provider.builtin.MojangSkinProvider.resolveUuid(MojangSkinProvider.java:74) ~[skinrestorer-2.10.0+1.20-forge.jar%23145!/:2.10.0+1.20-forge]
	at net.lionarius.skinrestorer.skin.provider.base.ProfileSkinProvider.getCacheKey(ProfileSkinProvider.java:40) ~[skinrestorer-2.10.0+1.20-forge.jar%23145!/:2.10.0+1.20-forge]
	at net.lionarius.skinrestorer.skin.provider.base.ProfileSkinProvider.getCacheKey(ProfileSkinProvider.java:17) ~[skinrestorer-2.10.0+1.20-forge.jar%23145!/:2.10.0+1.20-forge]
	at net.lionarius.skinrestorer.skin.provider.base.AbstractSkinProvider.fetchSkin(AbstractSkinProvider.java:52) ~[skinrestorer-2.10.0+1.20-forge.jar%23145!/:2.10.0+1.20-forge]
	at net.minecraft.server.network.ServerLoginPacketListenerImpl.md6d4fd0$lambda$skinrestorer$fetchSkin$3$1(ServerLoginPacketListenerImpl.java:646) ~[server-1.20.1-20230612.114412-srg.jar%23151!/:?]
	at java.util.Optional.map(Optional.java:260) ~[?:?]
	at net.minecraft.server.network.ServerLoginPacketListenerImpl.skinrestorer$fetchSkin(ServerLoginPacketListenerImpl.java:646) ~[server-1.20.1-20230612.114412-srg.jar%23151!/:?]
	at net.minecraft.server.network.ServerLoginPacketListenerImpl.md6d4fd0$lambda$waitForSkin$0$4(ServerLoginPacketListenerImpl.java:595) ~[server-1.20.1-20230612.114412-srg.jar%23151!/:?]
	at java.util.concurrent.CompletableFuture$AsyncSupply.run(CompletableFuture.java:1768) ~[?:?]
	at java.util.concurrent.ThreadPoolExecutor.runWorker(ThreadPoolExecutor.java:1136) ~[?:?]
	at java.util.concurrent.ThreadPoolExecutor$Worker.run(ThreadPoolExecutor.java:635) ~[?:?]
	at java.lang.Thread.run(Thread.java:840) ~[?:?]
[11Aug2026 02:25:37.956] [Server thread/INFO] [net.minecraft.server.players.PlayerList/]: GonzaloM369[/127.242.238.33:55195] logged in with entity id 15463 at (-995.40693445944, 69.0625, 58.96452038291711)
[11Aug2026 02:25:37.973] [Server thread/INFO] [net.minecraft.server.MinecraftServer/]: GonzaloM369 joined the game
[11Aug2026 02:25:38.445] [Server thread/INFO] [voicechat/]: [voicechat] Received secret request of GonzaloM369 (20)
[11Aug2026 02:25:38.446] [Server thread/INFO] [voicechat/]: [voicechat] Sent secret to GonzaloM369
[11Aug2026 02:26:18.232] [Server thread/INFO] [net.minecraft.server.network.ServerGamePacketListenerImpl/]: GonzaloM369 lost connection: Timed out
[11Aug2026 02:26:18.233] [Server thread/INFO] [net.minecraft.server.MinecraftServer/]: GonzaloM369 left the game
[11Aug2026 02:26:18.233] [Server thread/INFO] [voicechat/]: [voicechat] Disconnecting client GonzaloM369
[11Aug2026 02:26:41.113] [SkinRestorer-Fetch-13/WARN] [SkinRestorer/]: Failed to fetch skin 'mojang:GonzaloM369'
java.lang.IllegalStateException: not found
	at net.lionarius.skinrestorer.util.WebUtils.throwOnClientErrors(WebUtils.java:141) ~[skinrestorer-2.10.0+1.20-forge.jar%23145!/:2.10.0+1.20-forge]
	at net.lionarius.skinrestorer.skin.provider.base.YggdrasilSkinProvider.getProfile(YggdrasilSkinProvider.java:50) ~[skinrestorer-2.10.0+1.20-forge.jar%23145!/:2.10.0+1.20-forge]
	at net.lionarius.skinrestorer.skin.provider.builtin.MojangSkinProvider.lambda$new$0(MojangSkinProvider.java:43) ~[skinrestorer-2.10.0+1.20-forge.jar%23145!/:2.10.0+1.20-forge]
	at net.minecraft.server.players.GameProfileCache.m_10993_(GameProfileCache.java:98) ~[server-1.20.1-20230612.114412-srg.jar%23151!/:?]
	at net.minecraft.server.players.GameProfileCache.m_10996_(GameProfileCache.java:150) ~[server-1.20.1-20230612.114412-srg.jar%23151!/:?]
	at net.lionarius.skinrestorer.skin.provider.builtin.MojangSkinProvider.resolveUuid(MojangSkinProvider.java:74) ~[skinrestorer-2.10.0+1.20-forge.jar%23145!/:2.10.0+1.20-forge]
	at net.lionarius.skinrestorer.skin.provider.base.ProfileSkinProvider.getCacheKey(ProfileSkinProvider.java:40) ~[skinrestorer-2.10.0+1.20-forge.jar%23145!/:2.10.0+1.20-forge]
	at net.lionarius.skinrestorer.skin.provider.base.ProfileSkinProvider.getCacheKey(ProfileSkinProvider.java:17) ~[skinrestorer-2.10.0+1.20-forge.jar%23145!/:2.10.0+1.20-forge]
	at net.lionarius.skinrestorer.skin.provider.base.AbstractSkinProvider.fetchSkin(AbstractSkinProvider.java:52) ~[skinrestorer-2.10.0+1.20-forge.jar%23145!/:2.10.0+1.20-forge]
	at net.minecraft.server.network.ServerLoginPacketListenerImpl.md6d4fd0$lambda$skinrestorer$fetchSkin$3$1(ServerLoginPacketListenerImpl.java:646) ~[server-1.20.1-20230612.114412-srg.jar%23151!/:?]
	at java.util.Optional.map(Optional.java:260) ~[?:?]
	at net.minecraft.server.network.ServerLoginPacketListenerImpl.skinrestorer$fetchSkin(ServerLoginPacketListenerImpl.java:646) ~[server-1.20.1-20230612.114412-srg.jar%23151!/:?]
	at net.minecraft.server.network.ServerLoginPacketListenerImpl.md6d4fd0$lambda$waitForSkin$0$4(ServerLoginPacketListenerImpl.java:595) ~[server-1.20.1-20230612.114412-srg.jar%23151!/:?]
	at java.util.concurrent.CompletableFuture$AsyncSupply.run(CompletableFuture.java:1768) ~[?:?]
	at java.util.concurrent.ThreadPoolExecutor.runWorker(ThreadPoolExecutor.java:1136) ~[?:?]
	at java.util.concurrent.ThreadPoolExecutor$Worker.run(ThreadPoolExecutor.java:635) ~[?:?]
	at java.lang.Thread.run(Thread.java:840) ~[?:?]
[11Aug2026 02:26:41.146] [Server thread/INFO] [net.minecraft.server.players.PlayerList/]: GonzaloM369[/127.242.238.33:55903] logged in with entity id 16061 at (-995.40693445944, 69.0625, 58.96452038291711)
[11Aug2026 02:26:41.160] [Server thread/INFO] [net.minecraft.server.MinecraftServer/]: GonzaloM369 joined the game
[11Aug2026 02:26:41.557] [Server thread/INFO] [voicechat/]: [voicechat] Received secret request of GonzaloM369 (20)
[11Aug2026 02:26:41.558] [Server thread/INFO] [voicechat/]: [voicechat] Sent secret to GonzaloM369
[11Aug2026 02:27:11.485] [Server thread/INFO] [net.minecraft.server.network.ServerGamePacketListenerImpl/]: GonzaloM369 lost connection: Timed out
[11Aug2026 02:27:11.485] [Server thread/INFO] [net.minecraft.server.MinecraftServer/]: GonzaloM369 left the game
[11Aug2026 02:27:11.486] [Server thread/INFO] [voicechat/]: [voicechat] Disconnecting client GonzaloM369
[11Aug2026 02:27:36.908] [SkinRestorer-Fetch-14/WARN] [SkinRestorer/]: Failed to fetch skin 'mojang:GonzaloM369'
java.lang.IllegalStateException: not found
	at net.lionarius.skinrestorer.util.WebUtils.throwOnClientErrors(WebUtils.java:141) ~[skinrestorer-2.10.0+1.20-forge.jar%23145!/:2.10.0+1.20-forge]
	at net.lionarius.skinrestorer.skin.provider.base.YggdrasilSkinProvider.getProfile(YggdrasilSkinProvider.java:50) ~[skinrestorer-2.10.0+1.20-forge.jar%23145!/:2.10.0+1.20-forge]
	at net.lionarius.skinrestorer.skin.provider.builtin.MojangSkinProvider.lambda$new$0(MojangSkinProvider.java:43) ~[skinrestorer-2.10.0+1.20-forge.jar%23145!/:2.10.0+1.20-forge]
	at net.minecraft.server.players.GameProfileCache.m_10993_(GameProfileCache.java:98) ~[server-1.20.1-20230612.114412-srg.jar%23151!/:?]
	at net.minecraft.server.players.GameProfileCache.m_10996_(GameProfileCache.java:150) ~[server-1.20.1-20230612.114412-srg.jar%23151!/:?]
	at net.lionarius.skinrestorer.skin.provider.builtin.MojangSkinProvider.resolveUuid(MojangSkinProvider.java:74) ~[skinrestorer-2.10.0+1.20-forge.jar%23145!/:2.10.0+1.20-forge]
	at net.lionarius.skinrestorer.skin.provider.base.ProfileSkinProvider.getCacheKey(ProfileSkinProvider.java:40) ~[skinrestorer-2.10.0+1.20-forge.jar%23145!/:2.10.0+1.20-forge]
	at net.lionarius.skinrestorer.skin.provider.base.ProfileSkinProvider.getCacheKey(ProfileSkinProvider.java:17) ~[skinrestorer-2.10.0+1.20-forge.jar%23145!/:2.10.0+1.20-forge]
	at net.lionarius.skinrestorer.skin.provider.base.AbstractSkinProvider.fetchSkin(AbstractSkinProvider.java:52) ~[skinrestorer-2.10.0+1.20-forge.jar%23145!/:2.10.0+1.20-forge]
	at net.minecraft.server.network.ServerLoginPacketListenerImpl.md6d4fd0$lambda$skinrestorer$fetchSkin$3$1(ServerLoginPacketListenerImpl.java:646) ~[server-1.20.1-20230612.114412-srg.jar%23151!/:?]
	at java.util.Optional.map(Optional.java:260) ~[?:?]
	at net.minecraft.server.network.ServerLoginPacketListenerImpl.skinrestorer$fetchSkin(ServerLoginPacketListenerImpl.java:646) ~[server-1.20.1-20230612.114412-srg.jar%23151!/:?]
	at net.minecraft.server.network.ServerLoginPacketListenerImpl.md6d4fd0$lambda$waitForSkin$0$4(ServerLoginPacketListenerImpl.java:595) ~[server-1.20.1-20230612.114412-srg.jar%23151!/:?]
	at java.util.concurrent.CompletableFuture$AsyncSupply.run(CompletableFuture.java:1768) ~[?:?]
	at java.util.concurrent.ThreadPoolExecutor.runWorker(ThreadPoolExecutor.java:1136) ~[?:?]
	at java.util.concurrent.ThreadPoolExecutor$Worker.run(ThreadPoolExecutor.java:635) ~[?:?]
	at java.lang.Thread.run(Thread.java:840) ~[?:?]
[11Aug2026 02:27:36.942] [Server thread/INFO] [net.minecraft.server.players.PlayerList/]: GonzaloM369[/127.242.238.33:52753] logged in with entity id 16620 at (-995.40693445944, 69.0625, 58.96452038291711)
[11Aug2026 02:27:36.957] [Server thread/INFO] [net.minecraft.server.MinecraftServer/]: GonzaloM369 joined the game
[11Aug2026 02:27:37.393] [Server thread/INFO] [voicechat/]: [voicechat] Received secret request of GonzaloM369 (20)
[11Aug2026 02:27:37.394] [Server thread/INFO] [voicechat/]: [voicechat] Sent secret to GonzaloM369
[11Aug2026 02:28:37.034] [Server thread/INFO] [net.minecraft.server.network.ServerGamePacketListenerImpl/]: GonzaloM369 lost connection: Disconnected
[11Aug2026 02:28:37.035] [Server thread/INFO] [net.minecraft.server.MinecraftServer/]: GonzaloM369 left the game
[11Aug2026 02:28:37.035] [Server thread/INFO] [voicechat/]: [voicechat] Disconnecting client GonzaloM369
[11Aug2026 02:29:13.784] [Server thread/INFO] [net.minecraft.server.network.ServerGamePacketListenerImpl/]: antares lost connection: Disconnected
[11Aug2026 02:29:13.785] [Server thread/INFO] [net.minecraft.server.MinecraftServer/]: antares left the game
[11Aug2026 02:29:13.785] [Server thread/INFO] [voicechat/]: [voicechat] Disconnecting client antares
[11Aug2026 02:29:14.032] [Server thread/INFO] [net.minecraft.server.network.ServerLoginPacketListenerImpl/]: com.mojang.authlib.GameProfile@735345a8[id=<null>,name=GonzaloM369,properties={},legacy=false] (/127.242.238.33:38737) lost connection: Disconnected
[11Aug2026 02:29:47.576] [Server thread/INFO] [net.minecraft.server.network.ServerLoginPacketListenerImpl/]: com.mojang.authlib.GameProfile@3c8edab1[id=<null>,name=GonzaloM369,properties={},legacy=false] (/127.242.238.33:38347) lost connection: Disconnected
[11Aug2026 02:30:09.400] [SkinRestorer-Fetch-15/WARN] [SkinRestorer/]: Failed to fetch skin 'mojang:GonzaloM369'
java.lang.IllegalStateException: not found
	at net.lionarius.skinrestorer.util.WebUtils.throwOnClientErrors(WebUtils.java:141) ~[skinrestorer-2.10.0+1.20-forge.jar%23145!/:2.10.0+1.20-forge]
	at net.lionarius.skinrestorer.skin.provider.base.YggdrasilSkinProvider.getProfile(YggdrasilSkinProvider.java:50) ~[skinrestorer-2.10.0+1.20-forge.jar%23145!/:2.10.0+1.20-forge]
	at net.lionarius.skinrestorer.skin.provider.builtin.MojangSkinProvider.lambda$new$0(MojangSkinProvider.java:43) ~[skinrestorer-2.10.0+1.20-forge.jar%23145!/:2.10.0+1.20-forge]
	at net.minecraft.server.players.GameProfileCache.m_10993_(GameProfileCache.java:98) ~[server-1.20.1-20230612.114412-srg.jar%23151!/:?]
	at net.minecraft.server.players.GameProfileCache.m_10996_(GameProfileCache.java:150) ~[server-1.20.1-20230612.114412-srg.jar%23151!/:?]
	at net.lionarius.skinrestorer.skin.provider.builtin.MojangSkinProvider.resolveUuid(MojangSkinProvider.java:74) ~[skinrestorer-2.10.0+1.20-forge.jar%23145!/:2.10.0+1.20-forge]
	at net.lionarius.skinrestorer.skin.provider.base.ProfileSkinProvider.getCacheKey(ProfileSkinProvider.java:40) ~[skinrestorer-2.10.0+1.20-forge.jar%23145!/:2.10.0+1.20-forge]
	at net.lionarius.skinrestorer.skin.provider.base.ProfileSkinProvider.getCacheKey(ProfileSkinProvider.java:17) ~[skinrestorer-2.10.0+1.20-forge.jar%23145!/:2.10.0+1.20-forge]
	at net.lionarius.skinrestorer.skin.provider.base.AbstractSkinProvider.fetchSkin(AbstractSkinProvider.java:52) ~[skinrestorer-2.10.0+1.20-forge.jar%23145!/:2.10.0+1.20-forge]
	at net.minecraft.server.network.ServerLoginPacketListenerImpl.md6d4fd0$lambda$skinrestorer$fetchSkin$3$1(ServerLoginPacketListenerImpl.java:646) ~[server-1.20.1-20230612.114412-srg.jar%23151!/:?]
	at java.util.Optional.map(Optional.java:260) ~[?:?]
	at net.minecraft.server.network.ServerLoginPacketListenerImpl.skinrestorer$fetchSkin(ServerLoginPacketListenerImpl.java:646) ~[server-1.20.1-20230612.114412-srg.jar%23151!/:?]
	at net.minecraft.server.network.ServerLoginPacketListenerImpl.md6d4fd0$lambda$waitForSkin$0$4(ServerLoginPacketListenerImpl.java:595) ~[server-1.20.1-20230612.114412-srg.jar%23151!/:?]
	at java.util.concurrent.CompletableFuture$AsyncSupply.run(CompletableFuture.java:1768) ~[?:?]
	at java.util.concurrent.ThreadPoolExecutor.runWorker(ThreadPoolExecutor.java:1136) ~[?:?]
	at java.util.concurrent.ThreadPoolExecutor$Worker.run(ThreadPoolExecutor.java:635) ~[?:?]
	at java.lang.Thread.run(Thread.java:840) ~[?:?]
[11Aug2026 02:30:09.462] [Server thread/INFO] [net.minecraft.server.players.PlayerList/]: GonzaloM369[/127.242.238.33:42963] logged in with entity id 17983 at (-995.40693445944, 69.0625, 58.96452038291711)
[11Aug2026 02:30:09.477] [Server thread/INFO] [net.minecraft.server.MinecraftServer/]: GonzaloM369 joined the game
[11Aug2026 02:30:10.078] [Server thread/INFO] [voicechat/]: [voicechat] Received secret request of GonzaloM369 (20)
[11Aug2026 02:30:10.079] [Server thread/INFO] [voicechat/]: [voicechat] Sent secret to GonzaloM369
[11Aug2026 02:30:39.575] [Server thread/INFO] [net.minecraft.server.network.ServerGamePacketListenerImpl/]: GonzaloM369 lost connection: Timed out
[11Aug2026 02:30:39.575] [Server thread/INFO] [net.minecraft.server.MinecraftServer/]: GonzaloM369 left the game
[11Aug2026 02:30:39.576] [Server thread/INFO] [voicechat/]: [voicechat] Disconnecting client GonzaloM369
[11Aug2026 02:31:41.241] [Server thread/INFO] [net.minecraft.server.players.PlayerList/]: antares[/127.29.15.204:56959] logged in with entity id 18272 at (-650.8694432226011, 85.02442408821369, -568.0120946331763)
[11Aug2026 02:31:41.258] [Server thread/INFO] [net.minecraft.server.MinecraftServer/]: antares joined the game
[11Aug2026 02:31:42.791] [Server thread/INFO] [voicechat/]: [voicechat] Received secret request of antares (20)
[11Aug2026 02:31:42.792] [Server thread/INFO] [voicechat/]: [voicechat] Sent secret to antares
[11Aug2026 02:31:56.904] [Server thread/INFO] [net.minecraft.server.MinecraftServer/]: [Not Secure] <antares> a
[11Aug2026 02:32:25.731] [Server thread/INFO] [net.minecraft.server.network.ServerLoginPacketListenerImpl/]: com.mojang.authlib.GameProfile@4ff3beeb[id=<null>,name=GonzaloM369,properties={},legacy=false] (/127.242.238.33:38573) lost connection: Disconnected
[11Aug2026 02:32:46.882] [Server thread/INFO] [net.minecraft.server.MinecraftServer/]: [antares: Teleported antares to -1514.500000, 126.500000, 435.500000]
[11Aug2026 02:33:19.128] [Server thread/INFO] [net.minecraft.server.network.ServerLoginPacketListenerImpl/]: com.mojang.authlib.GameProfile@35320348[id=<null>,name=GonzaloM369,properties={},legacy=false] (/127.242.238.33:60789) lost connection: Disconnected
[11Aug2026 02:33:34.995] [SkinRestorer-Fetch-17/WARN] [SkinRestorer/]: Failed to fetch skin 'mojang:GonzaloM369'
java.lang.IllegalStateException: not found
	at net.lionarius.skinrestorer.util.WebUtils.throwOnClientErrors(WebUtils.java:141) ~[skinrestorer-2.10.0+1.20-forge.jar%23145!/:2.10.0+1.20-forge]
	at net.lionarius.skinrestorer.skin.provider.base.YggdrasilSkinProvider.getProfile(YggdrasilSkinProvider.java:50) ~[skinrestorer-2.10.0+1.20-forge.jar%23145!/:2.10.0+1.20-forge]
	at net.lionarius.skinrestorer.skin.provider.builtin.MojangSkinProvider.lambda$new$0(MojangSkinProvider.java:43) ~[skinrestorer-2.10.0+1.20-forge.jar%23145!/:2.10.0+1.20-forge]
	at net.minecraft.server.players.GameProfileCache.m_10993_(GameProfileCache.java:98) ~[server-1.20.1-20230612.114412-srg.jar%23151!/:?]
	at net.minecraft.server.players.GameProfileCache.m_10996_(GameProfileCache.java:150) ~[server-1.20.1-20230612.114412-srg.jar%23151!/:?]
	at net.lionarius.skinrestorer.skin.provider.builtin.MojangSkinProvider.resolveUuid(MojangSkinProvider.java:74) ~[skinrestorer-2.10.0+1.20-forge.jar%23145!/:2.10.0+1.20-forge]
	at net.lionarius.skinrestorer.skin.provider.base.ProfileSkinProvider.getCacheKey(ProfileSkinProvider.java:40) ~[skinrestorer-2.10.0+1.20-forge.jar%23145!/:2.10.0+1.20-forge]
	at net.lionarius.skinrestorer.skin.provider.base.ProfileSkinProvider.getCacheKey(ProfileSkinProvider.java:17) ~[skinrestorer-2.10.0+1.20-forge.jar%23145!/:2.10.0+1.20-forge]
	at net.lionarius.skinrestorer.skin.provider.base.AbstractSkinProvider.fetchSkin(AbstractSkinProvider.java:52) ~[skinrestorer-2.10.0+1.20-forge.jar%23145!/:2.10.0+1.20-forge]
	at net.minecraft.server.network.ServerLoginPacketListenerImpl.md6d4fd0$lambda$skinrestorer$fetchSkin$3$1(ServerLoginPacketListenerImpl.java:646) ~[server-1.20.1-20230612.114412-srg.jar%23151!/:?]
	at java.util.Optional.map(Optional.java:260) ~[?:?]
	at net.minecraft.server.network.ServerLoginPacketListenerImpl.skinrestorer$fetchSkin(ServerLoginPacketListenerImpl.java:646) ~[server-1.20.1-20230612.114412-srg.jar%23151!/:?]
	at net.minecraft.server.network.ServerLoginPacketListenerImpl.md6d4fd0$lambda$waitForSkin$0$4(ServerLoginPacketListenerImpl.java:595) ~[server-1.20.1-20230612.114412-srg.jar%23151!/:?]
	at java.util.concurrent.CompletableFuture$AsyncSupply.run(CompletableFuture.java:1768) ~[?:?]
	at java.util.concurrent.ThreadPoolExecutor.runWorker(ThreadPoolExecutor.java:1136) ~[?:?]
	at java.util.concurrent.ThreadPoolExecutor$Worker.run(ThreadPoolExecutor.java:635) ~[?:?]
	at java.lang.Thread.run(Thread.java:840) ~[?:?]
[11Aug2026 02:33:35.041] [Server thread/INFO] [net.minecraft.server.players.PlayerList/]: GonzaloM369[/127.242.238.33:43159] logged in with entity id 19601 at (-995.40693445944, 69.0625, 58.96452038291711)
[11Aug2026 02:33:35.054] [Server thread/INFO] [net.minecraft.server.MinecraftServer/]: GonzaloM369 joined the game
[11Aug2026 02:33:35.592] [Server thread/INFO] [voicechat/]: [voicechat] Received secret request of GonzaloM369 (20)
[11Aug2026 02:33:35.593] [Server thread/INFO] [voicechat/]: [voicechat] Sent secret to GonzaloM369
[11Aug2026 02:33:52.041] [Server thread/INFO] [net.minecraft.server.players.PlayerList/]: Cabo[/127.138.190.252:41181] logged in with entity id 19802 at (-2380.110610416363, 53.0, -1057.5403551818242)
[11Aug2026 02:33:52.051] [Server thread/INFO] [net.minecraft.server.MinecraftServer/]: Cabo joined the game
[11Aug2026 02:33:53.346] [Server thread/INFO] [voicechat/]: [voicechat] Received secret request of Cabo (20)
[11Aug2026 02:33:53.349] [Server thread/INFO] [voicechat/]: [voicechat] Sent secret to Cabo
[11Aug2026 02:33:56.857] [Server thread/INFO] [net.minecraft.server.network.ServerGamePacketListenerImpl/]: antares lost connection: Disconnected
[11Aug2026 02:33:56.857] [Server thread/INFO] [net.minecraft.server.MinecraftServer/]: antares left the game
[11Aug2026 02:33:56.858] [Server thread/INFO] [voicechat/]: [voicechat] Disconnecting client antares
[11Aug2026 02:34:05.132] [Server thread/INFO] [net.minecraft.server.network.ServerGamePacketListenerImpl/]: GonzaloM369 lost connection: Timed out
[11Aug2026 02:34:05.132] [Server thread/INFO] [net.minecraft.server.MinecraftServer/]: GonzaloM369 left the game
[11Aug2026 02:34:05.133] [Server thread/INFO] [voicechat/]: [voicechat] Disconnecting client GonzaloM369
[11Aug2026 02:34:30.142] [Server thread/INFO] [net.minecraft.server.MinecraftServer/]: [Not Secure] <Cabo> Hola
[11Aug2026 02:34:35.938] [Server thread/INFO] [net.minecraft.server.MinecraftServer/]: [Not Secure] [Server] holiss
[11Aug2026 02:34:36.059] [Server thread/INFO] [net.minecraft.server.MinecraftServer/]: [Not Secure] <f4tizzz> ola amiwito
[11Aug2026 02:34:39.342] [Server thread/INFO] [net.minecraft.server.MinecraftServer/]: [Not Secure] <f4tizzz> QUE
[11Aug2026 02:34:46.034] [Server thread/INFO] [net.minecraft.server.MinecraftServer/]: [Not Secure] [Server] so
[11Aug2026 02:34:49.303] [SkinRestorer-Fetch-19/WARN] [SkinRestorer/]: Failed to fetch skin 'mojang:GonzaloM369'
java.lang.IllegalStateException: not found
	at net.lionarius.skinrestorer.util.WebUtils.throwOnClientErrors(WebUtils.java:141) ~[skinrestorer-2.10.0+1.20-forge.jar%23145!/:2.10.0+1.20-forge]
	at net.lionarius.skinrestorer.skin.provider.base.YggdrasilSkinProvider.getProfile(YggdrasilSkinProvider.java:50) ~[skinrestorer-2.10.0+1.20-forge.jar%23145!/:2.10.0+1.20-forge]
	at net.lionarius.skinrestorer.skin.provider.builtin.MojangSkinProvider.lambda$new$0(MojangSkinProvider.java:43) ~[skinrestorer-2.10.0+1.20-forge.jar%23145!/:2.10.0+1.20-forge]
	at net.minecraft.server.players.GameProfileCache.m_10993_(GameProfileCache.java:98) ~[server-1.20.1-20230612.114412-srg.jar%23151!/:?]
	at net.minecraft.server.players.GameProfileCache.m_10996_(GameProfileCache.java:150) ~[server-1.20.1-20230612.114412-srg.jar%23151!/:?]
	at net.lionarius.skinrestorer.skin.provider.builtin.MojangSkinProvider.resolveUuid(MojangSkinProvider.java:74) ~[skinrestorer-2.10.0+1.20-forge.jar%23145!/:2.10.0+1.20-forge]
	at net.lionarius.skinrestorer.skin.provider.base.ProfileSkinProvider.getCacheKey(ProfileSkinProvider.java:40) ~[skinrestorer-2.10.0+1.20-forge.jar%23145!/:2.10.0+1.20-forge]
	at net.lionarius.skinrestorer.skin.provider.base.ProfileSkinProvider.getCacheKey(ProfileSkinProvider.java:17) ~[skinrestorer-2.10.0+1.20-forge.jar%23145!/:2.10.0+1.20-forge]
	at net.lionarius.skinrestorer.skin.provider.base.AbstractSkinProvider.fetchSkin(AbstractSkinProvider.java:52) ~[skinrestorer-2.10.0+1.20-forge.jar%23145!/:2.10.0+1.20-forge]
	at net.minecraft.server.network.ServerLoginPacketListenerImpl.md6d4fd0$lambda$skinrestorer$fetchSkin$3$1(ServerLoginPacketListenerImpl.java:646) ~[server-1.20.1-20230612.114412-srg.jar%23151!/:?]
	at java.util.Optional.map(Optional.java:260) ~[?:?]
	at net.minecraft.server.network.ServerLoginPacketListenerImpl.skinrestorer$fetchSkin(ServerLoginPacketListenerImpl.java:646) ~[server-1.20.1-20230612.114412-srg.jar%23151!/:?]
	at net.minecraft.server.network.ServerLoginPacketListenerImpl.md6d4fd0$lambda$waitForSkin$0$4(ServerLoginPacketListenerImpl.java:595) ~[server-1.20.1-20230612.114412-srg.jar%23151!/:?]
	at java.util.concurrent.CompletableFuture$AsyncSupply.run(CompletableFuture.java:1768) ~[?:?]
	at java.util.concurrent.ThreadPoolExecutor.runWorker(ThreadPoolExecutor.java:1136) ~[?:?]
	at java.util.concurrent.ThreadPoolExecutor$Worker.run(ThreadPoolExecutor.java:635) ~[?:?]
	at java.lang.Thread.run(Thread.java:840) ~[?:?]
[11Aug2026 02:34:49.343] [Server thread/INFO] [net.minecraft.server.players.PlayerList/]: GonzaloM369[/127.242.238.33:54621] logged in with entity id 20520 at (-995.40693445944, 69.0625, 58.96452038291711)
[11Aug2026 02:34:49.358] [Server thread/INFO] [net.minecraft.server.MinecraftServer/]: GonzaloM369 joined the game
[11Aug2026 02:34:49.755] [Server thread/INFO] [voicechat/]: [voicechat] Received secret request of GonzaloM369 (20)
[11Aug2026 02:34:49.756] [Server thread/INFO] [voicechat/]: [voicechat] Sent secret to GonzaloM369
[11Aug2026 02:34:49.830] [Server thread/INFO] [net.minecraft.server.MinecraftServer/]: [Not Secure] <f4tizzz> ...
[11Aug2026 02:34:49.885] [Server thread/INFO] [net.minecraft.server.MinecraftServer/]: [Not Secure] <Cabo> como que server?
[11Aug2026 02:34:58.809] [Server thread/INFO] [net.minecraft.server.MinecraftServer/]: [Not Secure] <f4tizzz> JJSJDDN
[11Aug2026 02:35:19.431] [Server thread/INFO] [net.minecraft.server.network.ServerGamePacketListenerImpl/]: GonzaloM369 lost connection: Timed out
[11Aug2026 02:35:19.431] [Server thread/INFO] [net.minecraft.server.MinecraftServer/]: GonzaloM369 left the game
[11Aug2026 02:35:19.432] [Server thread/INFO] [voicechat/]: [voicechat] Disconnecting client GonzaloM369
[11Aug2026 02:35:30.031] [Server thread/INFO] [net.minecraft.server.MinecraftServer/]: [Not Secure] [Server] que le pasa a gonza?
[11Aug2026 02:35:43.241] [Server thread/INFO] [net.minecraft.server.MinecraftServer/]: [Not Secure] <f4tizzz> no se
[11Aug2026 02:35:49.246] [Server thread/INFO] [net.minecraft.server.MinecraftServer/]: [Not Secure] <f4tizzz> creo q es su internet
[11Aug2026 02:37:01.345] [Server thread/INFO] [net.minecraft.server.players.PlayerList/]: antares[/127.29.15.204:34689] logged in with entity id 21588 at (-1534.267508879218, 124.0, 461.0811221771693)
[11Aug2026 02:37:01.360] [Server thread/INFO] [net.minecraft.server.MinecraftServer/]: antares joined the game
[11Aug2026 02:37:02.808] [Server thread/INFO] [voicechat/]: [voicechat] Received secret request of antares (20)
[11Aug2026 02:37:02.809] [Server thread/INFO] [voicechat/]: [voicechat] Sent secret to antares
[11Aug2026 02:37:38.989] [Server thread/INFO] [net.minecraft.server.MinecraftServer/]: [antares: Teleported antares to Cabo]
[11Aug2026 02:37:43.332] [Server thread/INFO] [net.minecraft.server.MinecraftServer/]: [Not Secure] <antares> a
[11Aug2026 02:37:47.482] [Server thread/INFO] [net.minecraft.server.MinecraftServer/]: [Not Secure] <Cabo> xd
[11Aug2026 02:37:54.212] [Server thread/INFO] [net.minecraft.server.MinecraftServer/]: [antares: Teleported antares to -1514.500000, 126.500000, 435.500000]
[11Aug2026 02:38:44.156] [SkinRestorer-Fetch-21/WARN] [SkinRestorer/]: Failed to fetch skin 'mojang:GonzaloM369'
java.lang.IllegalStateException: not found
	at net.lionarius.skinrestorer.util.WebUtils.throwOnClientErrors(WebUtils.java:141) ~[skinrestorer-2.10.0+1.20-forge.jar%23145!/:2.10.0+1.20-forge]
	at net.lionarius.skinrestorer.skin.provider.base.YggdrasilSkinProvider.getProfile(YggdrasilSkinProvider.java:50) ~[skinrestorer-2.10.0+1.20-forge.jar%23145!/:2.10.0+1.20-forge]
	at net.lionarius.skinrestorer.skin.provider.builtin.MojangSkinProvider.lambda$new$0(MojangSkinProvider.java:43) ~[skinrestorer-2.10.0+1.20-forge.jar%23145!/:2.10.0+1.20-forge]
	at net.minecraft.server.players.GameProfileCache.m_10993_(GameProfileCache.java:98) ~[server-1.20.1-20230612.114412-srg.jar%23151!/:?]
	at net.minecraft.server.players.GameProfileCache.m_10996_(GameProfileCache.java:150) ~[server-1.20.1-20230612.114412-srg.jar%23151!/:?]
	at net.lionarius.skinrestorer.skin.provider.builtin.MojangSkinProvider.resolveUuid(MojangSkinProvider.java:74) ~[skinrestorer-2.10.0+1.20-forge.jar%23145!/:2.10.0+1.20-forge]
	at net.lionarius.skinrestorer.skin.provider.base.ProfileSkinProvider.getCacheKey(ProfileSkinProvider.java:40) ~[skinrestorer-2.10.0+1.20-forge.jar%23145!/:2.10.0+1.20-forge]
	at net.lionarius.skinrestorer.skin.provider.base.ProfileSkinProvider.getCacheKey(ProfileSkinProvider.java:17) ~[skinrestorer-2.10.0+1.20-forge.jar%23145!/:2.10.0+1.20-forge]
	at net.lionarius.skinrestorer.skin.provider.base.AbstractSkinProvider.fetchSkin(AbstractSkinProvider.java:52) ~[skinrestorer-2.10.0+1.20-forge.jar%23145!/:2.10.0+1.20-forge]
	at net.minecraft.server.network.ServerLoginPacketListenerImpl.md6d4fd0$lambda$skinrestorer$fetchSkin$3$1(ServerLoginPacketListenerImpl.java:646) ~[server-1.20.1-20230612.114412-srg.jar%23151!/:?]
	at java.util.Optional.map(Optional.java:260) ~[?:?]
	at net.minecraft.server.network.ServerLoginPacketListenerImpl.skinrestorer$fetchSkin(ServerLoginPacketListenerImpl.java:646) ~[server-1.20.1-20230612.114412-srg.jar%23151!/:?]
	at net.minecraft.server.network.ServerLoginPacketListenerImpl.md6d4fd0$lambda$waitForSkin$0$4(ServerLoginPacketListenerImpl.java:595) ~[server-1.20.1-20230612.114412-srg.jar%23151!/:?]
	at java.util.concurrent.CompletableFuture$AsyncSupply.run(CompletableFuture.java:1768) ~[?:?]
	at java.util.concurrent.ThreadPoolExecutor.runWorker(ThreadPoolExecutor.java:1136) ~[?:?]
	at java.util.concurrent.ThreadPoolExecutor$Worker.run(ThreadPoolExecutor.java:635) ~[?:?]
	at java.lang.Thread.run(Thread.java:840) ~[?:?]
[11Aug2026 02:38:44.204] [Server thread/INFO] [net.minecraft.server.players.PlayerList/]: GonzaloM369[/127.242.238.33:53329] logged in with entity id 23281 at (-995.40693445944, 69.0625, 58.96452038291711)
[11Aug2026 02:38:44.219] [Server thread/INFO] [net.minecraft.server.MinecraftServer/]: GonzaloM369 joined the game
[11Aug2026 02:38:44.662] [Server thread/INFO] [voicechat/]: [voicechat] Received secret request of GonzaloM369 (20)
[11Aug2026 02:38:44.663] [Server thread/INFO] [voicechat/]: [voicechat] Sent secret to GonzaloM369
[11Aug2026 02:39:21.441] [Server thread/INFO] [net.minecraft.server.network.ServerGamePacketListenerImpl/]: GonzaloM369 lost connection: Timed out
[11Aug2026 02:39:21.441] [Server thread/INFO] [net.minecraft.server.MinecraftServer/]: GonzaloM369 left the game
[11Aug2026 02:39:21.442] [Server thread/INFO] [voicechat/]: [voicechat] Disconnecting client GonzaloM369
[11Aug2026 02:39:48.399] [Server thread/INFO] [net.minecraft.server.MinecraftServer/]: antares has made the advancement [Tar Tar Sauce]
[11Aug2026 02:40:45.921] [Server thread/WARN] [net.minecraft.server.MinecraftServer/]: Can't keep up! Is the server overloaded? Running 2011ms or 40 ticks behind
[11Aug2026 02:40:50.862] [Server thread/INFO] [net.minecraft.server.MinecraftServer/]: f4tizzz has made the advancement [Suit Up]
[11Aug2026 02:41:20.189] [Server thread/INFO] [net.minecraft.server.MinecraftServer/]: [antares: Teleported antares to -1514.500000, 126.500000, 435.500000]
[11Aug2026 02:43:02.890] [SkinRestorer-Fetch-22/WARN] [SkinRestorer/]: Failed to fetch skin 'mojang:GonzaloM369'
java.lang.IllegalStateException: not found
	at net.lionarius.skinrestorer.util.WebUtils.throwOnClientErrors(WebUtils.java:141) ~[skinrestorer-2.10.0+1.20-forge.jar%23145!/:2.10.0+1.20-forge]
	at net.lionarius.skinrestorer.skin.provider.base.YggdrasilSkinProvider.getProfile(YggdrasilSkinProvider.java:50) ~[skinrestorer-2.10.0+1.20-forge.jar%23145!/:2.10.0+1.20-forge]
	at net.lionarius.skinrestorer.skin.provider.builtin.MojangSkinProvider.lambda$new$0(MojangSkinProvider.java:43) ~[skinrestorer-2.10.0+1.20-forge.jar%23145!/:2.10.0+1.20-forge]
	at net.minecraft.server.players.GameProfileCache.m_10993_(GameProfileCache.java:98) ~[server-1.20.1-20230612.114412-srg.jar%23151!/:?]
	at net.minecraft.server.players.GameProfileCache.m_10996_(GameProfileCache.java:150) ~[server-1.20.1-20230612.114412-srg.jar%23151!/:?]
	at net.lionarius.skinrestorer.skin.provider.builtin.MojangSkinProvider.resolveUuid(MojangSkinProvider.java:74) ~[skinrestorer-2.10.0+1.20-forge.jar%23145!/:2.10.0+1.20-forge]
	at net.lionarius.skinrestorer.skin.provider.base.ProfileSkinProvider.getCacheKey(ProfileSkinProvider.java:40) ~[skinrestorer-2.10.0+1.20-forge.jar%23145!/:2.10.0+1.20-forge]
	at net.lionarius.skinrestorer.skin.provider.base.ProfileSkinProvider.getCacheKey(ProfileSkinProvider.java:17) ~[skinrestorer-2.10.0+1.20-forge.jar%23145!/:2.10.0+1.20-forge]
	at net.lionarius.skinrestorer.skin.provider.base.AbstractSkinProvider.fetchSkin(AbstractSkinProvider.java:52) ~[skinrestorer-2.10.0+1.20-forge.jar%23145!/:2.10.0+1.20-forge]
	at net.minecraft.server.network.ServerLoginPacketListenerImpl.md6d4fd0$lambda$skinrestorer$fetchSkin$3$1(ServerLoginPacketListenerImpl.java:646) ~[server-1.20.1-20230612.114412-srg.jar%23151!/:?]
	at java.util.Optional.map(Optional.java:260) ~[?:?]
	at net.minecraft.server.network.ServerLoginPacketListenerImpl.skinrestorer$fetchSkin(ServerLoginPacketListenerImpl.java:646) ~[server-1.20.1-20230612.114412-srg.jar%23151!/:?]
	at net.minecraft.server.network.ServerLoginPacketListenerImpl.md6d4fd0$lambda$waitForSkin$0$4(ServerLoginPacketListenerImpl.java:595) ~[server-1.20.1-20230612.114412-srg.jar%23151!/:?]
	at java.util.concurrent.CompletableFuture$AsyncSupply.run(CompletableFuture.java:1768) ~[?:?]
	at java.util.concurrent.ThreadPoolExecutor.runWorker(ThreadPoolExecutor.java:1136) ~[?:?]
	at java.util.concurrent.ThreadPoolExecutor$Worker.run(ThreadPoolExecutor.java:635) ~[?:?]
	at java.lang.Thread.run(Thread.java:840) ~[?:?]
[11Aug2026 02:43:02.911] [Server thread/INFO] [net.minecraft.server.players.PlayerList/]: GonzaloM369[/127.242.238.33:40643] logged in with entity id 26554 at (-995.40693445944, 69.0625, 58.96452038291711)
[11Aug2026 02:43:02.928] [Server thread/INFO] [net.minecraft.server.MinecraftServer/]: GonzaloM369 joined the game
[11Aug2026 02:43:04.092] [Server thread/INFO] [voicechat/]: [voicechat] Received secret request of GonzaloM369 (20)
[11Aug2026 02:43:04.093] [Server thread/INFO] [voicechat/]: [voicechat] Sent secret to GonzaloM369
[11Aug2026 02:43:32.991] [Server thread/INFO] [net.minecraft.server.network.ServerGamePacketListenerImpl/]: GonzaloM369 lost connection: Timed out
[11Aug2026 02:43:32.992] [Server thread/INFO] [net.minecraft.server.MinecraftServer/]: GonzaloM369 left the game
[11Aug2026 02:43:32.992] [Server thread/INFO] [voicechat/]: [voicechat] Disconnecting client GonzaloM369
[11Aug2026 02:43:48.719] [SkinRestorer-Fetch-23/WARN] [SkinRestorer/]: Failed to fetch skin 'mojang:GonzaloM369'
java.lang.IllegalStateException: not found
	at net.lionarius.skinrestorer.util.WebUtils.throwOnClientErrors(WebUtils.java:141) ~[skinrestorer-2.10.0+1.20-forge.jar%23145!/:2.10.0+1.20-forge]
	at net.lionarius.skinrestorer.skin.provider.base.YggdrasilSkinProvider.getProfile(YggdrasilSkinProvider.java:50) ~[skinrestorer-2.10.0+1.20-forge.jar%23145!/:2.10.0+1.20-forge]
	at net.lionarius.skinrestorer.skin.provider.builtin.MojangSkinProvider.lambda$new$0(MojangSkinProvider.java:43) ~[skinrestorer-2.10.0+1.20-forge.jar%23145!/:2.10.0+1.20-forge]
	at net.minecraft.server.players.GameProfileCache.m_10993_(GameProfileCache.java:98) ~[server-1.20.1-20230612.114412-srg.jar%23151!/:?]
	at net.minecraft.server.players.GameProfileCache.m_10996_(GameProfileCache.java:150) ~[server-1.20.1-20230612.114412-srg.jar%23151!/:?]
	at net.lionarius.skinrestorer.skin.provider.builtin.MojangSkinProvider.resolveUuid(MojangSkinProvider.java:74) ~[skinrestorer-2.10.0+1.20-forge.jar%23145!/:2.10.0+1.20-forge]
	at net.lionarius.skinrestorer.skin.provider.base.ProfileSkinProvider.getCacheKey(ProfileSkinProvider.java:40) ~[skinrestorer-2.10.0+1.20-forge.jar%23145!/:2.10.0+1.20-forge]
	at net.lionarius.skinrestorer.skin.provider.base.ProfileSkinProvider.getCacheKey(ProfileSkinProvider.java:17) ~[skinrestorer-2.10.0+1.20-forge.jar%23145!/:2.10.0+1.20-forge]
	at net.lionarius.skinrestorer.skin.provider.base.AbstractSkinProvider.fetchSkin(AbstractSkinProvider.java:52) ~[skinrestorer-2.10.0+1.20-forge.jar%23145!/:2.10.0+1.20-forge]
	at net.minecraft.server.network.ServerLoginPacketListenerImpl.md6d4fd0$lambda$skinrestorer$fetchSkin$3$1(ServerLoginPacketListenerImpl.java:646) ~[server-1.20.1-20230612.114412-srg.jar%23151!/:?]
	at java.util.Optional.map(Optional.java:260) ~[?:?]
	at net.minecraft.server.network.ServerLoginPacketListenerImpl.skinrestorer$fetchSkin(ServerLoginPacketListenerImpl.java:646) ~[server-1.20.1-20230612.114412-srg.jar%23151!/:?]
	at net.minecraft.server.network.ServerLoginPacketListenerImpl.md6d4fd0$lambda$waitForSkin$0$4(ServerLoginPacketListenerImpl.java:595) ~[server-1.20.1-20230612.114412-srg.jar%23151!/:?]
	at java.util.concurrent.CompletableFuture$AsyncSupply.run(CompletableFuture.java:1768) ~[?:?]
	at java.util.concurrent.ThreadPoolExecutor.runWorker(ThreadPoolExecutor.java:1136) ~[?:?]
	at java.util.concurrent.ThreadPoolExecutor$Worker.run(ThreadPoolExecutor.java:635) ~[?:?]
	at java.lang.Thread.run(Thread.java:840) ~[?:?]
[11Aug2026 02:43:48.754] [Server thread/INFO] [net.minecraft.server.players.PlayerList/]: GonzaloM369[/127.242.238.33:53261] logged in with entity id 27327 at (-995.40693445944, 69.0625, 58.96452038291711)
[11Aug2026 02:43:48.770] [Server thread/INFO] [net.minecraft.server.MinecraftServer/]: GonzaloM369 joined the game
[11Aug2026 02:43:49.197] [Server thread/INFO] [voicechat/]: [voicechat] Received secret request of GonzaloM369 (20)
[11Aug2026 02:43:49.197] [Server thread/INFO] [voicechat/]: [voicechat] Sent secret to GonzaloM369
[11Aug2026 02:44:18.890] [Server thread/INFO] [net.minecraft.server.network.ServerGamePacketListenerImpl/]: GonzaloM369 lost connection: Timed out
[11Aug2026 02:44:18.890] [Server thread/INFO] [net.minecraft.server.MinecraftServer/]: GonzaloM369 left the game
[11Aug2026 02:44:18.891] [Server thread/INFO] [voicechat/]: [voicechat] Disconnecting client GonzaloM369
[11Aug2026 02:44:26.080] [SkinRestorer-Fetch-24/WARN] [SkinRestorer/]: Failed to fetch skin 'mojang:GonzaloM369'
java.lang.IllegalStateException: not found
	at net.lionarius.skinrestorer.util.WebUtils.throwOnClientErrors(WebUtils.java:141) ~[skinrestorer-2.10.0+1.20-forge.jar%23145!/:2.10.0+1.20-forge]
	at net.lionarius.skinrestorer.skin.provider.base.YggdrasilSkinProvider.getProfile(YggdrasilSkinProvider.java:50) ~[skinrestorer-2.10.0+1.20-forge.jar%23145!/:2.10.0+1.20-forge]
	at net.lionarius.skinrestorer.skin.provider.builtin.MojangSkinProvider.lambda$new$0(MojangSkinProvider.java:43) ~[skinrestorer-2.10.0+1.20-forge.jar%23145!/:2.10.0+1.20-forge]
	at net.minecraft.server.players.GameProfileCache.m_10993_(GameProfileCache.java:98) ~[server-1.20.1-20230612.114412-srg.jar%23151!/:?]
	at net.minecraft.server.players.GameProfileCache.m_10996_(GameProfileCache.java:150) ~[server-1.20.1-20230612.114412-srg.jar%23151!/:?]
	at net.lionarius.skinrestorer.skin.provider.builtin.MojangSkinProvider.resolveUuid(MojangSkinProvider.java:74) ~[skinrestorer-2.10.0+1.20-forge.jar%23145!/:2.10.0+1.20-forge]
	at net.lionarius.skinrestorer.skin.provider.base.ProfileSkinProvider.getCacheKey(ProfileSkinProvider.java:40) ~[skinrestorer-2.10.0+1.20-forge.jar%23145!/:2.10.0+1.20-forge]
	at net.lionarius.skinrestorer.skin.provider.base.ProfileSkinProvider.getCacheKey(ProfileSkinProvider.java:17) ~[skinrestorer-2.10.0+1.20-forge.jar%23145!/:2.10.0+1.20-forge]
	at net.lionarius.skinrestorer.skin.provider.base.AbstractSkinProvider.fetchSkin(AbstractSkinProvider.java:52) ~[skinrestorer-2.10.0+1.20-forge.jar%23145!/:2.10.0+1.20-forge]
	at net.minecraft.server.network.ServerLoginPacketListenerImpl.md6d4fd0$lambda$skinrestorer$fetchSkin$3$1(ServerLoginPacketListenerImpl.java:646) ~[server-1.20.1-20230612.114412-srg.jar%23151!/:?]
	at java.util.Optional.map(Optional.java:260) ~[?:?]
	at net.minecraft.server.network.ServerLoginPacketListenerImpl.skinrestorer$fetchSkin(ServerLoginPacketListenerImpl.java:646) ~[server-1.20.1-20230612.114412-srg.jar%23151!/:?]
	at net.minecraft.server.network.ServerLoginPacketListenerImpl.md6d4fd0$lambda$waitForSkin$0$4(ServerLoginPacketListenerImpl.java:595) ~[server-1.20.1-20230612.114412-srg.jar%23151!/:?]
	at java.util.concurrent.CompletableFuture$AsyncSupply.run(CompletableFuture.java:1768) ~[?:?]
	at java.util.concurrent.ThreadPoolExecutor.runWorker(ThreadPoolExecutor.java:1136) ~[?:?]
	at java.util.concurrent.ThreadPoolExecutor$Worker.run(ThreadPoolExecutor.java:635) ~[?:?]
	at java.lang.Thread.run(Thread.java:840) ~[?:?]
[11Aug2026 02:44:26.103] [Server thread/INFO] [net.minecraft.server.players.PlayerList/]: GonzaloM369[/127.242.238.33:50267] logged in with entity id 27795 at (-995.40693445944, 69.0625, 58.96452038291711)
[11Aug2026 02:44:26.120] [Server thread/INFO] [net.minecraft.server.MinecraftServer/]: GonzaloM369 joined the game
[11Aug2026 02:44:26.391] [Server thread/INFO] [voicechat/]: [voicechat] Received secret request of GonzaloM369 (20)
[11Aug2026 02:44:26.392] [Server thread/INFO] [voicechat/]: [voicechat] Sent secret to GonzaloM369
[11Aug2026 02:45:54.500] [Server thread/INFO] [net.minecraft.server.MinecraftServer/]: antares has made the advancement [The Crucible]
[11Aug2026 02:46:02.886] [Server thread/INFO] [net.minecraft.server.network.ServerGamePacketListenerImpl/]: Cabo lost connection: Disconnected
[11Aug2026 02:46:02.886] [Server thread/INFO] [net.minecraft.server.MinecraftServer/]: Cabo left the game
[11Aug2026 02:46:02.887] [Server thread/INFO] [voicechat/]: [voicechat] Disconnecting client Cabo
[11Aug2026 02:46:07.984] [Server thread/INFO] [net.minecraft.server.MinecraftServer/]: GonzaloM369 has made the advancement [Suit Up]
[11Aug2026 02:47:16.852] [Server thread/INFO] [net.minecraft.server.MinecraftServer/]: [Not Secure] <antares> fati por tu zona hay vacas?
[11Aug2026 02:48:21.639] [Server thread/INFO] [net.minecraft.server.MinecraftServer/]: antares has made the advancement [Suit Up]
[11Aug2026 02:50:27.894] [Server thread/INFO] [net.minecraft.server.MinecraftServer/]: [antares: Teleported antares to -1514.500000, 126.500000, 435.500000]
[11Aug2026 02:51:40.650] [Server thread/INFO] [net.minecraft.server.MinecraftServer/]: [antares: Teleported antares to -1624.500000, 69.500000, 393.500000]
[11Aug2026 02:52:41.134] [Server thread/WARN] [net.minecraft.server.level.ServerPlayerGameMode/]: Mismatch in destroy block pos: BlockPos{x=-987, y=71, z=32} BlockPos{x=-989, y=71, z=31}
[11Aug2026 02:52:47.675] [Server thread/INFO] [net.minecraft.server.MinecraftServer/]: antares has made the advancement [The Parrots and the Bats]
[11Aug2026 02:55:28.080] [Server thread/INFO] [net.minecraft.server.MinecraftServer/]: [antares: Teleported antares to -1514.500000, 126.500000, 435.500000]
[11Aug2026 02:56:42.530] [Server thread/INFO] [net.minecraft.server.network.ServerGamePacketListenerImpl/]: GonzaloM369 lost connection: Timed out
[11Aug2026 02:56:42.531] [Server thread/INFO] [net.minecraft.server.MinecraftServer/]: GonzaloM369 left the game
[11Aug2026 02:56:42.532] [Server thread/INFO] [voicechat/]: [voicechat] Disconnecting client GonzaloM369
[11Aug2026 02:57:19.080] [Server thread/INFO] [net.minecraft.server.network.ServerLoginPacketListenerImpl/]: com.mojang.authlib.GameProfile@5cf3531[id=<null>,name=GonzaloM369,properties={},legacy=false] (/127.242.238.33:36157) lost connection: Disconnected
[11Aug2026 02:57:28.753] [SkinRestorer-Fetch-25/WARN] [SkinRestorer/]: Failed to fetch skin 'mojang:GonzaloM369'
java.lang.IllegalStateException: not found
	at net.lionarius.skinrestorer.util.WebUtils.throwOnClientErrors(WebUtils.java:141) ~[skinrestorer-2.10.0+1.20-forge.jar%23145!/:2.10.0+1.20-forge]
	at net.lionarius.skinrestorer.skin.provider.base.YggdrasilSkinProvider.getProfile(YggdrasilSkinProvider.java:50) ~[skinrestorer-2.10.0+1.20-forge.jar%23145!/:2.10.0+1.20-forge]
	at net.lionarius.skinrestorer.skin.provider.builtin.MojangSkinProvider.lambda$new$0(MojangSkinProvider.java:43) ~[skinrestorer-2.10.0+1.20-forge.jar%23145!/:2.10.0+1.20-forge]
	at net.minecraft.server.players.GameProfileCache.m_10993_(GameProfileCache.java:98) ~[server-1.20.1-20230612.114412-srg.jar%23151!/:?]
	at net.minecraft.server.players.GameProfileCache.m_10996_(GameProfileCache.java:150) ~[server-1.20.1-20230612.114412-srg.jar%23151!/:?]
	at net.lionarius.skinrestorer.skin.provider.builtin.MojangSkinProvider.resolveUuid(MojangSkinProvider.java:74) ~[skinrestorer-2.10.0+1.20-forge.jar%23145!/:2.10.0+1.20-forge]
	at net.lionarius.skinrestorer.skin.provider.base.ProfileSkinProvider.getCacheKey(ProfileSkinProvider.java:40) ~[skinrestorer-2.10.0+1.20-forge.jar%23145!/:2.10.0+1.20-forge]
	at net.lionarius.skinrestorer.skin.provider.base.ProfileSkinProvider.getCacheKey(ProfileSkinProvider.java:17) ~[skinrestorer-2.10.0+1.20-forge.jar%23145!/:2.10.0+1.20-forge]
	at net.lionarius.skinrestorer.skin.provider.base.AbstractSkinProvider.fetchSkin(AbstractSkinProvider.java:52) ~[skinrestorer-2.10.0+1.20-forge.jar%23145!/:2.10.0+1.20-forge]
	at net.minecraft.server.network.ServerLoginPacketListenerImpl.md6d4fd0$lambda$skinrestorer$fetchSkin$3$1(ServerLoginPacketListenerImpl.java:646) ~[server-1.20.1-20230612.114412-srg.jar%23151!/:?]
	at java.util.Optional.map(Optional.java:260) ~[?:?]
	at net.minecraft.server.network.ServerLoginPacketListenerImpl.skinrestorer$fetchSkin(ServerLoginPacketListenerImpl.java:646) ~[server-1.20.1-20230612.114412-srg.jar%23151!/:?]
	at net.minecraft.server.network.ServerLoginPacketListenerImpl.md6d4fd0$lambda$waitForSkin$0$4(ServerLoginPacketListenerImpl.java:595) ~[server-1.20.1-20230612.114412-srg.jar%23151!/:?]
	at java.util.concurrent.CompletableFuture$AsyncSupply.run(CompletableFuture.java:1768) ~[?:?]
	at java.util.concurrent.ThreadPoolExecutor.runWorker(ThreadPoolExecutor.java:1136) ~[?:?]
	at java.util.concurrent.ThreadPoolExecutor$Worker.run(ThreadPoolExecutor.java:635) ~[?:?]
	at java.lang.Thread.run(Thread.java:840) ~[?:?]
[11Aug2026 02:57:28.790] [Server thread/INFO] [net.minecraft.server.players.PlayerList/]: GonzaloM369[/127.242.238.33:49599] logged in with entity id 35876 at (-983.0032209422457, 68.0, 29.54434606126751)
[11Aug2026 02:57:28.805] [Server thread/INFO] [net.minecraft.server.MinecraftServer/]: GonzaloM369 joined the game
[11Aug2026 02:57:29.185] [Server thread/INFO] [voicechat/]: [voicechat] Received secret request of GonzaloM369 (20)
[11Aug2026 02:57:29.185] [Server thread/INFO] [voicechat/]: [voicechat] Sent secret to GonzaloM369
[11Aug2026 02:57:58.931] [Server thread/INFO] [net.minecraft.server.network.ServerGamePacketListenerImpl/]: GonzaloM369 lost connection: Timed out
[11Aug2026 02:57:58.932] [Server thread/INFO] [net.minecraft.server.MinecraftServer/]: GonzaloM369 left the game
[11Aug2026 02:57:58.932] [Server thread/INFO] [voicechat/]: [voicechat] Disconnecting client GonzaloM369
[11Aug2026 02:58:11.609] [SkinRestorer-Fetch-26/WARN] [SkinRestorer/]: Failed to fetch skin 'mojang:GonzaloM369'
java.lang.IllegalStateException: not found
	at net.lionarius.skinrestorer.util.WebUtils.throwOnClientErrors(WebUtils.java:141) ~[skinrestorer-2.10.0+1.20-forge.jar%23145!/:2.10.0+1.20-forge]
	at net.lionarius.skinrestorer.skin.provider.base.YggdrasilSkinProvider.getProfile(YggdrasilSkinProvider.java:50) ~[skinrestorer-2.10.0+1.20-forge.jar%23145!/:2.10.0+1.20-forge]
	at net.lionarius.skinrestorer.skin.provider.builtin.MojangSkinProvider.lambda$new$0(MojangSkinProvider.java:43) ~[skinrestorer-2.10.0+1.20-forge.jar%23145!/:2.10.0+1.20-forge]
	at net.minecraft.server.players.GameProfileCache.m_10993_(GameProfileCache.java:98) ~[server-1.20.1-20230612.114412-srg.jar%23151!/:?]
	at net.minecraft.server.players.GameProfileCache.m_10996_(GameProfileCache.java:150) ~[server-1.20.1-20230612.114412-srg.jar%23151!/:?]
	at net.lionarius.skinrestorer.skin.provider.builtin.MojangSkinProvider.resolveUuid(MojangSkinProvider.java:74) ~[skinrestorer-2.10.0+1.20-forge.jar%23145!/:2.10.0+1.20-forge]
	at net.lionarius.skinrestorer.skin.provider.base.ProfileSkinProvider.getCacheKey(ProfileSkinProvider.java:40) ~[skinrestorer-2.10.0+1.20-forge.jar%23145!/:2.10.0+1.20-forge]
	at net.lionarius.skinrestorer.skin.provider.base.ProfileSkinProvider.getCacheKey(ProfileSkinProvider.java:17) ~[skinrestorer-2.10.0+1.20-forge.jar%23145!/:2.10.0+1.20-forge]
	at net.lionarius.skinrestorer.skin.provider.base.AbstractSkinProvider.fetchSkin(AbstractSkinProvider.java:52) ~[skinrestorer-2.10.0+1.20-forge.jar%23145!/:2.10.0+1.20-forge]
	at net.minecraft.server.network.ServerLoginPacketListenerImpl.md6d4fd0$lambda$skinrestorer$fetchSkin$3$1(ServerLoginPacketListenerImpl.java:646) ~[server-1.20.1-20230612.114412-srg.jar%23151!/:?]
	at java.util.Optional.map(Optional.java:260) ~[?:?]
	at net.minecraft.server.network.ServerLoginPacketListenerImpl.skinrestorer$fetchSkin(ServerLoginPacketListenerImpl.java:646) ~[server-1.20.1-20230612.114412-srg.jar%23151!/:?]
	at net.minecraft.server.network.ServerLoginPacketListenerImpl.md6d4fd0$lambda$waitForSkin$0$4(ServerLoginPacketListenerImpl.java:595) ~[server-1.20.1-20230612.114412-srg.jar%23151!/:?]
	at java.util.concurrent.CompletableFuture$AsyncSupply.run(CompletableFuture.java:1768) ~[?:?]
	at java.util.concurrent.ThreadPoolExecutor.runWorker(ThreadPoolExecutor.java:1136) ~[?:?]
	at java.util.concurrent.ThreadPoolExecutor$Worker.run(ThreadPoolExecutor.java:635) ~[?:?]
	at java.lang.Thread.run(Thread.java:840) ~[?:?]
[11Aug2026 02:58:11.658] [Server thread/INFO] [net.minecraft.server.players.PlayerList/]: GonzaloM369[/127.242.238.33:42283] logged in with entity id 36262 at (-983.0032209422457, 68.0, 29.54434606126751)
[11Aug2026 02:58:11.673] [Server thread/INFO] [net.minecraft.server.MinecraftServer/]: GonzaloM369 joined the game
[11Aug2026 02:58:11.933] [Server thread/INFO] [voicechat/]: [voicechat] Received secret request of GonzaloM369 (20)
[11Aug2026 02:58:11.934] [Server thread/INFO] [voicechat/]: [voicechat] Sent secret to GonzaloM369
[11Aug2026 02:58:48.745] [Server thread/INFO] [net.minecraft.server.MinecraftServer/]: [antares: Teleported antares to -1624.500000, 69.500000, 393.500000]
[11Aug2026 02:59:08.334] [Server thread/INFO] [net.minecraft.server.MinecraftServer/]: [antares: Teleported antares to -1514.500000, 126.500000, 435.500000]
[11Aug2026 03:01:07.188] [Server thread/INFO] [net.minecraft.server.MinecraftServer/]: antares has made the advancement [Eggs!]
[11Aug2026 03:02:34.842] [Server thread/INFO] [net.minecraft.server.MinecraftServer/]: GonzaloM369 has made the advancement [Isn't It Iron Pick]
[11Aug2026 03:04:23.137] [Server thread/INFO] [net.minecraft.server.MinecraftServer/]: antares has made the advancement [Read all about it!]
[11Aug2026 03:04:49.442] [Server thread/INFO] [net.minecraft.server.MinecraftServer/]: [antares: Teleported antares to f4tizzz]
[11Aug2026 03:04:56.125] [Server thread/INFO] [net.minecraft.server.MinecraftServer/]: [Not Secure] <antares> ten fati
[11Aug2026 03:04:59.276] [Server thread/INFO] [net.minecraft.server.MinecraftServer/]: f4tizzz has made the advancement [Eggs!]
[11Aug2026 03:05:03.023] [Server thread/INFO] [net.minecraft.server.MinecraftServer/]: [Not Secure] <f4tizzz> OOOHH
[11Aug2026 03:05:04.009] [Server thread/INFO] [net.minecraft.server.MinecraftServer/]: [Not Secure] <antares> de ahi sale algo de dino
[11Aug2026 03:05:06.524] [Server thread/INFO] [net.minecraft.server.MinecraftServer/]: [Not Secure] <antares> no se que es
[11Aug2026 03:05:07.425] [Server thread/INFO] [net.minecraft.server.MinecraftServer/]: [Not Secure] <f4tizzz> si?
[11Aug2026 03:05:17.821] [Server thread/INFO] [net.minecraft.server.MinecraftServer/]: [antares: Teleported antares to -1514.500000, 126.500000, 435.500000]
[11Aug2026 03:05:17.847] [Server thread/INFO] [net.minecraft.server.MinecraftServer/]: [Not Secure] <f4tizzz> como eclosionan o q
[11Aug2026 03:05:34.357] [Server thread/INFO] [net.minecraft.server.MinecraftServer/]: [Not Secure] <antares> ponle antorchas
[11Aug2026 03:05:37.935] [Server thread/INFO] [net.minecraft.server.MinecraftServer/]: [Not Secure] <antares> y deberia salir creo
[11Aug2026 03:05:41.441] [Server thread/INFO] [net.minecraft.server.MinecraftServer/]: [Not Secure] <antares> es que no se que dino es xd
[11Aug2026 03:05:56.635] [Server thread/INFO] [net.minecraft.server.MinecraftServer/]: [Not Secure] <f4tizzz> SI SALIÓ
[11Aug2026 03:05:59.757] [Server thread/INFO] [net.minecraft.server.MinecraftServer/]: [Not Secure] <antares> que es
[11Aug2026 03:06:09.337] [Server thread/INFO] [net.minecraft.server.MinecraftServer/]: [Not Secure] <f4tizzz> parece un cocodrilo
[11Aug2026 03:06:15.698] [Server thread/INFO] [net.minecraft.server.MinecraftServer/]: [Not Secure] <f4tizzz> ven mira
[11Aug2026 03:06:31.536] [Server thread/INFO] [net.minecraft.server.MinecraftServer/]: [antares: Teleported antares to f4tizzz]
[11Aug2026 03:06:52.691] [Server thread/INFO] [net.minecraft.server.MinecraftServer/]: [Not Secure] <antares> dale comida es salvaje
[11Aug2026 03:07:04.656] [Server thread/INFO] [net.minecraft.server.MinecraftServer/]: [Not Secure] <antares> pq salio salvaje xd
[11Aug2026 03:07:12.140] [Server thread/INFO] [net.minecraft.server.MinecraftServer/]: GonzaloM369 fell from a high place
[11Aug2026 03:07:20.108] [Server thread/INFO] [net.minecraft.server.MinecraftServer/]: [Not Secure] <antares> come pescado y carne
[11Aug2026 03:07:28.549] [Server thread/INFO] [net.minecraft.server.MinecraftServer/]: [Not Secure] <f4tizzz> yaa
[11Aug2026 03:07:33.125] [Server thread/INFO] [net.minecraft.server.MinecraftServer/]: [antares: Teleported antares to -1514.500000, 126.500000, 435.500000]
[11Aug2026 03:07:33.142] [Server thread/INFO] [net.minecraft.server.MinecraftServer/]: [Not Secure] <f4tizzz> buscaré
[11Aug2026 03:07:42.828] [Server thread/INFO] [net.minecraft.server.network.ServerGamePacketListenerImpl/]: GonzaloM369 lost connection: Timed out
[11Aug2026 03:07:42.828] [Server thread/INFO] [net.minecraft.server.MinecraftServer/]: GonzaloM369 left the game
[11Aug2026 03:07:42.828] [Server thread/INFO] [voicechat/]: [voicechat] Disconnecting client GonzaloM369
[11Aug2026 03:08:05.701] [SkinRestorer-Fetch-27/WARN] [SkinRestorer/]: Failed to fetch skin 'mojang:GonzaloM369'
java.lang.IllegalStateException: not found
	at net.lionarius.skinrestorer.util.WebUtils.throwOnClientErrors(WebUtils.java:141) ~[skinrestorer-2.10.0+1.20-forge.jar%23145!/:2.10.0+1.20-forge]
	at net.lionarius.skinrestorer.skin.provider.base.YggdrasilSkinProvider.getProfile(YggdrasilSkinProvider.java:50) ~[skinrestorer-2.10.0+1.20-forge.jar%23145!/:2.10.0+1.20-forge]
	at net.lionarius.skinrestorer.skin.provider.builtin.MojangSkinProvider.lambda$new$0(MojangSkinProvider.java:43) ~[skinrestorer-2.10.0+1.20-forge.jar%23145!/:2.10.0+1.20-forge]
	at net.minecraft.server.players.GameProfileCache.m_10993_(GameProfileCache.java:98) ~[server-1.20.1-20230612.114412-srg.jar%23151!/:?]
	at net.minecraft.server.players.GameProfileCache.m_10996_(GameProfileCache.java:150) ~[server-1.20.1-20230612.114412-srg.jar%23151!/:?]
	at net.lionarius.skinrestorer.skin.provider.builtin.MojangSkinProvider.resolveUuid(MojangSkinProvider.java:74) ~[skinrestorer-2.10.0+1.20-forge.jar%23145!/:2.10.0+1.20-forge]
	at net.lionarius.skinrestorer.skin.provider.base.ProfileSkinProvider.getCacheKey(ProfileSkinProvider.java:40) ~[skinrestorer-2.10.0+1.20-forge.jar%23145!/:2.10.0+1.20-forge]
	at net.lionarius.skinrestorer.skin.provider.base.ProfileSkinProvider.getCacheKey(ProfileSkinProvider.java:17) ~[skinrestorer-2.10.0+1.20-forge.jar%23145!/:2.10.0+1.20-forge]
	at net.lionarius.skinrestorer.skin.provider.base.AbstractSkinProvider.fetchSkin(AbstractSkinProvider.java:52) ~[skinrestorer-2.10.0+1.20-forge.jar%23145!/:2.10.0+1.20-forge]
	at net.minecraft.server.network.ServerLoginPacketListenerImpl.md6d4fd0$lambda$skinrestorer$fetchSkin$3$1(ServerLoginPacketListenerImpl.java:646) ~[server-1.20.1-20230612.114412-srg.jar%23151!/:?]
	at java.util.Optional.map(Optional.java:260) ~[?:?]
	at net.minecraft.server.network.ServerLoginPacketListenerImpl.skinrestorer$fetchSkin(ServerLoginPacketListenerImpl.java:646) ~[server-1.20.1-20230612.114412-srg.jar%23151!/:?]
	at net.minecraft.server.network.ServerLoginPacketListenerImpl.md6d4fd0$lambda$waitForSkin$0$4(ServerLoginPacketListenerImpl.java:595) ~[server-1.20.1-20230612.114412-srg.jar%23151!/:?]
	at java.util.concurrent.CompletableFuture$AsyncSupply.run(CompletableFuture.java:1768) ~[?:?]
	at java.util.concurrent.ThreadPoolExecutor.runWorker(ThreadPoolExecutor.java:1136) ~[?:?]
	at java.util.concurrent.ThreadPoolExecutor$Worker.run(ThreadPoolExecutor.java:635) ~[?:?]
	at java.lang.Thread.run(Thread.java:840) ~[?:?]
[11Aug2026 03:08:05.739] [Server thread/INFO] [net.minecraft.server.players.PlayerList/]: GonzaloM369[/127.242.238.33:44483] logged in with entity id 41531 at (-996.5884369890341, 68.875, 58.10147480609497)
[11Aug2026 03:08:05.753] [Server thread/INFO] [net.minecraft.server.MinecraftServer/]: GonzaloM369 joined the game
[11Aug2026 03:08:06.028] [Server thread/INFO] [voicechat/]: [voicechat] Received secret request of GonzaloM369 (20)
[11Aug2026 03:08:06.028] [Server thread/INFO] [voicechat/]: [voicechat] Sent secret to GonzaloM369
[11Aug2026 03:08:35.881] [Server thread/INFO] [net.minecraft.server.network.ServerGamePacketListenerImpl/]: GonzaloM369 lost connection: Timed out
[11Aug2026 03:08:35.881] [Server thread/INFO] [net.minecraft.server.MinecraftServer/]: GonzaloM369 left the game
[11Aug2026 03:08:35.882] [Server thread/INFO] [voicechat/]: [voicechat] Disconnecting client GonzaloM369
[11Aug2026 03:08:44.685] [SkinRestorer-Fetch-28/WARN] [SkinRestorer/]: Failed to fetch skin 'mojang:GonzaloM369'
java.lang.IllegalStateException: not found
	at net.lionarius.skinrestorer.util.WebUtils.throwOnClientErrors(WebUtils.java:141) ~[skinrestorer-2.10.0+1.20-forge.jar%23145!/:2.10.0+1.20-forge]
	at net.lionarius.skinrestorer.skin.provider.base.YggdrasilSkinProvider.getProfile(YggdrasilSkinProvider.java:50) ~[skinrestorer-2.10.0+1.20-forge.jar%23145!/:2.10.0+1.20-forge]
	at net.lionarius.skinrestorer.skin.provider.builtin.MojangSkinProvider.lambda$new$0(MojangSkinProvider.java:43) ~[skinrestorer-2.10.0+1.20-forge.jar%23145!/:2.10.0+1.20-forge]
	at net.minecraft.server.players.GameProfileCache.m_10993_(GameProfileCache.java:98) ~[server-1.20.1-20230612.114412-srg.jar%23151!/:?]
	at net.minecraft.server.players.GameProfileCache.m_10996_(GameProfileCache.java:150) ~[server-1.20.1-20230612.114412-srg.jar%23151!/:?]
	at net.lionarius.skinrestorer.skin.provider.builtin.MojangSkinProvider.resolveUuid(MojangSkinProvider.java:74) ~[skinrestorer-2.10.0+1.20-forge.jar%23145!/:2.10.0+1.20-forge]
	at net.lionarius.skinrestorer.skin.provider.base.ProfileSkinProvider.getCacheKey(ProfileSkinProvider.java:40) ~[skinrestorer-2.10.0+1.20-forge.jar%23145!/:2.10.0+1.20-forge]
	at net.lionarius.skinrestorer.skin.provider.base.ProfileSkinProvider.getCacheKey(ProfileSkinProvider.java:17) ~[skinrestorer-2.10.0+1.20-forge.jar%23145!/:2.10.0+1.20-forge]
	at net.lionarius.skinrestorer.skin.provider.base.AbstractSkinProvider.fetchSkin(AbstractSkinProvider.java:52) ~[skinrestorer-2.10.0+1.20-forge.jar%23145!/:2.10.0+1.20-forge]
	at net.minecraft.server.network.ServerLoginPacketListenerImpl.md6d4fd0$lambda$skinrestorer$fetchSkin$3$1(ServerLoginPacketListenerImpl.java:646) ~[server-1.20.1-20230612.114412-srg.jar%23151!/:?]
	at java.util.Optional.map(Optional.java:260) ~[?:?]
	at net.minecraft.server.network.ServerLoginPacketListenerImpl.skinrestorer$fetchSkin(ServerLoginPacketListenerImpl.java:646) ~[server-1.20.1-20230612.114412-srg.jar%23151!/:?]
	at net.minecraft.server.network.ServerLoginPacketListenerImpl.md6d4fd0$lambda$waitForSkin$0$4(ServerLoginPacketListenerImpl.java:595) ~[server-1.20.1-20230612.114412-srg.jar%23151!/:?]
	at java.util.concurrent.CompletableFuture$AsyncSupply.run(CompletableFuture.java:1768) ~[?:?]
	at java.util.concurrent.ThreadPoolExecutor.runWorker(ThreadPoolExecutor.java:1136) ~[?:?]
	at java.util.concurrent.ThreadPoolExecutor$Worker.run(ThreadPoolExecutor.java:635) ~[?:?]
	at java.lang.Thread.run(Thread.java:840) ~[?:?]
[11Aug2026 03:08:44.745] [Server thread/INFO] [net.minecraft.server.players.PlayerList/]: GonzaloM369[/127.242.238.33:36995] logged in with entity id 41825 at (-996.5884369890341, 68.875, 58.10147480609497)
[11Aug2026 03:08:44.759] [Server thread/INFO] [net.minecraft.server.MinecraftServer/]: GonzaloM369 joined the game
[11Aug2026 03:08:45.035] [Server thread/INFO] [voicechat/]: [voicechat] Received secret request of GonzaloM369 (20)
[11Aug2026 03:08:45.035] [Server thread/INFO] [voicechat/]: [voicechat] Sent secret to GonzaloM369
[11Aug2026 03:09:14.831] [Server thread/INFO] [net.minecraft.server.network.ServerGamePacketListenerImpl/]: GonzaloM369 lost connection: Timed out
[11Aug2026 03:09:14.831] [Server thread/INFO] [net.minecraft.server.MinecraftServer/]: GonzaloM369 left the game
[11Aug2026 03:09:14.831] [Server thread/INFO] [voicechat/]: [voicechat] Disconnecting client GonzaloM369
[11Aug2026 03:09:38.337] [Server thread/INFO] [net.minecraft.server.MinecraftServer/]: [Not Secure] <antares> que raro pense que seria mascota
[11Aug2026 03:09:40.859] [Server thread/INFO] [net.minecraft.server.MinecraftServer/]: [Not Secure] <antares> pero me sale salvaje
[11Aug2026 03:10:06.030] [Server thread/INFO] [Fossils Archeology/]: Setting owner for EDAPHOSAURUS, be2a6bd4-7fdb-4bce-9194-fd6f3eb4f8f3 to d2996896-477c-303b-9567-4082b9abb61d. false
[11Aug2026 03:10:06.031] [Server thread/INFO] [net.minecraft.server.MinecraftServer/]: antares has made the advancement [Best Friends Forever]
[11Aug2026 03:10:06.335] [Server thread/INFO] [net.minecraft.server.network.ServerLoginPacketListenerImpl/]: com.mojang.authlib.GameProfile@20394ac6[id=<null>,name=GonzaloM369,properties={},legacy=false] (/127.242.238.33:55849) lost connection: Disconnected
[11Aug2026 03:10:09.530] [Server thread/INFO] [net.minecraft.server.MinecraftServer/]: [Not Secure] <antares> a mira si
[11Aug2026 03:10:11.527] [Server thread/INFO] [net.minecraft.server.MinecraftServer/]: [Not Secure] <antares> es con comida
[11Aug2026 03:10:42.881] [Server thread/INFO] [net.minecraft.server.MinecraftServer/]: [Not Secure] <antares> tienes caña?
[11Aug2026 03:10:44.932] [Server thread/INFO] [net.minecraft.server.network.ServerLoginPacketListenerImpl/]: com.mojang.authlib.GameProfile@179d0bd5[id=<null>,name=GonzaloM369,properties={},legacy=false] (/127.242.238.33:35913) lost connection: Disconnected
[11Aug2026 03:10:45.632] [Server thread/INFO] [net.minecraft.server.MinecraftServer/]: [antares: Teleported antares to f4tizzz]
[11Aug2026 03:10:47.255] [Server thread/INFO] [net.minecraft.server.MinecraftServer/]: [Not Secure] <f4tizzz> non
[11Aug2026 03:10:50.888] [Server thread/INFO] [net.minecraft.server.MinecraftServer/]: [Not Secure] <f4tizzz> jasjjsan
[11Aug2026 03:10:54.456] [SkinRestorer-Fetch-29/WARN] [SkinRestorer/]: Failed to fetch skin 'mojang:GonzaloM369'
java.lang.IllegalStateException: not found
	at net.lionarius.skinrestorer.util.WebUtils.throwOnClientErrors(WebUtils.java:141) ~[skinrestorer-2.10.0+1.20-forge.jar%23145!/:2.10.0+1.20-forge]
	at net.lionarius.skinrestorer.skin.provider.base.YggdrasilSkinProvider.getProfile(YggdrasilSkinProvider.java:50) ~[skinrestorer-2.10.0+1.20-forge.jar%23145!/:2.10.0+1.20-forge]
	at net.lionarius.skinrestorer.skin.provider.builtin.MojangSkinProvider.lambda$new$0(MojangSkinProvider.java:43) ~[skinrestorer-2.10.0+1.20-forge.jar%23145!/:2.10.0+1.20-forge]
	at net.minecraft.server.players.GameProfileCache.m_10993_(GameProfileCache.java:98) ~[server-1.20.1-20230612.114412-srg.jar%23151!/:?]
	at net.minecraft.server.players.GameProfileCache.m_10996_(GameProfileCache.java:150) ~[server-1.20.1-20230612.114412-srg.jar%23151!/:?]
	at net.lionarius.skinrestorer.skin.provider.builtin.MojangSkinProvider.resolveUuid(MojangSkinProvider.java:74) ~[skinrestorer-2.10.0+1.20-forge.jar%23145!/:2.10.0+1.20-forge]
	at net.lionarius.skinrestorer.skin.provider.base.ProfileSkinProvider.getCacheKey(ProfileSkinProvider.java:40) ~[skinrestorer-2.10.0+1.20-forge.jar%23145!/:2.10.0+1.20-forge]
	at net.lionarius.skinrestorer.skin.provider.base.ProfileSkinProvider.getCacheKey(ProfileSkinProvider.java:17) ~[skinrestorer-2.10.0+1.20-forge.jar%23145!/:2.10.0+1.20-forge]
	at net.lionarius.skinrestorer.skin.provider.base.AbstractSkinProvider.fetchSkin(AbstractSkinProvider.java:52) ~[skinrestorer-2.10.0+1.20-forge.jar%23145!/:2.10.0+1.20-forge]
	at net.minecraft.server.network.ServerLoginPacketListenerImpl.md6d4fd0$lambda$skinrestorer$fetchSkin$3$1(ServerLoginPacketListenerImpl.java:646) ~[server-1.20.1-20230612.114412-srg.jar%23151!/:?]
	at java.util.Optional.map(Optional.java:260) ~[?:?]
	at net.minecraft.server.network.ServerLoginPacketListenerImpl.skinrestorer$fetchSkin(ServerLoginPacketListenerImpl.java:646) ~[server-1.20.1-20230612.114412-srg.jar%23151!/:?]
	at net.minecraft.server.network.ServerLoginPacketListenerImpl.md6d4fd0$lambda$waitForSkin$0$4(ServerLoginPacketListenerImpl.java:595) ~[server-1.20.1-20230612.114412-srg.jar%23151!/:?]
	at java.util.concurrent.CompletableFuture$AsyncSupply.run(CompletableFuture.java:1768) ~[?:?]
	at java.util.concurrent.ThreadPoolExecutor.runWorker(ThreadPoolExecutor.java:1136) ~[?:?]
	at java.util.concurrent.ThreadPoolExecutor$Worker.run(ThreadPoolExecutor.java:635) ~[?:?]
	at java.lang.Thread.run(Thread.java:840) ~[?:?]
[11Aug2026 03:10:54.482] [Server thread/INFO] [net.minecraft.server.players.PlayerList/]: GonzaloM369[/127.242.238.33:60523] logged in with entity id 42649 at (-996.5884369890341, 68.875, 58.10147480609497)
[11Aug2026 03:10:54.497] [Server thread/INFO] [net.minecraft.server.MinecraftServer/]: GonzaloM369 joined the game
[11Aug2026 03:10:54.724] [Server thread/INFO] [voicechat/]: [voicechat] Received secret request of GonzaloM369 (20)
[11Aug2026 03:10:54.724] [Server thread/INFO] [voicechat/]: [voicechat] Sent secret to GonzaloM369
[11Aug2026 03:11:21.598] [Server thread/INFO] [net.minecraft.server.MinecraftServer/]: [Not Secure] <antares> se te escapo xd
[11Aug2026 03:11:24.574] [Server thread/INFO] [net.minecraft.server.network.ServerGamePacketListenerImpl/]: GonzaloM369 lost connection: Timed out
[11Aug2026 03:11:24.574] [Server thread/INFO] [net.minecraft.server.MinecraftServer/]: GonzaloM369 left the game
[11Aug2026 03:11:24.574] [Server thread/INFO] [voicechat/]: [voicechat] Disconnecting client GonzaloM369
[11Aug2026 03:11:27.578] [Server thread/INFO] [net.minecraft.server.MinecraftServer/]: [Not Secure] <antares> el renacuajo
[11Aug2026 03:11:29.456] [Server thread/INFO] [net.minecraft.server.MinecraftServer/]: [Not Secure] <f4tizzz> QUE
[11Aug2026 03:12:00.874] [Server thread/INFO] [net.minecraft.server.MinecraftServer/]: [Not Secure] <f4tizzz> PENSÉ Q LO HABIAS ENCERRADO
[11Aug2026 03:12:12.073] [Server thread/INFO] [net.minecraft.server.network.ServerLoginPacketListenerImpl/]: com.mojang.authlib.GameProfile@b069342[id=<null>,name=GonzaloM369,properties={},legacy=false] (/127.242.238.33:57741) lost connection: Disconnected
[11Aug2026 03:12:12.722] [Server thread/INFO] [net.minecraft.server.MinecraftServer/]: f4tizzz has made the advancement [Read all about it!]
[11Aug2026 03:12:16.875] [Server thread/INFO] [net.minecraft.server.MinecraftServer/]: [Not Secure] <antares> dale con eso
[11Aug2026 03:12:19.324] [Server thread/INFO] [net.minecraft.server.network.ServerLoginPacketListenerImpl/]: com.mojang.authlib.GameProfile@389cdfae[id=<null>,name=GonzaloM369,properties={},legacy=false] (/127.242.238.33:59739) lost connection: Disconnected
[11Aug2026 03:12:32.249] [Server thread/INFO] [net.minecraft.server.MinecraftServer/]: [Not Secure] <f4tizzz> ajsnjndj
[11Aug2026 03:12:33.181] [Server thread/INFO] [net.minecraft.server.MinecraftServer/]: [Not Secure] <antares> te deberia salir la ino
[11Aug2026 03:12:43.452] [SkinRestorer-Fetch-30/WARN] [SkinRestorer/]: Failed to fetch skin 'mojang:GonzaloM369'
java.lang.IllegalStateException: not found
	at net.lionarius.skinrestorer.util.WebUtils.throwOnClientErrors(WebUtils.java:141) ~[skinrestorer-2.10.0+1.20-forge.jar%23145!/:2.10.0+1.20-forge]
	at net.lionarius.skinrestorer.skin.provider.base.YggdrasilSkinProvider.getProfile(YggdrasilSkinProvider.java:50) ~[skinrestorer-2.10.0+1.20-forge.jar%23145!/:2.10.0+1.20-forge]
	at net.lionarius.skinrestorer.skin.provider.builtin.MojangSkinProvider.lambda$new$0(MojangSkinProvider.java:43) ~[skinrestorer-2.10.0+1.20-forge.jar%23145!/:2.10.0+1.20-forge]
	at net.minecraft.server.players.GameProfileCache.m_10993_(GameProfileCache.java:98) ~[server-1.20.1-20230612.114412-srg.jar%23151!/:?]
	at net.minecraft.server.players.GameProfileCache.m_10996_(GameProfileCache.java:150) ~[server-1.20.1-20230612.114412-srg.jar%23151!/:?]
	at net.lionarius.skinrestorer.skin.provider.builtin.MojangSkinProvider.resolveUuid(MojangSkinProvider.java:74) ~[skinrestorer-2.10.0+1.20-forge.jar%23145!/:2.10.0+1.20-forge]
	at net.lionarius.skinrestorer.skin.provider.base.ProfileSkinProvider.getCacheKey(ProfileSkinProvider.java:40) ~[skinrestorer-2.10.0+1.20-forge.jar%23145!/:2.10.0+1.20-forge]
	at net.lionarius.skinrestorer.skin.provider.base.ProfileSkinProvider.getCacheKey(ProfileSkinProvider.java:17) ~[skinrestorer-2.10.0+1.20-forge.jar%23145!/:2.10.0+1.20-forge]
	at net.lionarius.skinrestorer.skin.provider.base.AbstractSkinProvider.fetchSkin(AbstractSkinProvider.java:52) ~[skinrestorer-2.10.0+1.20-forge.jar%23145!/:2.10.0+1.20-forge]
	at net.minecraft.server.network.ServerLoginPacketListenerImpl.md6d4fd0$lambda$skinrestorer$fetchSkin$3$1(ServerLoginPacketListenerImpl.java:646) ~[server-1.20.1-20230612.114412-srg.jar%23151!/:?]
	at java.util.Optional.map(Optional.java:260) ~[?:?]
	at net.minecraft.server.network.ServerLoginPacketListenerImpl.skinrestorer$fetchSkin(ServerLoginPacketListenerImpl.java:646) ~[server-1.20.1-20230612.114412-srg.jar%23151!/:?]
	at net.minecraft.server.network.ServerLoginPacketListenerImpl.md6d4fd0$lambda$waitForSkin$0$4(ServerLoginPacketListenerImpl.java:595) ~[server-1.20.1-20230612.114412-srg.jar%23151!/:?]
	at java.util.concurrent.CompletableFuture$AsyncSupply.run(CompletableFuture.java:1768) ~[?:?]
	at java.util.concurrent.ThreadPoolExecutor.runWorker(ThreadPoolExecutor.java:1136) ~[?:?]
	at java.util.concurrent.ThreadPoolExecutor$Worker.run(ThreadPoolExecutor.java:635) ~[?:?]
	at java.lang.Thread.run(Thread.java:840) ~[?:?]
[11Aug2026 03:12:43.482] [Server thread/INFO] [net.minecraft.server.players.PlayerList/]: GonzaloM369[/127.242.238.33:42357] logged in with entity id 43068 at (-996.5884369890341, 68.875, 58.10147480609497)
[11Aug2026 03:12:43.496] [Server thread/INFO] [net.minecraft.server.MinecraftServer/]: GonzaloM369 joined the game
[11Aug2026 03:12:44.081] [Server thread/INFO] [voicechat/]: [voicechat] Received secret request of GonzaloM369 (20)
[11Aug2026 03:12:44.082] [Server thread/INFO] [voicechat/]: [voicechat] Sent secret to GonzaloM369
[11Aug2026 03:12:48.224] [Server thread/INFO] [net.minecraft.server.MinecraftServer/]: [Not Secure] <antares> uy
[11Aug2026 03:12:49.058] [Server thread/INFO] [net.minecraft.server.MinecraftServer/]: [Not Secure] <f4tizzz> TMR
[11Aug2026 03:12:51.128] [Server thread/INFO] [net.minecraft.server.MinecraftServer/]: [Not Secure] <antares> que se te muere
[11Aug2026 03:12:52.741] [Server thread/INFO] [net.minecraft.server.MinecraftServer/]: [Not Secure] <f4tizzz> noooooooooo
[11Aug2026 03:12:54.074] [Server thread/INFO] [net.minecraft.server.MinecraftServer/]: [Not Secure] <antares> solo tiene 3 coras
[11Aug2026 03:13:13.548] [Server thread/INFO] [net.minecraft.server.network.ServerGamePacketListenerImpl/]: GonzaloM369 lost connection: Timed out
[11Aug2026 03:13:13.549] [Server thread/INFO] [net.minecraft.server.MinecraftServer/]: GonzaloM369 left the game
[11Aug2026 03:13:13.550] [Server thread/INFO] [voicechat/]: [voicechat] Disconnecting client GonzaloM369
[11Aug2026 03:13:13.618] [Server thread/WARN] [net.minecraft.network.Connection/]: handleDisconnection() called twice
[11Aug2026 03:13:15.905] [Server thread/INFO] [net.minecraft.server.MinecraftServer/]: [Not Secure] <antares> jsjs
[11Aug2026 03:13:19.239] [Server thread/INFO] [net.minecraft.server.MinecraftServer/]: [Not Secure] <f4tizzz> ANNDADJND
[11Aug2026 03:13:22.490] [Server thread/INFO] [net.minecraft.server.MinecraftServer/]: [Not Secure] <f4tizzz> PQ SUENA ESA
[11Aug2026 03:13:28.073] [Server thread/INFO] [net.minecraft.server.MinecraftServer/]: [Not Secure] <antares> es para dinos rebeldes
[11Aug2026 03:13:31.785] [Server thread/INFO] [net.minecraft.server.MinecraftServer/]: [Not Secure] <antares> como los t rex
[11Aug2026 03:14:00.172] [Server thread/INFO] [net.minecraft.server.MinecraftServer/]: [Not Secure] <f4tizzz> me da coso pegarle
[11Aug2026 03:14:05.500] [Server thread/INFO] [net.minecraft.server.MinecraftServer/]: [Not Secure] <antares> solo dale comida jsjs
[11Aug2026 03:14:15.227] [Server thread/INFO] [net.minecraft.server.MinecraftServer/]: [Not Secure] <antares> es muy pequeño x,d
[11Aug2026 03:14:22.654] [Server thread/INFO] [net.minecraft.server.MinecraftServer/]: [Not Secure] <antares> ponlo en un pozo de agua y ya
[11Aug2026 03:14:44.906] [Server thread/INFO] [net.minecraft.server.MinecraftServer/]: [Not Secure] <antares> ya se calmo
[11Aug2026 03:15:19.021] [Server thread/INFO] [net.minecraft.server.network.ServerLoginPacketListenerImpl/]: com.mojang.authlib.GameProfile@4fdae35e[id=<null>,name=GonzaloM369,properties={},legacy=false] (/127.242.238.33:38509) lost connection: Disconnected
[11Aug2026 03:15:25.804] [Server thread/INFO] [net.minecraft.server.MinecraftServer/]: [Not Secure] <f4tizzz> es tan chiquito
[11Aug2026 03:15:29.523] [SkinRestorer-Fetch-31/WARN] [SkinRestorer/]: Failed to fetch skin 'mojang:GonzaloM369'
java.lang.IllegalStateException: not found
	at net.lionarius.skinrestorer.util.WebUtils.throwOnClientErrors(WebUtils.java:141) ~[skinrestorer-2.10.0+1.20-forge.jar%23145!/:2.10.0+1.20-forge]
	at net.lionarius.skinrestorer.skin.provider.base.YggdrasilSkinProvider.getProfile(YggdrasilSkinProvider.java:50) ~[skinrestorer-2.10.0+1.20-forge.jar%23145!/:2.10.0+1.20-forge]
	at net.lionarius.skinrestorer.skin.provider.builtin.MojangSkinProvider.lambda$new$0(MojangSkinProvider.java:43) ~[skinrestorer-2.10.0+1.20-forge.jar%23145!/:2.10.0+1.20-forge]
	at net.minecraft.server.players.GameProfileCache.m_10993_(GameProfileCache.java:98) ~[server-1.20.1-20230612.114412-srg.jar%23151!/:?]
	at net.minecraft.server.players.GameProfileCache.m_10996_(GameProfileCache.java:150) ~[server-1.20.1-20230612.114412-srg.jar%23151!/:?]
	at net.lionarius.skinrestorer.skin.provider.builtin.MojangSkinProvider.resolveUuid(MojangSkinProvider.java:74) ~[skinrestorer-2.10.0+1.20-forge.jar%23145!/:2.10.0+1.20-forge]
	at net.lionarius.skinrestorer.skin.provider.base.ProfileSkinProvider.getCacheKey(ProfileSkinProvider.java:40) ~[skinrestorer-2.10.0+1.20-forge.jar%23145!/:2.10.0+1.20-forge]
	at net.lionarius.skinrestorer.skin.provider.base.ProfileSkinProvider.getCacheKey(ProfileSkinProvider.java:17) ~[skinrestorer-2.10.0+1.20-forge.jar%23145!/:2.10.0+1.20-forge]
	at net.lionarius.skinrestorer.skin.provider.base.AbstractSkinProvider.fetchSkin(AbstractSkinProvider.java:52) ~[skinrestorer-2.10.0+1.20-forge.jar%23145!/:2.10.0+1.20-forge]
	at net.minecraft.server.network.ServerLoginPacketListenerImpl.md6d4fd0$lambda$skinrestorer$fetchSkin$3$1(ServerLoginPacketListenerImpl.java:646) ~[server-1.20.1-20230612.114412-srg.jar%23151!/:?]
	at java.util.Optional.map(Optional.java:260) ~[?:?]
	at net.minecraft.server.network.ServerLoginPacketListenerImpl.skinrestorer$fetchSkin(ServerLoginPacketListenerImpl.java:646) ~[server-1.20.1-20230612.114412-srg.jar%23151!/:?]
	at net.minecraft.server.network.ServerLoginPacketListenerImpl.md6d4fd0$lambda$waitForSkin$0$4(ServerLoginPacketListenerImpl.java:595) ~[server-1.20.1-20230612.114412-srg.jar%23151!/:?]
	at java.util.concurrent.CompletableFuture$AsyncSupply.run(CompletableFuture.java:1768) ~[?:?]
	at java.util.concurrent.ThreadPoolExecutor.runWorker(ThreadPoolExecutor.java:1136) ~[?:?]
	at java.util.concurrent.ThreadPoolExecutor$Worker.run(ThreadPoolExecutor.java:635) ~[?:?]
	at java.lang.Thread.run(Thread.java:840) ~[?:?]
[11Aug2026 03:15:29.581] [Server thread/INFO] [net.minecraft.server.players.PlayerList/]: GonzaloM369[/127.242.238.33:60035] logged in with entity id 43782 at (-996.5884369890341, 68.875, 58.10147480609497)
[11Aug2026 03:15:29.598] [Server thread/INFO] [net.minecraft.server.MinecraftServer/]: GonzaloM369 joined the game
[11Aug2026 03:15:29.830] [Server thread/INFO] [voicechat/]: [voicechat] Received secret request of GonzaloM369 (20)
[11Aug2026 03:15:29.831] [Server thread/INFO] [voicechat/]: [voicechat] Sent secret to GonzaloM369
[11Aug2026 03:15:59.672] [Server thread/INFO] [net.minecraft.server.network.ServerGamePacketListenerImpl/]: GonzaloM369 lost connection: Timed out
[11Aug2026 03:15:59.672] [Server thread/INFO] [net.minecraft.server.MinecraftServer/]: GonzaloM369 left the game
[11Aug2026 03:15:59.672] [Server thread/INFO] [voicechat/]: [voicechat] Disconnecting client GonzaloM369
[11Aug2026 03:16:13.324] [Server thread/INFO] [net.minecraft.server.MinecraftServer/]: [Not Secure] <antares> bua soy ciego
[11Aug2026 03:16:14.973] [Server thread/INFO] [net.minecraft.server.MinecraftServer/]: [Not Secure] <antares> donde se metio
[11Aug2026 03:16:21.459] [SkinRestorer-Fetch-32/WARN] [SkinRestorer/]: Failed to fetch skin 'mojang:GonzaloM369'
java.lang.IllegalStateException: not found
	at net.lionarius.skinrestorer.util.WebUtils.throwOnClientErrors(WebUtils.java:141) ~[skinrestorer-2.10.0+1.20-forge.jar%23145!/:2.10.0+1.20-forge]
	at net.lionarius.skinrestorer.skin.provider.base.YggdrasilSkinProvider.getProfile(YggdrasilSkinProvider.java:50) ~[skinrestorer-2.10.0+1.20-forge.jar%23145!/:2.10.0+1.20-forge]
	at net.lionarius.skinrestorer.skin.provider.builtin.MojangSkinProvider.lambda$new$0(MojangSkinProvider.java:43) ~[skinrestorer-2.10.0+1.20-forge.jar%23145!/:2.10.0+1.20-forge]
	at net.minecraft.server.players.GameProfileCache.m_10993_(GameProfileCache.java:98) ~[server-1.20.1-20230612.114412-srg.jar%23151!/:?]
	at net.minecraft.server.players.GameProfileCache.m_10996_(GameProfileCache.java:150) ~[server-1.20.1-20230612.114412-srg.jar%23151!/:?]
	at net.lionarius.skinrestorer.skin.provider.builtin.MojangSkinProvider.resolveUuid(MojangSkinProvider.java:74) ~[skinrestorer-2.10.0+1.20-forge.jar%23145!/:2.10.0+1.20-forge]
	at net.lionarius.skinrestorer.skin.provider.base.ProfileSkinProvider.getCacheKey(ProfileSkinProvider.java:40) ~[skinrestorer-2.10.0+1.20-forge.jar%23145!/:2.10.0+1.20-forge]
	at net.lionarius.skinrestorer.skin.provider.base.ProfileSkinProvider.getCacheKey(ProfileSkinProvider.java:17) ~[skinrestorer-2.10.0+1.20-forge.jar%23145!/:2.10.0+1.20-forge]
	at net.lionarius.skinrestorer.skin.provider.base.AbstractSkinProvider.fetchSkin(AbstractSkinProvider.java:52) ~[skinrestorer-2.10.0+1.20-forge.jar%23145!/:2.10.0+1.20-forge]
	at net.minecraft.server.network.ServerLoginPacketListenerImpl.md6d4fd0$lambda$skinrestorer$fetchSkin$3$1(ServerLoginPacketListenerImpl.java:646) ~[server-1.20.1-20230612.114412-srg.jar%23151!/:?]
	at java.util.Optional.map(Optional.java:260) ~[?:?]
	at net.minecraft.server.network.ServerLoginPacketListenerImpl.skinrestorer$fetchSkin(ServerLoginPacketListenerImpl.java:646) ~[server-1.20.1-20230612.114412-srg.jar%23151!/:?]
	at net.minecraft.server.network.ServerLoginPacketListenerImpl.md6d4fd0$lambda$waitForSkin$0$4(ServerLoginPacketListenerImpl.java:595) ~[server-1.20.1-20230612.114412-srg.jar%23151!/:?]
	at java.util.concurrent.CompletableFuture$AsyncSupply.run(CompletableFuture.java:1768) ~[?:?]
	at java.util.concurrent.ThreadPoolExecutor.runWorker(ThreadPoolExecutor.java:1136) ~[?:?]
	at java.util.concurrent.ThreadPoolExecutor$Worker.run(ThreadPoolExecutor.java:635) ~[?:?]
	at java.lang.Thread.run(Thread.java:840) ~[?:?]
[11Aug2026 03:16:21.481] [Server thread/INFO] [net.minecraft.server.players.PlayerList/]: GonzaloM369[/127.242.238.33:56257] logged in with entity id 44042 at (-996.5884369890341, 68.875, 58.10147480609497)
[11Aug2026 03:16:21.498] [Server thread/INFO] [net.minecraft.server.MinecraftServer/]: GonzaloM369 joined the game
[11Aug2026 03:16:21.733] [Server thread/INFO] [voicechat/]: [voicechat] Received secret request of GonzaloM369 (20)
[11Aug2026 03:16:21.733] [Server thread/INFO] [voicechat/]: [voicechat] Sent secret to GonzaloM369
[11Aug2026 03:16:51.573] [Server thread/INFO] [net.minecraft.server.network.ServerGamePacketListenerImpl/]: GonzaloM369 lost connection: Timed out
[11Aug2026 03:16:51.573] [Server thread/INFO] [net.minecraft.server.MinecraftServer/]: GonzaloM369 left the game
[11Aug2026 03:16:51.574] [Server thread/INFO] [voicechat/]: [voicechat] Disconnecting client GonzaloM369
[11Aug2026 03:17:46.321] [SkinRestorer-Fetch-33/WARN] [SkinRestorer/]: Failed to fetch skin 'mojang:GonzaloM369'
java.lang.IllegalStateException: not found
	at net.lionarius.skinrestorer.util.WebUtils.throwOnClientErrors(WebUtils.java:141) ~[skinrestorer-2.10.0+1.20-forge.jar%23145!/:2.10.0+1.20-forge]
	at net.lionarius.skinrestorer.skin.provider.base.YggdrasilSkinProvider.getProfile(YggdrasilSkinProvider.java:50) ~[skinrestorer-2.10.0+1.20-forge.jar%23145!/:2.10.0+1.20-forge]
	at net.lionarius.skinrestorer.skin.provider.builtin.MojangSkinProvider.lambda$new$0(MojangSkinProvider.java:43) ~[skinrestorer-2.10.0+1.20-forge.jar%23145!/:2.10.0+1.20-forge]
	at net.minecraft.server.players.GameProfileCache.m_10993_(GameProfileCache.java:98) ~[server-1.20.1-20230612.114412-srg.jar%23151!/:?]
	at net.minecraft.server.players.GameProfileCache.m_10996_(GameProfileCache.java:150) ~[server-1.20.1-20230612.114412-srg.jar%23151!/:?]
	at net.lionarius.skinrestorer.skin.provider.builtin.MojangSkinProvider.resolveUuid(MojangSkinProvider.java:74) ~[skinrestorer-2.10.0+1.20-forge.jar%23145!/:2.10.0+1.20-forge]
	at net.lionarius.skinrestorer.skin.provider.base.ProfileSkinProvider.getCacheKey(ProfileSkinProvider.java:40) ~[skinrestorer-2.10.0+1.20-forge.jar%23145!/:2.10.0+1.20-forge]
	at net.lionarius.skinrestorer.skin.provider.base.ProfileSkinProvider.getCacheKey(ProfileSkinProvider.java:17) ~[skinrestorer-2.10.0+1.20-forge.jar%23145!/:2.10.0+1.20-forge]
	at net.lionarius.skinrestorer.skin.provider.base.AbstractSkinProvider.fetchSkin(AbstractSkinProvider.java:52) ~[skinrestorer-2.10.0+1.20-forge.jar%23145!/:2.10.0+1.20-forge]
	at net.minecraft.server.network.ServerLoginPacketListenerImpl.md6d4fd0$lambda$skinrestorer$fetchSkin$3$1(ServerLoginPacketListenerImpl.java:646) ~[server-1.20.1-20230612.114412-srg.jar%23151!/:?]
	at java.util.Optional.map(Optional.java:260) ~[?:?]
	at net.minecraft.server.network.ServerLoginPacketListenerImpl.skinrestorer$fetchSkin(ServerLoginPacketListenerImpl.java:646) ~[server-1.20.1-20230612.114412-srg.jar%23151!/:?]
	at net.minecraft.server.network.ServerLoginPacketListenerImpl.md6d4fd0$lambda$waitForSkin$0$4(ServerLoginPacketListenerImpl.java:595) ~[server-1.20.1-20230612.114412-srg.jar%23151!/:?]
	at java.util.concurrent.CompletableFuture$AsyncSupply.run(CompletableFuture.java:1768) ~[?:?]
	at java.util.concurrent.ThreadPoolExecutor.runWorker(ThreadPoolExecutor.java:1136) ~[?:?]
	at java.util.concurrent.ThreadPoolExecutor$Worker.run(ThreadPoolExecutor.java:635) ~[?:?]
	at java.lang.Thread.run(Thread.java:840) ~[?:?]
[11Aug2026 03:17:46.333] [Server thread/INFO] [net.minecraft.server.players.PlayerList/]: GonzaloM369[/127.242.238.33:36481] logged in with entity id 44520 at (-996.5884369890341, 68.875, 58.10147480609497)
[11Aug2026 03:17:46.347] [Server thread/INFO] [net.minecraft.server.MinecraftServer/]: GonzaloM369 joined the game
[11Aug2026 03:17:46.646] [Server thread/INFO] [voicechat/]: [voicechat] Received secret request of GonzaloM369 (20)
[11Aug2026 03:17:46.647] [Server thread/INFO] [voicechat/]: [voicechat] Sent secret to GonzaloM369
[11Aug2026 03:18:16.471] [Server thread/INFO] [net.minecraft.server.network.ServerGamePacketListenerImpl/]: GonzaloM369 lost connection: Timed out
[11Aug2026 03:18:16.471] [Server thread/INFO] [net.minecraft.server.MinecraftServer/]: GonzaloM369 left the game
[11Aug2026 03:18:16.471] [Server thread/INFO] [voicechat/]: [voicechat] Disconnecting client GonzaloM369
[11Aug2026 03:18:28.555] [SkinRestorer-Fetch-34/WARN] [SkinRestorer/]: Failed to fetch skin 'mojang:GonzaloM369'
java.lang.IllegalStateException: not found
	at net.lionarius.skinrestorer.util.WebUtils.throwOnClientErrors(WebUtils.java:141) ~[skinrestorer-2.10.0+1.20-forge.jar%23145!/:2.10.0+1.20-forge]
	at net.lionarius.skinrestorer.skin.provider.base.YggdrasilSkinProvider.getProfile(YggdrasilSkinProvider.java:50) ~[skinrestorer-2.10.0+1.20-forge.jar%23145!/:2.10.0+1.20-forge]
	at net.lionarius.skinrestorer.skin.provider.builtin.MojangSkinProvider.lambda$new$0(MojangSkinProvider.java:43) ~[skinrestorer-2.10.0+1.20-forge.jar%23145!/:2.10.0+1.20-forge]
	at net.minecraft.server.players.GameProfileCache.m_10993_(GameProfileCache.java:98) ~[server-1.20.1-20230612.114412-srg.jar%23151!/:?]
	at net.minecraft.server.players.GameProfileCache.m_10996_(GameProfileCache.java:150) ~[server-1.20.1-20230612.114412-srg.jar%23151!/:?]
	at net.lionarius.skinrestorer.skin.provider.builtin.MojangSkinProvider.resolveUuid(MojangSkinProvider.java:74) ~[skinrestorer-2.10.0+1.20-forge.jar%23145!/:2.10.0+1.20-forge]
	at net.lionarius.skinrestorer.skin.provider.base.ProfileSkinProvider.getCacheKey(ProfileSkinProvider.java:40) ~[skinrestorer-2.10.0+1.20-forge.jar%23145!/:2.10.0+1.20-forge]
	at net.lionarius.skinrestorer.skin.provider.base.ProfileSkinProvider.getCacheKey(ProfileSkinProvider.java:17) ~[skinrestorer-2.10.0+1.20-forge.jar%23145!/:2.10.0+1.20-forge]
	at net.lionarius.skinrestorer.skin.provider.base.AbstractSkinProvider.fetchSkin(AbstractSkinProvider.java:52) ~[skinrestorer-2.10.0+1.20-forge.jar%23145!/:2.10.0+1.20-forge]
	at net.minecraft.server.network.ServerLoginPacketListenerImpl.md6d4fd0$lambda$skinrestorer$fetchSkin$3$1(ServerLoginPacketListenerImpl.java:646) ~[server-1.20.1-20230612.114412-srg.jar%23151!/:?]
	at java.util.Optional.map(Optional.java:260) ~[?:?]
	at net.minecraft.server.network.ServerLoginPacketListenerImpl.skinrestorer$fetchSkin(ServerLoginPacketListenerImpl.java:646) ~[server-1.20.1-20230612.114412-srg.jar%23151!/:?]
	at net.minecraft.server.network.ServerLoginPacketListenerImpl.md6d4fd0$lambda$waitForSkin$0$4(ServerLoginPacketListenerImpl.java:595) ~[server-1.20.1-20230612.114412-srg.jar%23151!/:?]
	at java.util.concurrent.CompletableFuture$AsyncSupply.run(CompletableFuture.java:1768) ~[?:?]
	at java.util.concurrent.ThreadPoolExecutor.runWorker(ThreadPoolExecutor.java:1136) ~[?:?]
	at java.util.concurrent.ThreadPoolExecutor$Worker.run(ThreadPoolExecutor.java:635) ~[?:?]
	at java.lang.Thread.run(Thread.java:840) ~[?:?]
[11Aug2026 03:18:28.580] [Server thread/INFO] [net.minecraft.server.players.PlayerList/]: GonzaloM369[/127.242.238.33:39079] logged in with entity id 44718 at (-996.5884369890341, 68.875, 58.10147480609497)
[11Aug2026 03:18:28.593] [Server thread/INFO] [net.minecraft.server.MinecraftServer/]: GonzaloM369 joined the game
[11Aug2026 03:18:29.525] [Server thread/INFO] [voicechat/]: [voicechat] Received secret request of GonzaloM369 (20)
[11Aug2026 03:18:29.525] [Server thread/INFO] [voicechat/]: [voicechat] Sent secret to GonzaloM369
[11Aug2026 03:18:58.675] [Server thread/INFO] [net.minecraft.server.network.ServerGamePacketListenerImpl/]: GonzaloM369 lost connection: Timed out
[11Aug2026 03:18:58.676] [Server thread/INFO] [net.minecraft.server.MinecraftServer/]: GonzaloM369 left the game
[11Aug2026 03:18:58.676] [Server thread/INFO] [voicechat/]: [voicechat] Disconnecting client GonzaloM369
[11Aug2026 03:19:18.655] [Server thread/INFO] [net.minecraft.server.MinecraftServer/]: [Not Secure] <f4tizzz> no se ahoga?
[11Aug2026 03:19:21.842] [Server thread/INFO] [net.minecraft.server.MinecraftServer/]: [Not Secure] <antares> es acuatico
[11Aug2026 03:19:23.124] [Server thread/INFO] [net.minecraft.server.MinecraftServer/]: [Not Secure] <antares> creo
[11Aug2026 03:19:30.553] [Server thread/INFO] [net.minecraft.server.MinecraftServer/]: [Not Secure] <antares> esta respirando?
[11Aug2026 03:19:39.586] [Server thread/INFO] [net.minecraft.server.MinecraftServer/]: [Not Secure] <f4tizzz> no se...
[11Aug2026 03:19:45.347] [SkinRestorer-Fetch-35/WARN] [SkinRestorer/]: Failed to fetch skin 'mojang:GonzaloM369'
java.lang.IllegalStateException: not found
	at net.lionarius.skinrestorer.util.WebUtils.throwOnClientErrors(WebUtils.java:141) ~[skinrestorer-2.10.0+1.20-forge.jar%23145!/:2.10.0+1.20-forge]
	at net.lionarius.skinrestorer.skin.provider.base.YggdrasilSkinProvider.getProfile(YggdrasilSkinProvider.java:50) ~[skinrestorer-2.10.0+1.20-forge.jar%23145!/:2.10.0+1.20-forge]
	at net.lionarius.skinrestorer.skin.provider.builtin.MojangSkinProvider.lambda$new$0(MojangSkinProvider.java:43) ~[skinrestorer-2.10.0+1.20-forge.jar%23145!/:2.10.0+1.20-forge]
	at net.minecraft.server.players.GameProfileCache.m_10993_(GameProfileCache.java:98) ~[server-1.20.1-20230612.114412-srg.jar%23151!/:?]
	at net.minecraft.server.players.GameProfileCache.m_10996_(GameProfileCache.java:150) ~[server-1.20.1-20230612.114412-srg.jar%23151!/:?]
	at net.lionarius.skinrestorer.skin.provider.builtin.MojangSkinProvider.resolveUuid(MojangSkinProvider.java:74) ~[skinrestorer-2.10.0+1.20-forge.jar%23145!/:2.10.0+1.20-forge]
	at net.lionarius.skinrestorer.skin.provider.base.ProfileSkinProvider.getCacheKey(ProfileSkinProvider.java:40) ~[skinrestorer-2.10.0+1.20-forge.jar%23145!/:2.10.0+1.20-forge]
	at net.lionarius.skinrestorer.skin.provider.base.ProfileSkinProvider.getCacheKey(ProfileSkinProvider.java:17) ~[skinrestorer-2.10.0+1.20-forge.jar%23145!/:2.10.0+1.20-forge]
	at net.lionarius.skinrestorer.skin.provider.base.AbstractSkinProvider.fetchSkin(AbstractSkinProvider.java:52) ~[skinrestorer-2.10.0+1.20-forge.jar%23145!/:2.10.0+1.20-forge]
	at net.minecraft.server.network.ServerLoginPacketListenerImpl.md6d4fd0$lambda$skinrestorer$fetchSkin$3$1(ServerLoginPacketListenerImpl.java:646) ~[server-1.20.1-20230612.114412-srg.jar%23151!/:?]
	at java.util.Optional.map(Optional.java:260) ~[?:?]
	at net.minecraft.server.network.ServerLoginPacketListenerImpl.skinrestorer$fetchSkin(ServerLoginPacketListenerImpl.java:646) ~[server-1.20.1-20230612.114412-srg.jar%23151!/:?]
	at net.minecraft.server.network.ServerLoginPacketListenerImpl.md6d4fd0$lambda$waitForSkin$0$4(ServerLoginPacketListenerImpl.java:595) ~[server-1.20.1-20230612.114412-srg.jar%23151!/:?]
	at java.util.concurrent.CompletableFuture$AsyncSupply.run(CompletableFuture.java:1768) ~[?:?]
	at java.util.concurrent.ThreadPoolExecutor.runWorker(ThreadPoolExecutor.java:1136) ~[?:?]
	at java.util.concurrent.ThreadPoolExecutor$Worker.run(ThreadPoolExecutor.java:635) ~[?:?]
	at java.lang.Thread.run(Thread.java:840) ~[?:?]
[11Aug2026 03:19:45.382] [Server thread/INFO] [net.minecraft.server.players.PlayerList/]: GonzaloM369[/127.242.238.33:39763] logged in with entity id 45018 at (-996.5884369890341, 68.875, 58.10147480609497)
[11Aug2026 03:19:45.396] [Server thread/INFO] [net.minecraft.server.MinecraftServer/]: GonzaloM369 joined the game
[11Aug2026 03:19:45.624] [Server thread/INFO] [voicechat/]: [voicechat] Received secret request of GonzaloM369 (20)
[11Aug2026 03:19:45.625] [Server thread/INFO] [voicechat/]: [voicechat] Sent secret to GonzaloM369
[11Aug2026 03:19:45.926] [Server thread/INFO] [net.minecraft.server.MinecraftServer/]: [Not Secure] <antares> ay
[11Aug2026 03:19:56.252] [Server thread/INFO] [net.minecraft.server.MinecraftServer/]: [Not Secure] <antares> creo que debe ser familiar de mordisquitos
[11Aug2026 03:20:04.790] [Server thread/INFO] [net.minecraft.server.MinecraftServer/]: [Not Secure] <f4tizzz> si e
[11Aug2026 03:20:06.331] [Server thread/INFO] [net.minecraft.server.MinecraftServer/]: [Not Secure] <antares> solo dale carne y pez para que sea feliz
[11Aug2026 03:20:09.793] [Server thread/INFO] [net.minecraft.server.MinecraftServer/]: [Not Secure] <f4tizzz> ...
[11Aug2026 03:20:11.959] [Server thread/INFO] [net.minecraft.server.MinecraftServer/]: [Not Secure] <f4tizzz> pjal
[11Aug2026 03:20:15.474] [Server thread/INFO] [net.minecraft.server.network.ServerGamePacketListenerImpl/]: GonzaloM369 lost connection: Timed out
[11Aug2026 03:20:15.474] [Server thread/INFO] [net.minecraft.server.MinecraftServer/]: GonzaloM369 left the game
[11Aug2026 03:20:15.474] [Server thread/INFO] [voicechat/]: [voicechat] Disconnecting client GonzaloM369
[11Aug2026 03:20:16.704] [Server thread/INFO] [net.minecraft.server.MinecraftServer/]: [Not Secure] <f4tizzz> OJALA NO SE MUERA
[11Aug2026 03:20:24.425] [Server thread/INFO] [net.minecraft.server.MinecraftServer/]: [Not Secure] <antares> tambien tiene estado de animo
[11Aug2026 03:20:29.406] [SkinRestorer-Fetch-36/WARN] [SkinRestorer/]: Failed to fetch skin 'mojang:GonzaloM369'
java.lang.IllegalStateException: not found
	at net.lionarius.skinrestorer.util.WebUtils.throwOnClientErrors(WebUtils.java:141) ~[skinrestorer-2.10.0+1.20-forge.jar%23145!/:2.10.0+1.20-forge]
	at net.lionarius.skinrestorer.skin.provider.base.YggdrasilSkinProvider.getProfile(YggdrasilSkinProvider.java:50) ~[skinrestorer-2.10.0+1.20-forge.jar%23145!/:2.10.0+1.20-forge]
	at net.lionarius.skinrestorer.skin.provider.builtin.MojangSkinProvider.lambda$new$0(MojangSkinProvider.java:43) ~[skinrestorer-2.10.0+1.20-forge.jar%23145!/:2.10.0+1.20-forge]
	at net.minecraft.server.players.GameProfileCache.m_10993_(GameProfileCache.java:98) ~[server-1.20.1-20230612.114412-srg.jar%23151!/:?]
	at net.minecraft.server.players.GameProfileCache.m_10996_(GameProfileCache.java:150) ~[server-1.20.1-20230612.114412-srg.jar%23151!/:?]
	at net.lionarius.skinrestorer.skin.provider.builtin.MojangSkinProvider.resolveUuid(MojangSkinProvider.java:74) ~[skinrestorer-2.10.0+1.20-forge.jar%23145!/:2.10.0+1.20-forge]
	at net.lionarius.skinrestorer.skin.provider.base.ProfileSkinProvider.getCacheKey(ProfileSkinProvider.java:40) ~[skinrestorer-2.10.0+1.20-forge.jar%23145!/:2.10.0+1.20-forge]
	at net.lionarius.skinrestorer.skin.provider.base.ProfileSkinProvider.getCacheKey(ProfileSkinProvider.java:17) ~[skinrestorer-2.10.0+1.20-forge.jar%23145!/:2.10.0+1.20-forge]
	at net.lionarius.skinrestorer.skin.provider.base.AbstractSkinProvider.fetchSkin(AbstractSkinProvider.java:52) ~[skinrestorer-2.10.0+1.20-forge.jar%23145!/:2.10.0+1.20-forge]
	at net.minecraft.server.network.ServerLoginPacketListenerImpl.md6d4fd0$lambda$skinrestorer$fetchSkin$3$1(ServerLoginPacketListenerImpl.java:646) ~[server-1.20.1-20230612.114412-srg.jar%23151!/:?]
	at java.util.Optional.map(Optional.java:260) ~[?:?]
	at net.minecraft.server.network.ServerLoginPacketListenerImpl.skinrestorer$fetchSkin(ServerLoginPacketListenerImpl.java:646) ~[server-1.20.1-20230612.114412-srg.jar%23151!/:?]
	at net.minecraft.server.network.ServerLoginPacketListenerImpl.md6d4fd0$lambda$waitForSkin$0$4(ServerLoginPacketListenerImpl.java:595) ~[server-1.20.1-20230612.114412-srg.jar%23151!/:?]
	at java.util.concurrent.CompletableFuture$AsyncSupply.run(CompletableFuture.java:1768) ~[?:?]
	at java.util.concurrent.ThreadPoolExecutor.runWorker(ThreadPoolExecutor.java:1136) ~[?:?]
	at java.util.concurrent.ThreadPoolExecutor$Worker.run(ThreadPoolExecutor.java:635) ~[?:?]
	at java.lang.Thread.run(Thread.java:840) ~[?:?]
[11Aug2026 03:20:29.435] [Server thread/INFO] [net.minecraft.server.players.PlayerList/]: GonzaloM369[/127.242.238.33:38041] logged in with entity id 45234 at (-996.5884369890341, 68.875, 58.10147480609497)
[11Aug2026 03:20:29.447] [Server thread/INFO] [net.minecraft.server.MinecraftServer/]: GonzaloM369 joined the game
[11Aug2026 03:20:29.687] [Server thread/INFO] [voicechat/]: [voicechat] Received secret request of GonzaloM369 (20)
[11Aug2026 03:20:29.687] [Server thread/INFO] [voicechat/]: [voicechat] Sent secret to GonzaloM369
[11Aug2026 03:20:31.100] [Server thread/INFO] [net.minecraft.server.MinecraftServer/]: [Not Secure] <antares> si esta muy infeliz te va a odiar
[11Aug2026 03:20:38.509] [Server thread/INFO] [net.minecraft.server.MinecraftServer/]: [Not Secure] <antares> dale comida y dejalo jugar
[11Aug2026 03:20:45.615] [Server thread/INFO] [net.minecraft.server.MinecraftServer/]: [antares: Teleported antares to -1514.500000, 126.500000, 435.500000]
[11Aug2026 03:20:45.831] [Server thread/INFO] [Fossils Archeology/]: Setting owner for EDAPHOSAURUS, be2a6bd4-7fdb-4bce-9194-fd6f3eb4f8f3 to d2996896-477c-303b-9567-4082b9abb61d. false
[11Aug2026 03:20:59.531] [Server thread/INFO] [net.minecraft.server.network.ServerGamePacketListenerImpl/]: GonzaloM369 lost connection: Timed out
[11Aug2026 03:20:59.531] [Server thread/INFO] [net.minecraft.server.MinecraftServer/]: GonzaloM369 left the game
[11Aug2026 03:20:59.531] [Server thread/INFO] [voicechat/]: [voicechat] Disconnecting client GonzaloM369
[11Aug2026 03:21:17.515] [SkinRestorer-Fetch-37/WARN] [SkinRestorer/]: Failed to fetch skin 'mojang:GonzaloM369'
java.lang.IllegalStateException: not found
	at net.lionarius.skinrestorer.util.WebUtils.throwOnClientErrors(WebUtils.java:141) ~[skinrestorer-2.10.0+1.20-forge.jar%23145!/:2.10.0+1.20-forge]
	at net.lionarius.skinrestorer.skin.provider.base.YggdrasilSkinProvider.getProfile(YggdrasilSkinProvider.java:50) ~[skinrestorer-2.10.0+1.20-forge.jar%23145!/:2.10.0+1.20-forge]
	at net.lionarius.skinrestorer.skin.provider.builtin.MojangSkinProvider.lambda$new$0(MojangSkinProvider.java:43) ~[skinrestorer-2.10.0+1.20-forge.jar%23145!/:2.10.0+1.20-forge]
	at net.minecraft.server.players.GameProfileCache.m_10993_(GameProfileCache.java:98) ~[server-1.20.1-20230612.114412-srg.jar%23151!/:?]
	at net.minecraft.server.players.GameProfileCache.m_10996_(GameProfileCache.java:150) ~[server-1.20.1-20230612.114412-srg.jar%23151!/:?]
	at net.lionarius.skinrestorer.skin.provider.builtin.MojangSkinProvider.resolveUuid(MojangSkinProvider.java:74) ~[skinrestorer-2.10.0+1.20-forge.jar%23145!/:2.10.0+1.20-forge]
	at net.lionarius.skinrestorer.skin.provider.base.ProfileSkinProvider.getCacheKey(ProfileSkinProvider.java:40) ~[skinrestorer-2.10.0+1.20-forge.jar%23145!/:2.10.0+1.20-forge]
	at net.lionarius.skinrestorer.skin.provider.base.ProfileSkinProvider.getCacheKey(ProfileSkinProvider.java:17) ~[skinrestorer-2.10.0+1.20-forge.jar%23145!/:2.10.0+1.20-forge]
	at net.lionarius.skinrestorer.skin.provider.base.AbstractSkinProvider.fetchSkin(AbstractSkinProvider.java:52) ~[skinrestorer-2.10.0+1.20-forge.jar%23145!/:2.10.0+1.20-forge]
	at net.minecraft.server.network.ServerLoginPacketListenerImpl.md6d4fd0$lambda$skinrestorer$fetchSkin$3$1(ServerLoginPacketListenerImpl.java:646) ~[server-1.20.1-20230612.114412-srg.jar%23151!/:?]
	at java.util.Optional.map(Optional.java:260) ~[?:?]
	at net.minecraft.server.network.ServerLoginPacketListenerImpl.skinrestorer$fetchSkin(ServerLoginPacketListenerImpl.java:646) ~[server-1.20.1-20230612.114412-srg.jar%23151!/:?]
	at net.minecraft.server.network.ServerLoginPacketListenerImpl.md6d4fd0$lambda$waitForSkin$0$4(ServerLoginPacketListenerImpl.java:595) ~[server-1.20.1-20230612.114412-srg.jar%23151!/:?]
	at java.util.concurrent.CompletableFuture$AsyncSupply.run(CompletableFuture.java:1768) ~[?:?]
	at java.util.concurrent.ThreadPoolExecutor.runWorker(ThreadPoolExecutor.java:1136) ~[?:?]
	at java.util.concurrent.ThreadPoolExecutor$Worker.run(ThreadPoolExecutor.java:635) ~[?:?]
	at java.lang.Thread.run(Thread.java:840) ~[?:?]
[11Aug2026 03:21:17.551] [Server thread/INFO] [net.minecraft.server.players.PlayerList/]: GonzaloM369[/127.242.238.33:34629] logged in with entity id 45802 at (-996.5884369890341, 68.875, 58.10147480609497)
[11Aug2026 03:21:17.585] [Server thread/INFO] [net.minecraft.server.MinecraftServer/]: GonzaloM369 joined the game
[11Aug2026 03:21:17.947] [Server thread/INFO] [voicechat/]: [voicechat] Received secret request of GonzaloM369 (20)
[11Aug2026 03:21:17.947] [Server thread/INFO] [voicechat/]: [voicechat] Sent secret to GonzaloM369
[11Aug2026 03:21:47.684] [Server thread/INFO] [net.minecraft.server.network.ServerGamePacketListenerImpl/]: GonzaloM369 lost connection: Timed out
[11Aug2026 03:21:47.684] [Server thread/INFO] [net.minecraft.server.MinecraftServer/]: GonzaloM369 left the game
[11Aug2026 03:21:47.684] [Server thread/INFO] [voicechat/]: [voicechat] Disconnecting client GonzaloM369
[11Aug2026 03:21:56.664] [SkinRestorer-Fetch-38/WARN] [SkinRestorer/]: Failed to fetch skin 'mojang:GonzaloM369'
java.lang.IllegalStateException: not found
	at net.lionarius.skinrestorer.util.WebUtils.throwOnClientErrors(WebUtils.java:141) ~[skinrestorer-2.10.0+1.20-forge.jar%23145!/:2.10.0+1.20-forge]
	at net.lionarius.skinrestorer.skin.provider.base.YggdrasilSkinProvider.getProfile(YggdrasilSkinProvider.java:50) ~[skinrestorer-2.10.0+1.20-forge.jar%23145!/:2.10.0+1.20-forge]
	at net.lionarius.skinrestorer.skin.provider.builtin.MojangSkinProvider.lambda$new$0(MojangSkinProvider.java:43) ~[skinrestorer-2.10.0+1.20-forge.jar%23145!/:2.10.0+1.20-forge]
	at net.minecraft.server.players.GameProfileCache.m_10993_(GameProfileCache.java:98) ~[server-1.20.1-20230612.114412-srg.jar%23151!/:?]
	at net.minecraft.server.players.GameProfileCache.m_10996_(GameProfileCache.java:150) ~[server-1.20.1-20230612.114412-srg.jar%23151!/:?]
	at net.lionarius.skinrestorer.skin.provider.builtin.MojangSkinProvider.resolveUuid(MojangSkinProvider.java:74) ~[skinrestorer-2.10.0+1.20-forge.jar%23145!/:2.10.0+1.20-forge]
	at net.lionarius.skinrestorer.skin.provider.base.ProfileSkinProvider.getCacheKey(ProfileSkinProvider.java:40) ~[skinrestorer-2.10.0+1.20-forge.jar%23145!/:2.10.0+1.20-forge]
	at net.lionarius.skinrestorer.skin.provider.base.ProfileSkinProvider.getCacheKey(ProfileSkinProvider.java:17) ~[skinrestorer-2.10.0+1.20-forge.jar%23145!/:2.10.0+1.20-forge]
	at net.lionarius.skinrestorer.skin.provider.base.AbstractSkinProvider.fetchSkin(AbstractSkinProvider.java:52) ~[skinrestorer-2.10.0+1.20-forge.jar%23145!/:2.10.0+1.20-forge]
	at net.minecraft.server.network.ServerLoginPacketListenerImpl.md6d4fd0$lambda$skinrestorer$fetchSkin$3$1(ServerLoginPacketListenerImpl.java:646) ~[server-1.20.1-20230612.114412-srg.jar%23151!/:?]
	at java.util.Optional.map(Optional.java:260) ~[?:?]
	at net.minecraft.server.network.ServerLoginPacketListenerImpl.skinrestorer$fetchSkin(ServerLoginPacketListenerImpl.java:646) ~[server-1.20.1-20230612.114412-srg.jar%23151!/:?]
	at net.minecraft.server.network.ServerLoginPacketListenerImpl.md6d4fd0$lambda$waitForSkin$0$4(ServerLoginPacketListenerImpl.java:595) ~[server-1.20.1-20230612.114412-srg.jar%23151!/:?]
	at java.util.concurrent.CompletableFuture$AsyncSupply.run(CompletableFuture.java:1768) ~[?:?]
	at java.util.concurrent.ThreadPoolExecutor.runWorker(ThreadPoolExecutor.java:1136) ~[?:?]
	at java.util.concurrent.ThreadPoolExecutor$Worker.run(ThreadPoolExecutor.java:635) ~[?:?]
	at java.lang.Thread.run(Thread.java:840) ~[?:?]
[11Aug2026 03:21:56.691] [Server thread/INFO] [net.minecraft.server.players.PlayerList/]: GonzaloM369[/127.242.238.33:44285] logged in with entity id 46083 at (-996.5884369890341, 68.875, 58.10147480609497)
[11Aug2026 03:21:56.706] [Server thread/INFO] [net.minecraft.server.MinecraftServer/]: GonzaloM369 joined the game
[11Aug2026 03:21:56.958] [Server thread/INFO] [voicechat/]: [voicechat] Received secret request of GonzaloM369 (20)
[11Aug2026 03:21:56.958] [Server thread/INFO] [voicechat/]: [voicechat] Sent secret to GonzaloM369
[11Aug2026 03:22:26.783] [Server thread/INFO] [net.minecraft.server.network.ServerGamePacketListenerImpl/]: GonzaloM369 lost connection: Timed out
[11Aug2026 03:22:26.783] [Server thread/INFO] [net.minecraft.server.MinecraftServer/]: GonzaloM369 left the game
[11Aug2026 03:22:26.783] [Server thread/INFO] [voicechat/]: [voicechat] Disconnecting client GonzaloM369
[11Aug2026 03:22:41.315] [SkinRestorer-Fetch-39/WARN] [SkinRestorer/]: Failed to fetch skin 'mojang:GonzaloM369'
java.lang.IllegalStateException: not found
	at net.lionarius.skinrestorer.util.WebUtils.throwOnClientErrors(WebUtils.java:141) ~[skinrestorer-2.10.0+1.20-forge.jar%23145!/:2.10.0+1.20-forge]
	at net.lionarius.skinrestorer.skin.provider.base.YggdrasilSkinProvider.getProfile(YggdrasilSkinProvider.java:50) ~[skinrestorer-2.10.0+1.20-forge.jar%23145!/:2.10.0+1.20-forge]
	at net.lionarius.skinrestorer.skin.provider.builtin.MojangSkinProvider.lambda$new$0(MojangSkinProvider.java:43) ~[skinrestorer-2.10.0+1.20-forge.jar%23145!/:2.10.0+1.20-forge]
	at net.minecraft.server.players.GameProfileCache.m_10993_(GameProfileCache.java:98) ~[server-1.20.1-20230612.114412-srg.jar%23151!/:?]
	at net.minecraft.server.players.GameProfileCache.m_10996_(GameProfileCache.java:150) ~[server-1.20.1-20230612.114412-srg.jar%23151!/:?]
	at net.lionarius.skinrestorer.skin.provider.builtin.MojangSkinProvider.resolveUuid(MojangSkinProvider.java:74) ~[skinrestorer-2.10.0+1.20-forge.jar%23145!/:2.10.0+1.20-forge]
	at net.lionarius.skinrestorer.skin.provider.base.ProfileSkinProvider.getCacheKey(ProfileSkinProvider.java:40) ~[skinrestorer-2.10.0+1.20-forge.jar%23145!/:2.10.0+1.20-forge]
	at net.lionarius.skinrestorer.skin.provider.base.ProfileSkinProvider.getCacheKey(ProfileSkinProvider.java:17) ~[skinrestorer-2.10.0+1.20-forge.jar%23145!/:2.10.0+1.20-forge]
	at net.lionarius.skinrestorer.skin.provider.base.AbstractSkinProvider.fetchSkin(AbstractSkinProvider.java:52) ~[skinrestorer-2.10.0+1.20-forge.jar%23145!/:2.10.0+1.20-forge]
	at net.minecraft.server.network.ServerLoginPacketListenerImpl.md6d4fd0$lambda$skinrestorer$fetchSkin$3$1(ServerLoginPacketListenerImpl.java:646) ~[server-1.20.1-20230612.114412-srg.jar%23151!/:?]
	at java.util.Optional.map(Optional.java:260) ~[?:?]
	at net.minecraft.server.network.ServerLoginPacketListenerImpl.skinrestorer$fetchSkin(ServerLoginPacketListenerImpl.java:646) ~[server-1.20.1-20230612.114412-srg.jar%23151!/:?]
	at net.minecraft.server.network.ServerLoginPacketListenerImpl.md6d4fd0$lambda$waitForSkin$0$4(ServerLoginPacketListenerImpl.java:595) ~[server-1.20.1-20230612.114412-srg.jar%23151!/:?]
	at java.util.concurrent.CompletableFuture$AsyncSupply.run(CompletableFuture.java:1768) ~[?:?]
	at java.util.concurrent.ThreadPoolExecutor.runWorker(ThreadPoolExecutor.java:1136) ~[?:?]
	at java.util.concurrent.ThreadPoolExecutor$Worker.run(ThreadPoolExecutor.java:635) ~[?:?]
	at java.lang.Thread.run(Thread.java:840) ~[?:?]
[11Aug2026 03:22:41.341] [Server thread/INFO] [net.minecraft.server.players.PlayerList/]: GonzaloM369[/127.242.238.33:38355] logged in with entity id 46387 at (-996.5884369890341, 68.875, 58.10147480609497)
[11Aug2026 03:22:41.354] [Server thread/INFO] [net.minecraft.server.MinecraftServer/]: GonzaloM369 joined the game
[11Aug2026 03:22:41.598] [Server thread/INFO] [voicechat/]: [voicechat] Received secret request of GonzaloM369 (20)
[11Aug2026 03:22:41.599] [Server thread/INFO] [voicechat/]: [voicechat] Sent secret to GonzaloM369
[11Aug2026 03:23:11.480] [Server thread/INFO] [net.minecraft.server.network.ServerGamePacketListenerImpl/]: GonzaloM369 lost connection: Timed out
[11Aug2026 03:23:11.481] [Server thread/INFO] [net.minecraft.server.MinecraftServer/]: GonzaloM369 left the game
[11Aug2026 03:23:11.481] [Server thread/INFO] [voicechat/]: [voicechat] Disconnecting client GonzaloM369
[11Aug2026 03:23:46.781] [Server thread/INFO] [net.minecraft.server.network.ServerLoginPacketListenerImpl/]: com.mojang.authlib.GameProfile@11968a78[id=<null>,name=GonzaloM369,properties={},legacy=false] (/127.242.238.33:57015) lost connection: Disconnected
[11Aug2026 03:24:21.633] [Server thread/INFO] [net.minecraft.server.network.ServerLoginPacketListenerImpl/]: com.mojang.authlib.GameProfile@295cc5cd[id=<null>,name=GonzaloM369,properties={},legacy=false] (/127.242.238.33:48227) lost connection: Disconnected
[11Aug2026 03:24:39.137] [SkinRestorer-Fetch-40/WARN] [SkinRestorer/]: Failed to fetch skin 'mojang:GonzaloM369'
java.lang.IllegalStateException: not found
	at net.lionarius.skinrestorer.util.WebUtils.throwOnClientErrors(WebUtils.java:141) ~[skinrestorer-2.10.0+1.20-forge.jar%23145!/:2.10.0+1.20-forge]
	at net.lionarius.skinrestorer.skin.provider.base.YggdrasilSkinProvider.getProfile(YggdrasilSkinProvider.java:50) ~[skinrestorer-2.10.0+1.20-forge.jar%23145!/:2.10.0+1.20-forge]
	at net.lionarius.skinrestorer.skin.provider.builtin.MojangSkinProvider.lambda$new$0(MojangSkinProvider.java:43) ~[skinrestorer-2.10.0+1.20-forge.jar%23145!/:2.10.0+1.20-forge]
	at net.minecraft.server.players.GameProfileCache.m_10993_(GameProfileCache.java:98) ~[server-1.20.1-20230612.114412-srg.jar%23151!/:?]
	at net.minecraft.server.players.GameProfileCache.m_10996_(GameProfileCache.java:150) ~[server-1.20.1-20230612.114412-srg.jar%23151!/:?]
	at net.lionarius.skinrestorer.skin.provider.builtin.MojangSkinProvider.resolveUuid(MojangSkinProvider.java:74) ~[skinrestorer-2.10.0+1.20-forge.jar%23145!/:2.10.0+1.20-forge]
	at net.lionarius.skinrestorer.skin.provider.base.ProfileSkinProvider.getCacheKey(ProfileSkinProvider.java:40) ~[skinrestorer-2.10.0+1.20-forge.jar%23145!/:2.10.0+1.20-forge]
	at net.lionarius.skinrestorer.skin.provider.base.ProfileSkinProvider.getCacheKey(ProfileSkinProvider.java:17) ~[skinrestorer-2.10.0+1.20-forge.jar%23145!/:2.10.0+1.20-forge]
	at net.lionarius.skinrestorer.skin.provider.base.AbstractSkinProvider.fetchSkin(AbstractSkinProvider.java:52) ~[skinrestorer-2.10.0+1.20-forge.jar%23145!/:2.10.0+1.20-forge]
	at net.minecraft.server.network.ServerLoginPacketListenerImpl.md6d4fd0$lambda$skinrestorer$fetchSkin$3$1(ServerLoginPacketListenerImpl.java:646) ~[server-1.20.1-20230612.114412-srg.jar%23151!/:?]
	at java.util.Optional.map(Optional.java:260) ~[?:?]
	at net.minecraft.server.network.ServerLoginPacketListenerImpl.skinrestorer$fetchSkin(ServerLoginPacketListenerImpl.java:646) ~[server-1.20.1-20230612.114412-srg.jar%23151!/:?]
	at net.minecraft.server.network.ServerLoginPacketListenerImpl.md6d4fd0$lambda$waitForSkin$0$4(ServerLoginPacketListenerImpl.java:595) ~[server-1.20.1-20230612.114412-srg.jar%23151!/:?]
	at java.util.concurrent.CompletableFuture$AsyncSupply.run(CompletableFuture.java:1768) ~[?:?]
	at java.util.concurrent.ThreadPoolExecutor.runWorker(ThreadPoolExecutor.java:1136) ~[?:?]
	at java.util.concurrent.ThreadPoolExecutor$Worker.run(ThreadPoolExecutor.java:635) ~[?:?]
	at java.lang.Thread.run(Thread.java:840) ~[?:?]
[11Aug2026 03:24:39.190] [Server thread/INFO] [net.minecraft.server.players.PlayerList/]: GonzaloM369[/127.242.238.33:37323] logged in with entity id 47304 at (-996.5884369890341, 68.875, 58.10147480609497)
[11Aug2026 03:24:39.209] [Server thread/INFO] [net.minecraft.server.MinecraftServer/]: GonzaloM369 joined the game
[11Aug2026 03:24:39.646] [Server thread/INFO] [voicechat/]: [voicechat] Received secret request of GonzaloM369 (20)
[11Aug2026 03:24:39.646] [Server thread/INFO] [voicechat/]: [voicechat] Sent secret to GonzaloM369
[11Aug2026 03:25:09.334] [Server thread/INFO] [net.minecraft.server.network.ServerGamePacketListenerImpl/]: GonzaloM369 lost connection: Timed out
[11Aug2026 03:25:09.335] [Server thread/INFO] [net.minecraft.server.MinecraftServer/]: GonzaloM369 left the game
[11Aug2026 03:25:09.335] [Server thread/INFO] [voicechat/]: [voicechat] Disconnecting client GonzaloM369
[11Aug2026 03:25:31.959] [SkinRestorer-Fetch-41/WARN] [SkinRestorer/]: Failed to fetch skin 'mojang:GonzaloM369'
java.lang.IllegalStateException: not found
	at net.lionarius.skinrestorer.util.WebUtils.throwOnClientErrors(WebUtils.java:141) ~[skinrestorer-2.10.0+1.20-forge.jar%23145!/:2.10.0+1.20-forge]
	at net.lionarius.skinrestorer.skin.provider.base.YggdrasilSkinProvider.getProfile(YggdrasilSkinProvider.java:50) ~[skinrestorer-2.10.0+1.20-forge.jar%23145!/:2.10.0+1.20-forge]
	at net.lionarius.skinrestorer.skin.provider.builtin.MojangSkinProvider.lambda$new$0(MojangSkinProvider.java:43) ~[skinrestorer-2.10.0+1.20-forge.jar%23145!/:2.10.0+1.20-forge]
	at net.minecraft.server.players.GameProfileCache.m_10993_(GameProfileCache.java:98) ~[server-1.20.1-20230612.114412-srg.jar%23151!/:?]
	at net.minecraft.server.players.GameProfileCache.m_10996_(GameProfileCache.java:150) ~[server-1.20.1-20230612.114412-srg.jar%23151!/:?]
	at net.lionarius.skinrestorer.skin.provider.builtin.MojangSkinProvider.resolveUuid(MojangSkinProvider.java:74) ~[skinrestorer-2.10.0+1.20-forge.jar%23145!/:2.10.0+1.20-forge]
	at net.lionarius.skinrestorer.skin.provider.base.ProfileSkinProvider.getCacheKey(ProfileSkinProvider.java:40) ~[skinrestorer-2.10.0+1.20-forge.jar%23145!/:2.10.0+1.20-forge]
	at net.lionarius.skinrestorer.skin.provider.base.ProfileSkinProvider.getCacheKey(ProfileSkinProvider.java:17) ~[skinrestorer-2.10.0+1.20-forge.jar%23145!/:2.10.0+1.20-forge]
	at net.lionarius.skinrestorer.skin.provider.base.AbstractSkinProvider.fetchSkin(AbstractSkinProvider.java:52) ~[skinrestorer-2.10.0+1.20-forge.jar%23145!/:2.10.0+1.20-forge]
	at net.minecraft.server.network.ServerLoginPacketListenerImpl.md6d4fd0$lambda$skinrestorer$fetchSkin$3$1(ServerLoginPacketListenerImpl.java:646) ~[server-1.20.1-20230612.114412-srg.jar%23151!/:?]
	at java.util.Optional.map(Optional.java:260) ~[?:?]
	at net.minecraft.server.network.ServerLoginPacketListenerImpl.skinrestorer$fetchSkin(ServerLoginPacketListenerImpl.java:646) ~[server-1.20.1-20230612.114412-srg.jar%23151!/:?]
	at net.minecraft.server.network.ServerLoginPacketListenerImpl.md6d4fd0$lambda$waitForSkin$0$4(ServerLoginPacketListenerImpl.java:595) ~[server-1.20.1-20230612.114412-srg.jar%23151!/:?]
	at java.util.concurrent.CompletableFuture$AsyncSupply.run(CompletableFuture.java:1768) ~[?:?]
	at java.util.concurrent.ThreadPoolExecutor.runWorker(ThreadPoolExecutor.java:1136) ~[?:?]
	at java.util.concurrent.ThreadPoolExecutor$Worker.run(ThreadPoolExecutor.java:635) ~[?:?]
	at java.lang.Thread.run(Thread.java:840) ~[?:?]
[11Aug2026 03:25:31.988] [Server thread/INFO] [net.minecraft.server.players.PlayerList/]: GonzaloM369[/127.242.238.33:57829] logged in with entity id 47740 at (-996.5884369890341, 68.875, 58.10147480609497)
[11Aug2026 03:25:32.007] [Server thread/INFO] [net.minecraft.server.MinecraftServer/]: GonzaloM369 joined the game
[11Aug2026 03:25:32.389] [Server thread/INFO] [voicechat/]: [voicechat] Received secret request of GonzaloM369 (20)
[11Aug2026 03:25:32.389] [Server thread/INFO] [voicechat/]: [voicechat] Sent secret to GonzaloM369
[11Aug2026 03:26:02.130] [Server thread/INFO] [net.minecraft.server.network.ServerGamePacketListenerImpl/]: GonzaloM369 lost connection: Timed out
[11Aug2026 03:26:02.130] [Server thread/INFO] [net.minecraft.server.MinecraftServer/]: GonzaloM369 left the game
[11Aug2026 03:26:02.131] [Server thread/INFO] [voicechat/]: [voicechat] Disconnecting client GonzaloM369
[11Aug2026 03:26:10.277] [SkinRestorer-Fetch-42/WARN] [SkinRestorer/]: Failed to fetch skin 'mojang:GonzaloM369'
java.lang.IllegalStateException: not found
	at net.lionarius.skinrestorer.util.WebUtils.throwOnClientErrors(WebUtils.java:141) ~[skinrestorer-2.10.0+1.20-forge.jar%23145!/:2.10.0+1.20-forge]
	at net.lionarius.skinrestorer.skin.provider.base.YggdrasilSkinProvider.getProfile(YggdrasilSkinProvider.java:50) ~[skinrestorer-2.10.0+1.20-forge.jar%23145!/:2.10.0+1.20-forge]
	at net.lionarius.skinrestorer.skin.provider.builtin.MojangSkinProvider.lambda$new$0(MojangSkinProvider.java:43) ~[skinrestorer-2.10.0+1.20-forge.jar%23145!/:2.10.0+1.20-forge]
	at net.minecraft.server.players.GameProfileCache.m_10993_(GameProfileCache.java:98) ~[server-1.20.1-20230612.114412-srg.jar%23151!/:?]
	at net.minecraft.server.players.GameProfileCache.m_10996_(GameProfileCache.java:150) ~[server-1.20.1-20230612.114412-srg.jar%23151!/:?]
	at net.lionarius.skinrestorer.skin.provider.builtin.MojangSkinProvider.resolveUuid(MojangSkinProvider.java:74) ~[skinrestorer-2.10.0+1.20-forge.jar%23145!/:2.10.0+1.20-forge]
	at net.lionarius.skinrestorer.skin.provider.base.ProfileSkinProvider.getCacheKey(ProfileSkinProvider.java:40) ~[skinrestorer-2.10.0+1.20-forge.jar%23145!/:2.10.0+1.20-forge]
	at net.lionarius.skinrestorer.skin.provider.base.ProfileSkinProvider.getCacheKey(ProfileSkinProvider.java:17) ~[skinrestorer-2.10.0+1.20-forge.jar%23145!/:2.10.0+1.20-forge]
	at net.lionarius.skinrestorer.skin.provider.base.AbstractSkinProvider.fetchSkin(AbstractSkinProvider.java:52) ~[skinrestorer-2.10.0+1.20-forge.jar%23145!/:2.10.0+1.20-forge]
	at net.minecraft.server.network.ServerLoginPacketListenerImpl.md6d4fd0$lambda$skinrestorer$fetchSkin$3$1(ServerLoginPacketListenerImpl.java:646) ~[server-1.20.1-20230612.114412-srg.jar%23151!/:?]
	at java.util.Optional.map(Optional.java:260) ~[?:?]
	at net.minecraft.server.network.ServerLoginPacketListenerImpl.skinrestorer$fetchSkin(ServerLoginPacketListenerImpl.java:646) ~[server-1.20.1-20230612.114412-srg.jar%23151!/:?]
	at net.minecraft.server.network.ServerLoginPacketListenerImpl.md6d4fd0$lambda$waitForSkin$0$4(ServerLoginPacketListenerImpl.java:595) ~[server-1.20.1-20230612.114412-srg.jar%23151!/:?]
	at java.util.concurrent.CompletableFuture$AsyncSupply.run(CompletableFuture.java:1768) ~[?:?]
	at java.util.concurrent.ThreadPoolExecutor.runWorker(ThreadPoolExecutor.java:1136) ~[?:?]
	at java.util.concurrent.ThreadPoolExecutor$Worker.run(ThreadPoolExecutor.java:635) ~[?:?]
	at java.lang.Thread.run(Thread.java:840) ~[?:?]
[11Aug2026 03:26:10.289] [Server thread/INFO] [net.minecraft.server.players.PlayerList/]: GonzaloM369[/127.242.238.33:37543] logged in with entity id 48007 at (-996.5884369890341, 68.875, 58.10147480609497)
[11Aug2026 03:26:10.301] [Server thread/INFO] [net.minecraft.server.MinecraftServer/]: GonzaloM369 joined the game
[11Aug2026 03:26:10.552] [Server thread/INFO] [voicechat/]: [voicechat] Received secret request of GonzaloM369 (20)
[11Aug2026 03:26:10.552] [Server thread/INFO] [voicechat/]: [voicechat] Sent secret to GonzaloM369
[11Aug2026 03:26:40.379] [Server thread/INFO] [net.minecraft.server.network.ServerGamePacketListenerImpl/]: GonzaloM369 lost connection: Timed out
[11Aug2026 03:26:40.380] [Server thread/INFO] [net.minecraft.server.MinecraftServer/]: GonzaloM369 left the game
[11Aug2026 03:26:40.380] [Server thread/INFO] [voicechat/]: [voicechat] Disconnecting client GonzaloM369
[11Aug2026 03:28:03.531] [Server thread/INFO] [net.minecraft.server.network.ServerLoginPacketListenerImpl/]: com.mojang.authlib.GameProfile@206a0e3c[id=<null>,name=GonzaloM369,properties={},legacy=false] (/127.242.238.33:33089) lost connection: Disconnected
[11Aug2026 03:28:27.219] [SkinRestorer-Fetch-43/WARN] [SkinRestorer/]: Failed to fetch skin 'mojang:GonzaloM369'
java.lang.IllegalStateException: not found
	at net.lionarius.skinrestorer.util.WebUtils.throwOnClientErrors(WebUtils.java:141) ~[skinrestorer-2.10.0+1.20-forge.jar%23145!/:2.10.0+1.20-forge]
	at net.lionarius.skinrestorer.skin.provider.base.YggdrasilSkinProvider.getProfile(YggdrasilSkinProvider.java:50) ~[skinrestorer-2.10.0+1.20-forge.jar%23145!/:2.10.0+1.20-forge]
	at net.lionarius.skinrestorer.skin.provider.builtin.MojangSkinProvider.lambda$new$0(MojangSkinProvider.java:43) ~[skinrestorer-2.10.0+1.20-forge.jar%23145!/:2.10.0+1.20-forge]
	at net.minecraft.server.players.GameProfileCache.m_10993_(GameProfileCache.java:98) ~[server-1.20.1-20230612.114412-srg.jar%23151!/:?]
	at net.minecraft.server.players.GameProfileCache.m_10996_(GameProfileCache.java:150) ~[server-1.20.1-20230612.114412-srg.jar%23151!/:?]
	at net.lionarius.skinrestorer.skin.provider.builtin.MojangSkinProvider.resolveUuid(MojangSkinProvider.java:74) ~[skinrestorer-2.10.0+1.20-forge.jar%23145!/:2.10.0+1.20-forge]
	at net.lionarius.skinrestorer.skin.provider.base.ProfileSkinProvider.getCacheKey(ProfileSkinProvider.java:40) ~[skinrestorer-2.10.0+1.20-forge.jar%23145!/:2.10.0+1.20-forge]
	at net.lionarius.skinrestorer.skin.provider.base.ProfileSkinProvider.getCacheKey(ProfileSkinProvider.java:17) ~[skinrestorer-2.10.0+1.20-forge.jar%23145!/:2.10.0+1.20-forge]
	at net.lionarius.skinrestorer.skin.provider.base.AbstractSkinProvider.fetchSkin(AbstractSkinProvider.java:52) ~[skinrestorer-2.10.0+1.20-forge.jar%23145!/:2.10.0+1.20-forge]
	at net.minecraft.server.network.ServerLoginPacketListenerImpl.md6d4fd0$lambda$skinrestorer$fetchSkin$3$1(ServerLoginPacketListenerImpl.java:646) ~[server-1.20.1-20230612.114412-srg.jar%23151!/:?]
	at java.util.Optional.map(Optional.java:260) ~[?:?]
	at net.minecraft.server.network.ServerLoginPacketListenerImpl.skinrestorer$fetchSkin(ServerLoginPacketListenerImpl.java:646) ~[server-1.20.1-20230612.114412-srg.jar%23151!/:?]
	at net.minecraft.server.network.ServerLoginPacketListenerImpl.md6d4fd0$lambda$waitForSkin$0$4(ServerLoginPacketListenerImpl.java:595) ~[server-1.20.1-20230612.114412-srg.jar%23151!/:?]
	at java.util.concurrent.CompletableFuture$AsyncSupply.run(CompletableFuture.java:1768) ~[?:?]
	at java.util.concurrent.ThreadPoolExecutor.runWorker(ThreadPoolExecutor.java:1136) ~[?:?]
	at java.util.concurrent.ThreadPoolExecutor$Worker.run(ThreadPoolExecutor.java:635) ~[?:?]
	at java.lang.Thread.run(Thread.java:840) ~[?:?]
[11Aug2026 03:28:27.243] [Server thread/INFO] [net.minecraft.server.players.PlayerList/]: GonzaloM369[/127.242.238.33:35653] logged in with entity id 49065 at (-996.5884369890341, 68.875, 58.10147480609497)
[11Aug2026 03:28:27.254] [Server thread/INFO] [net.minecraft.server.MinecraftServer/]: GonzaloM369 joined the game
[11Aug2026 03:28:27.681] [Server thread/INFO] [voicechat/]: [voicechat] Received secret request of GonzaloM369 (20)
[11Aug2026 03:28:27.682] [Server thread/INFO] [voicechat/]: [voicechat] Sent secret to GonzaloM369
[11Aug2026 03:28:57.333] [Server thread/INFO] [net.minecraft.server.network.ServerGamePacketListenerImpl/]: GonzaloM369 lost connection: Timed out
[11Aug2026 03:28:57.333] [Server thread/INFO] [net.minecraft.server.MinecraftServer/]: GonzaloM369 left the game
[11Aug2026 03:28:57.334] [Server thread/INFO] [voicechat/]: [voicechat] Disconnecting client GonzaloM369
[11Aug2026 03:29:09.277] [SkinRestorer-Fetch-44/WARN] [SkinRestorer/]: Failed to fetch skin 'mojang:GonzaloM369'
java.lang.IllegalStateException: not found
	at net.lionarius.skinrestorer.util.WebUtils.throwOnClientErrors(WebUtils.java:141) ~[skinrestorer-2.10.0+1.20-forge.jar%23145!/:2.10.0+1.20-forge]
	at net.lionarius.skinrestorer.skin.provider.base.YggdrasilSkinProvider.getProfile(YggdrasilSkinProvider.java:50) ~[skinrestorer-2.10.0+1.20-forge.jar%23145!/:2.10.0+1.20-forge]
	at net.lionarius.skinrestorer.skin.provider.builtin.MojangSkinProvider.lambda$new$0(MojangSkinProvider.java:43) ~[skinrestorer-2.10.0+1.20-forge.jar%23145!/:2.10.0+1.20-forge]
	at net.minecraft.server.players.GameProfileCache.m_10993_(GameProfileCache.java:98) ~[server-1.20.1-20230612.114412-srg.jar%23151!/:?]
	at net.minecraft.server.players.GameProfileCache.m_10996_(GameProfileCache.java:150) ~[server-1.20.1-20230612.114412-srg.jar%23151!/:?]
	at net.lionarius.skinrestorer.skin.provider.builtin.MojangSkinProvider.resolveUuid(MojangSkinProvider.java:74) ~[skinrestorer-2.10.0+1.20-forge.jar%23145!/:2.10.0+1.20-forge]
	at net.lionarius.skinrestorer.skin.provider.base.ProfileSkinProvider.getCacheKey(ProfileSkinProvider.java:40) ~[skinrestorer-2.10.0+1.20-forge.jar%23145!/:2.10.0+1.20-forge]
	at net.lionarius.skinrestorer.skin.provider.base.ProfileSkinProvider.getCacheKey(ProfileSkinProvider.java:17) ~[skinrestorer-2.10.0+1.20-forge.jar%23145!/:2.10.0+1.20-forge]
	at net.lionarius.skinrestorer.skin.provider.base.AbstractSkinProvider.fetchSkin(AbstractSkinProvider.java:52) ~[skinrestorer-2.10.0+1.20-forge.jar%23145!/:2.10.0+1.20-forge]
	at net.minecraft.server.network.ServerLoginPacketListenerImpl.md6d4fd0$lambda$skinrestorer$fetchSkin$3$1(ServerLoginPacketListenerImpl.java:646) ~[server-1.20.1-20230612.114412-srg.jar%23151!/:?]
	at java.util.Optional.map(Optional.java:260) ~[?:?]
	at net.minecraft.server.network.ServerLoginPacketListenerImpl.skinrestorer$fetchSkin(ServerLoginPacketListenerImpl.java:646) ~[server-1.20.1-20230612.114412-srg.jar%23151!/:?]
	at net.minecraft.server.network.ServerLoginPacketListenerImpl.md6d4fd0$lambda$waitForSkin$0$4(ServerLoginPacketListenerImpl.java:595) ~[server-1.20.1-20230612.114412-srg.jar%23151!/:?]
	at java.util.concurrent.CompletableFuture$AsyncSupply.run(CompletableFuture.java:1768) ~[?:?]
	at java.util.concurrent.ThreadPoolExecutor.runWorker(ThreadPoolExecutor.java:1136) ~[?:?]
	at java.util.concurrent.ThreadPoolExecutor$Worker.run(ThreadPoolExecutor.java:635) ~[?:?]
	at java.lang.Thread.run(Thread.java:840) ~[?:?]
[11Aug2026 03:29:09.340] [Server thread/INFO] [net.minecraft.server.players.PlayerList/]: GonzaloM369[/127.242.238.33:41671] logged in with entity id 49377 at (-996.5884369890341, 68.875, 58.10147480609497)
[11Aug2026 03:29:09.352] [Server thread/INFO] [net.minecraft.server.MinecraftServer/]: GonzaloM369 joined the game
[11Aug2026 03:29:09.782] [Server thread/INFO] [voicechat/]: [voicechat] Received secret request of GonzaloM369 (20)
[11Aug2026 03:29:09.782] [Server thread/INFO] [voicechat/]: [voicechat] Sent secret to GonzaloM369
[11Aug2026 03:29:39.433] [Server thread/INFO] [net.minecraft.server.network.ServerGamePacketListenerImpl/]: GonzaloM369 lost connection: Timed out
[11Aug2026 03:29:39.433] [Server thread/INFO] [net.minecraft.server.MinecraftServer/]: GonzaloM369 left the game
[11Aug2026 03:29:39.433] [Server thread/INFO] [voicechat/]: [voicechat] Disconnecting client GonzaloM369
[11Aug2026 03:29:54.313] [SkinRestorer-Fetch-45/WARN] [SkinRestorer/]: Failed to fetch skin 'mojang:GonzaloM369'
java.lang.IllegalStateException: not found
	at net.lionarius.skinrestorer.util.WebUtils.throwOnClientErrors(WebUtils.java:141) ~[skinrestorer-2.10.0+1.20-forge.jar%23145!/:2.10.0+1.20-forge]
	at net.lionarius.skinrestorer.skin.provider.base.YggdrasilSkinProvider.getProfile(YggdrasilSkinProvider.java:50) ~[skinrestorer-2.10.0+1.20-forge.jar%23145!/:2.10.0+1.20-forge]
	at net.lionarius.skinrestorer.skin.provider.builtin.MojangSkinProvider.lambda$new$0(MojangSkinProvider.java:43) ~[skinrestorer-2.10.0+1.20-forge.jar%23145!/:2.10.0+1.20-forge]
	at net.minecraft.server.players.GameProfileCache.m_10993_(GameProfileCache.java:98) ~[server-1.20.1-20230612.114412-srg.jar%23151!/:?]
	at net.minecraft.server.players.GameProfileCache.m_10996_(GameProfileCache.java:150) ~[server-1.20.1-20230612.114412-srg.jar%23151!/:?]
	at net.lionarius.skinrestorer.skin.provider.builtin.MojangSkinProvider.resolveUuid(MojangSkinProvider.java:74) ~[skinrestorer-2.10.0+1.20-forge.jar%23145!/:2.10.0+1.20-forge]
	at net.lionarius.skinrestorer.skin.provider.base.ProfileSkinProvider.getCacheKey(ProfileSkinProvider.java:40) ~[skinrestorer-2.10.0+1.20-forge.jar%23145!/:2.10.0+1.20-forge]
	at net.lionarius.skinrestorer.skin.provider.base.ProfileSkinProvider.getCacheKey(ProfileSkinProvider.java:17) ~[skinrestorer-2.10.0+1.20-forge.jar%23145!/:2.10.0+1.20-forge]
	at net.lionarius.skinrestorer.skin.provider.base.AbstractSkinProvider.fetchSkin(AbstractSkinProvider.java:52) ~[skinrestorer-2.10.0+1.20-forge.jar%23145!/:2.10.0+1.20-forge]
	at net.minecraft.server.network.ServerLoginPacketListenerImpl.md6d4fd0$lambda$skinrestorer$fetchSkin$3$1(ServerLoginPacketListenerImpl.java:646) ~[server-1.20.1-20230612.114412-srg.jar%23151!/:?]
	at java.util.Optional.map(Optional.java:260) ~[?:?]
	at net.minecraft.server.network.ServerLoginPacketListenerImpl.skinrestorer$fetchSkin(ServerLoginPacketListenerImpl.java:646) ~[server-1.20.1-20230612.114412-srg.jar%23151!/:?]
	at net.minecraft.server.network.ServerLoginPacketListenerImpl.md6d4fd0$lambda$waitForSkin$0$4(ServerLoginPacketListenerImpl.java:595) ~[server-1.20.1-20230612.114412-srg.jar%23151!/:?]
	at java.util.concurrent.CompletableFuture$AsyncSupply.run(CompletableFuture.java:1768) ~[?:?]
	at java.util.concurrent.ThreadPoolExecutor.runWorker(ThreadPoolExecutor.java:1136) ~[?:?]
	at java.util.concurrent.ThreadPoolExecutor$Worker.run(ThreadPoolExecutor.java:635) ~[?:?]
	at java.lang.Thread.run(Thread.java:840) ~[?:?]
[11Aug2026 03:29:54.340] [Server thread/INFO] [net.minecraft.server.players.PlayerList/]: GonzaloM369[/127.242.238.33:47451] logged in with entity id 49702 at (-996.5884369890341, 68.875, 58.10147480609497)
[11Aug2026 03:29:54.350] [Server thread/INFO] [net.minecraft.server.MinecraftServer/]: GonzaloM369 joined the game
[11Aug2026 03:29:54.606] [Server thread/INFO] [voicechat/]: [voicechat] Received secret request of GonzaloM369 (20)
[11Aug2026 03:29:54.606] [Server thread/INFO] [voicechat/]: [voicechat] Sent secret to GonzaloM369
[11Aug2026 03:30:24.494] [Server thread/INFO] [net.minecraft.server.network.ServerGamePacketListenerImpl/]: GonzaloM369 lost connection: Timed out
[11Aug2026 03:30:24.494] [Server thread/INFO] [net.minecraft.server.MinecraftServer/]: GonzaloM369 left the game
[11Aug2026 03:30:24.495] [Server thread/INFO] [voicechat/]: [voicechat] Disconnecting client GonzaloM369
[11Aug2026 03:30:35.503] [SkinRestorer-Fetch-46/WARN] [SkinRestorer/]: Failed to fetch skin 'mojang:GonzaloM369'
java.lang.IllegalStateException: not found
	at net.lionarius.skinrestorer.util.WebUtils.throwOnClientErrors(WebUtils.java:141) ~[skinrestorer-2.10.0+1.20-forge.jar%23145!/:2.10.0+1.20-forge]
	at net.lionarius.skinrestorer.skin.provider.base.YggdrasilSkinProvider.getProfile(YggdrasilSkinProvider.java:50) ~[skinrestorer-2.10.0+1.20-forge.jar%23145!/:2.10.0+1.20-forge]
	at net.lionarius.skinrestorer.skin.provider.builtin.MojangSkinProvider.lambda$new$0(MojangSkinProvider.java:43) ~[skinrestorer-2.10.0+1.20-forge.jar%23145!/:2.10.0+1.20-forge]
	at net.minecraft.server.players.GameProfileCache.m_10993_(GameProfileCache.java:98) ~[server-1.20.1-20230612.114412-srg.jar%23151!/:?]
	at net.minecraft.server.players.GameProfileCache.m_10996_(GameProfileCache.java:150) ~[server-1.20.1-20230612.114412-srg.jar%23151!/:?]
	at net.lionarius.skinrestorer.skin.provider.builtin.MojangSkinProvider.resolveUuid(MojangSkinProvider.java:74) ~[skinrestorer-2.10.0+1.20-forge.jar%23145!/:2.10.0+1.20-forge]
	at net.lionarius.skinrestorer.skin.provider.base.ProfileSkinProvider.getCacheKey(ProfileSkinProvider.java:40) ~[skinrestorer-2.10.0+1.20-forge.jar%23145!/:2.10.0+1.20-forge]
	at net.lionarius.skinrestorer.skin.provider.base.ProfileSkinProvider.getCacheKey(ProfileSkinProvider.java:17) ~[skinrestorer-2.10.0+1.20-forge.jar%23145!/:2.10.0+1.20-forge]
	at net.lionarius.skinrestorer.skin.provider.base.AbstractSkinProvider.fetchSkin(AbstractSkinProvider.java:52) ~[skinrestorer-2.10.0+1.20-forge.jar%23145!/:2.10.0+1.20-forge]
	at net.minecraft.server.network.ServerLoginPacketListenerImpl.md6d4fd0$lambda$skinrestorer$fetchSkin$3$1(ServerLoginPacketListenerImpl.java:646) ~[server-1.20.1-20230612.114412-srg.jar%23151!/:?]
	at java.util.Optional.map(Optional.java:260) ~[?:?]
	at net.minecraft.server.network.ServerLoginPacketListenerImpl.skinrestorer$fetchSkin(ServerLoginPacketListenerImpl.java:646) ~[server-1.20.1-20230612.114412-srg.jar%23151!/:?]
	at net.minecraft.server.network.ServerLoginPacketListenerImpl.md6d4fd0$lambda$waitForSkin$0$4(ServerLoginPacketListenerImpl.java:595) ~[server-1.20.1-20230612.114412-srg.jar%23151!/:?]
	at java.util.concurrent.CompletableFuture$AsyncSupply.run(CompletableFuture.java:1768) ~[?:?]
	at java.util.concurrent.ThreadPoolExecutor.runWorker(ThreadPoolExecutor.java:1136) ~[?:?]
	at java.util.concurrent.ThreadPoolExecutor$Worker.run(ThreadPoolExecutor.java:635) ~[?:?]
	at java.lang.Thread.run(Thread.java:840) ~[?:?]
[11Aug2026 03:30:35.539] [Server thread/INFO] [net.minecraft.server.players.PlayerList/]: GonzaloM369[/127.242.238.33:39231] logged in with entity id 50082 at (-996.5884369890341, 68.875, 58.10147480609497)
[11Aug2026 03:30:35.551] [Server thread/INFO] [net.minecraft.server.MinecraftServer/]: GonzaloM369 joined the game
[11Aug2026 03:30:35.788] [Server thread/INFO] [voicechat/]: [voicechat] Received secret request of GonzaloM369 (20)
[11Aug2026 03:30:35.788] [Server thread/INFO] [voicechat/]: [voicechat] Sent secret to GonzaloM369
[11Aug2026 03:31:05.680] [Server thread/INFO] [net.minecraft.server.network.ServerGamePacketListenerImpl/]: GonzaloM369 lost connection: Timed out
[11Aug2026 03:31:05.680] [Server thread/INFO] [net.minecraft.server.MinecraftServer/]: GonzaloM369 left the game
[11Aug2026 03:31:05.681] [Server thread/INFO] [voicechat/]: [voicechat] Disconnecting client GonzaloM369
[11Aug2026 03:33:24.521] [SkinRestorer-Fetch-47/WARN] [SkinRestorer/]: Failed to fetch skin 'mojang:GonzaloM369'
java.lang.IllegalStateException: not found
	at net.lionarius.skinrestorer.util.WebUtils.throwOnClientErrors(WebUtils.java:141) ~[skinrestorer-2.10.0+1.20-forge.jar%23145!/:2.10.0+1.20-forge]
	at net.lionarius.skinrestorer.skin.provider.base.YggdrasilSkinProvider.getProfile(YggdrasilSkinProvider.java:50) ~[skinrestorer-2.10.0+1.20-forge.jar%23145!/:2.10.0+1.20-forge]
	at net.lionarius.skinrestorer.skin.provider.builtin.MojangSkinProvider.lambda$new$0(MojangSkinProvider.java:43) ~[skinrestorer-2.10.0+1.20-forge.jar%23145!/:2.10.0+1.20-forge]
	at net.minecraft.server.players.GameProfileCache.m_10993_(GameProfileCache.java:98) ~[server-1.20.1-20230612.114412-srg.jar%23151!/:?]
	at net.minecraft.server.players.GameProfileCache.m_10996_(GameProfileCache.java:150) ~[server-1.20.1-20230612.114412-srg.jar%23151!/:?]
	at net.lionarius.skinrestorer.skin.provider.builtin.MojangSkinProvider.resolveUuid(MojangSkinProvider.java:74) ~[skinrestorer-2.10.0+1.20-forge.jar%23145!/:2.10.0+1.20-forge]
	at net.lionarius.skinrestorer.skin.provider.base.ProfileSkinProvider.getCacheKey(ProfileSkinProvider.java:40) ~[skinrestorer-2.10.0+1.20-forge.jar%23145!/:2.10.0+1.20-forge]
	at net.lionarius.skinrestorer.skin.provider.base.ProfileSkinProvider.getCacheKey(ProfileSkinProvider.java:17) ~[skinrestorer-2.10.0+1.20-forge.jar%23145!/:2.10.0+1.20-forge]
	at net.lionarius.skinrestorer.skin.provider.base.AbstractSkinProvider.fetchSkin(AbstractSkinProvider.java:52) ~[skinrestorer-2.10.0+1.20-forge.jar%23145!/:2.10.0+1.20-forge]
	at net.minecraft.server.network.ServerLoginPacketListenerImpl.md6d4fd0$lambda$skinrestorer$fetchSkin$3$1(ServerLoginPacketListenerImpl.java:646) ~[server-1.20.1-20230612.114412-srg.jar%23151!/:?]
	at java.util.Optional.map(Optional.java:260) ~[?:?]
	at net.minecraft.server.network.ServerLoginPacketListenerImpl.skinrestorer$fetchSkin(ServerLoginPacketListenerImpl.java:646) ~[server-1.20.1-20230612.114412-srg.jar%23151!/:?]
	at net.minecraft.server.network.ServerLoginPacketListenerImpl.md6d4fd0$lambda$waitForSkin$0$4(ServerLoginPacketListenerImpl.java:595) ~[server-1.20.1-20230612.114412-srg.jar%23151!/:?]
	at java.util.concurrent.CompletableFuture$AsyncSupply.run(CompletableFuture.java:1768) ~[?:?]
	at java.util.concurrent.ThreadPoolExecutor.runWorker(ThreadPoolExecutor.java:1136) ~[?:?]
	at java.util.concurrent.ThreadPoolExecutor$Worker.run(ThreadPoolExecutor.java:635) ~[?:?]
	at java.lang.Thread.run(Thread.java:840) ~[?:?]
[11Aug2026 03:33:24.544] [Server thread/INFO] [net.minecraft.server.players.PlayerList/]: GonzaloM369[/127.242.238.33:55215] logged in with entity id 51482 at (-996.5884369890341, 68.875, 58.10147480609497)
[11Aug2026 03:33:24.557] [Server thread/INFO] [net.minecraft.server.MinecraftServer/]: GonzaloM369 joined the game
[11Aug2026 03:33:24.806] [Server thread/INFO] [voicechat/]: [voicechat] Received secret request of GonzaloM369 (20)
[11Aug2026 03:33:24.807] [Server thread/INFO] [voicechat/]: [voicechat] Sent secret to GonzaloM369
[11Aug2026 03:33:54.682] [Server thread/INFO] [net.minecraft.server.network.ServerGamePacketListenerImpl/]: GonzaloM369 lost connection: Timed out
[11Aug2026 03:33:54.682] [Server thread/INFO] [net.minecraft.server.MinecraftServer/]: GonzaloM369 left the game
[11Aug2026 03:33:54.682] [Server thread/INFO] [voicechat/]: [voicechat] Disconnecting client GonzaloM369
[11Aug2026 03:34:14.927] [SkinRestorer-Fetch-48/WARN] [SkinRestorer/]: Failed to fetch skin 'mojang:GonzaloM369'
java.lang.IllegalStateException: not found
	at net.lionarius.skinrestorer.util.WebUtils.throwOnClientErrors(WebUtils.java:141) ~[skinrestorer-2.10.0+1.20-forge.jar%23145!/:2.10.0+1.20-forge]
	at net.lionarius.skinrestorer.skin.provider.base.YggdrasilSkinProvider.getProfile(YggdrasilSkinProvider.java:50) ~[skinrestorer-2.10.0+1.20-forge.jar%23145!/:2.10.0+1.20-forge]
	at net.lionarius.skinrestorer.skin.provider.builtin.MojangSkinProvider.lambda$new$0(MojangSkinProvider.java:43) ~[skinrestorer-2.10.0+1.20-forge.jar%23145!/:2.10.0+1.20-forge]
	at net.minecraft.server.players.GameProfileCache.m_10993_(GameProfileCache.java:98) ~[server-1.20.1-20230612.114412-srg.jar%23151!/:?]
	at net.minecraft.server.players.GameProfileCache.m_10996_(GameProfileCache.java:150) ~[server-1.20.1-20230612.114412-srg.jar%23151!/:?]
	at net.lionarius.skinrestorer.skin.provider.builtin.MojangSkinProvider.resolveUuid(MojangSkinProvider.java:74) ~[skinrestorer-2.10.0+1.20-forge.jar%23145!/:2.10.0+1.20-forge]
	at net.lionarius.skinrestorer.skin.provider.base.ProfileSkinProvider.getCacheKey(ProfileSkinProvider.java:40) ~[skinrestorer-2.10.0+1.20-forge.jar%23145!/:2.10.0+1.20-forge]
	at net.lionarius.skinrestorer.skin.provider.base.ProfileSkinProvider.getCacheKey(ProfileSkinProvider.java:17) ~[skinrestorer-2.10.0+1.20-forge.jar%23145!/:2.10.0+1.20-forge]
	at net.lionarius.skinrestorer.skin.provider.base.AbstractSkinProvider.fetchSkin(AbstractSkinProvider.java:52) ~[skinrestorer-2.10.0+1.20-forge.jar%23145!/:2.10.0+1.20-forge]
	at net.minecraft.server.network.ServerLoginPacketListenerImpl.md6d4fd0$lambda$skinrestorer$fetchSkin$3$1(ServerLoginPacketListenerImpl.java:646) ~[server-1.20.1-20230612.114412-srg.jar%23151!/:?]
	at java.util.Optional.map(Optional.java:260) ~[?:?]
	at net.minecraft.server.network.ServerLoginPacketListenerImpl.skinrestorer$fetchSkin(ServerLoginPacketListenerImpl.java:646) ~[server-1.20.1-20230612.114412-srg.jar%23151!/:?]
	at net.minecraft.server.network.ServerLoginPacketListenerImpl.md6d4fd0$lambda$waitForSkin$0$4(ServerLoginPacketListenerImpl.java:595) ~[server-1.20.1-20230612.114412-srg.jar%23151!/:?]
	at java.util.concurrent.CompletableFuture$AsyncSupply.run(CompletableFuture.java:1768) ~[?:?]
	at java.util.concurrent.ThreadPoolExecutor.runWorker(ThreadPoolExecutor.java:1136) ~[?:?]
	at java.util.concurrent.ThreadPoolExecutor$Worker.run(ThreadPoolExecutor.java:635) ~[?:?]
	at java.lang.Thread.run(Thread.java:840) ~[?:?]
[11Aug2026 03:34:14.941] [Server thread/INFO] [net.minecraft.server.players.PlayerList/]: GonzaloM369[/127.242.238.33:36079] logged in with entity id 51881 at (-996.5884369890341, 68.875, 58.10147480609497)
[11Aug2026 03:34:14.953] [Server thread/INFO] [net.minecraft.server.MinecraftServer/]: GonzaloM369 joined the game
[11Aug2026 03:34:15.338] [Server thread/INFO] [voicechat/]: [voicechat] Received secret request of GonzaloM369 (20)
[11Aug2026 03:34:15.338] [Server thread/INFO] [voicechat/]: [voicechat] Sent secret to GonzaloM369
[11Aug2026 03:34:55.277] [Server thread/INFO] [net.minecraft.server.network.ServerGamePacketListenerImpl/]: GonzaloM369 lost connection: Timed out
[11Aug2026 03:34:55.277] [Server thread/INFO] [net.minecraft.server.MinecraftServer/]: GonzaloM369 left the game
[11Aug2026 03:34:55.278] [Server thread/INFO] [voicechat/]: [voicechat] Disconnecting client GonzaloM369
[11Aug2026 03:35:18.262] [SkinRestorer-Fetch-49/WARN] [SkinRestorer/]: Failed to fetch skin 'mojang:GonzaloM369'
java.lang.IllegalStateException: not found
	at net.lionarius.skinrestorer.util.WebUtils.throwOnClientErrors(WebUtils.java:141) ~[skinrestorer-2.10.0+1.20-forge.jar%23145!/:2.10.0+1.20-forge]
	at net.lionarius.skinrestorer.skin.provider.base.YggdrasilSkinProvider.getProfile(YggdrasilSkinProvider.java:50) ~[skinrestorer-2.10.0+1.20-forge.jar%23145!/:2.10.0+1.20-forge]
	at net.lionarius.skinrestorer.skin.provider.builtin.MojangSkinProvider.lambda$new$0(MojangSkinProvider.java:43) ~[skinrestorer-2.10.0+1.20-forge.jar%23145!/:2.10.0+1.20-forge]
	at net.minecraft.server.players.GameProfileCache.m_10993_(GameProfileCache.java:98) ~[server-1.20.1-20230612.114412-srg.jar%23151!/:?]
	at net.minecraft.server.players.GameProfileCache.m_10996_(GameProfileCache.java:150) ~[server-1.20.1-20230612.114412-srg.jar%23151!/:?]
	at net.lionarius.skinrestorer.skin.provider.builtin.MojangSkinProvider.resolveUuid(MojangSkinProvider.java:74) ~[skinrestorer-2.10.0+1.20-forge.jar%23145!/:2.10.0+1.20-forge]
	at net.lionarius.skinrestorer.skin.provider.base.ProfileSkinProvider.getCacheKey(ProfileSkinProvider.java:40) ~[skinrestorer-2.10.0+1.20-forge.jar%23145!/:2.10.0+1.20-forge]
	at net.lionarius.skinrestorer.skin.provider.base.ProfileSkinProvider.getCacheKey(ProfileSkinProvider.java:17) ~[skinrestorer-2.10.0+1.20-forge.jar%23145!/:2.10.0+1.20-forge]
	at net.lionarius.skinrestorer.skin.provider.base.AbstractSkinProvider.fetchSkin(AbstractSkinProvider.java:52) ~[skinrestorer-2.10.0+1.20-forge.jar%23145!/:2.10.0+1.20-forge]
	at net.minecraft.server.network.ServerLoginPacketListenerImpl.md6d4fd0$lambda$skinrestorer$fetchSkin$3$1(ServerLoginPacketListenerImpl.java:646) ~[server-1.20.1-20230612.114412-srg.jar%23151!/:?]
	at java.util.Optional.map(Optional.java:260) ~[?:?]
	at net.minecraft.server.network.ServerLoginPacketListenerImpl.skinrestorer$fetchSkin(ServerLoginPacketListenerImpl.java:646) ~[server-1.20.1-20230612.114412-srg.jar%23151!/:?]
	at net.minecraft.server.network.ServerLoginPacketListenerImpl.md6d4fd0$lambda$waitForSkin$0$4(ServerLoginPacketListenerImpl.java:595) ~[server-1.20.1-20230612.114412-srg.jar%23151!/:?]
	at java.util.concurrent.CompletableFuture$AsyncSupply.run(CompletableFuture.java:1768) ~[?:?]
	at java.util.concurrent.ThreadPoolExecutor.runWorker(ThreadPoolExecutor.java:1136) ~[?:?]
	at java.util.concurrent.ThreadPoolExecutor$Worker.run(ThreadPoolExecutor.java:635) ~[?:?]
	at java.lang.Thread.run(Thread.java:840) ~[?:?]
[11Aug2026 03:35:18.311] [Server thread/INFO] [net.minecraft.server.players.PlayerList/]: GonzaloM369[/127.242.238.33:35957] logged in with entity id 52328 at (-996.5884369890341, 68.875, 58.10147480609497)
[11Aug2026 03:35:18.341] [Server thread/INFO] [net.minecraft.server.MinecraftServer/]: GonzaloM369 joined the game
[11Aug2026 03:35:18.912] [Server thread/INFO] [voicechat/]: [voicechat] Received secret request of GonzaloM369 (20)
[11Aug2026 03:35:18.916] [Server thread/INFO] [voicechat/]: [voicechat] Sent secret to GonzaloM369
[11Aug2026 03:47:44.183] [Server thread/INFO] [net.minecraft.server.network.ServerLoginPacketListenerImpl/]: com.mojang.authlib.GameProfile@2dbeb232[id=<null>,name=mateonsio777,properties={},legacy=false] (/127.151.155.59:37237) lost connection: Disconnected
[11Aug2026 03:47:45.888] [SkinRestorer-Fetch-50/WARN] [SkinRestorer/]: Failed to fetch skin 'mojang:mateonsio777'
net.lionarius.skinrestorer.exception.TransparentException: request timed out
	at net.lionarius.skinrestorer.skin.provider.builtin.MojangSkinProvider.lambda$new$0(MojangSkinProvider.java:46) ~[skinrestorer-2.10.0+1.20-forge.jar%23145!/:2.10.0+1.20-forge]
	at net.minecraft.server.players.GameProfileCache.m_10993_(GameProfileCache.java:98) ~[server-1.20.1-20230612.114412-srg.jar%23151!/:?]
	at net.minecraft.server.players.GameProfileCache.m_10996_(GameProfileCache.java:150) ~[server-1.20.1-20230612.114412-srg.jar%23151!/:?]
	at net.lionarius.skinrestorer.skin.provider.builtin.MojangSkinProvider.resolveUuid(MojangSkinProvider.java:74) ~[skinrestorer-2.10.0+1.20-forge.jar%23145!/:2.10.0+1.20-forge]
	at net.lionarius.skinrestorer.skin.provider.base.ProfileSkinProvider.getCacheKey(ProfileSkinProvider.java:40) ~[skinrestorer-2.10.0+1.20-forge.jar%23145!/:2.10.0+1.20-forge]
	at net.lionarius.skinrestorer.skin.provider.base.ProfileSkinProvider.getCacheKey(ProfileSkinProvider.java:17) ~[skinrestorer-2.10.0+1.20-forge.jar%23145!/:2.10.0+1.20-forge]
	at net.lionarius.skinrestorer.skin.provider.base.AbstractSkinProvider.fetchSkin(AbstractSkinProvider.java:52) ~[skinrestorer-2.10.0+1.20-forge.jar%23145!/:2.10.0+1.20-forge]
	at net.minecraft.server.network.ServerLoginPacketListenerImpl.md6d4fd0$lambda$skinrestorer$fetchSkin$3$1(ServerLoginPacketListenerImpl.java:646) ~[server-1.20.1-20230612.114412-srg.jar%23151!/:?]
	at java.util.Optional.map(Optional.java:260) ~[?:?]
	at net.minecraft.server.network.ServerLoginPacketListenerImpl.skinrestorer$fetchSkin(ServerLoginPacketListenerImpl.java:646) ~[server-1.20.1-20230612.114412-srg.jar%23151!/:?]
	at net.minecraft.server.network.ServerLoginPacketListenerImpl.md6d4fd0$lambda$waitForSkin$0$4(ServerLoginPacketListenerImpl.java:595) ~[server-1.20.1-20230612.114412-srg.jar%23151!/:?]
	at java.util.concurrent.CompletableFuture$AsyncSupply.run(CompletableFuture.java:1768) ~[?:?]
	at java.util.concurrent.ThreadPoolExecutor.runWorker(ThreadPoolExecutor.java:1136) ~[?:?]
	at java.util.concurrent.ThreadPoolExecutor$Worker.run(ThreadPoolExecutor.java:635) ~[?:?]
	at java.lang.Thread.run(Thread.java:840) ~[?:?]
Caused by: java.net.http.HttpTimeoutException: request timed out
	at jdk.internal.net.http.HttpClientImpl.send(HttpClientImpl.java:898) ~[java.net.http:?]
	at jdk.internal.net.http.HttpClientFacade.send(HttpClientFacade.java:133) ~[java.net.http:?]
	at net.lionarius.skinrestorer.util.WebUtils.executeRequest(WebUtils.java:97) ~[skinrestorer-2.10.0+1.20-forge.jar%23145!/:2.10.0+1.20-forge]
	at net.lionarius.skinrestorer.util.WebUtils.executeRequest(WebUtils.java:86) ~[skinrestorer-2.10.0+1.20-forge.jar%23145!/:2.10.0+1.20-forge]
	at net.lionarius.skinrestorer.skin.provider.base.YggdrasilSkinProvider.getProfile(YggdrasilSkinProvider.java:49) ~[skinrestorer-2.10.0+1.20-forge.jar%23145!/:2.10.0+1.20-forge]
	at net.lionarius.skinrestorer.skin.provider.builtin.MojangSkinProvider.lambda$new$0(MojangSkinProvider.java:43) ~[skinrestorer-2.10.0+1.20-forge.jar%23145!/:2.10.0+1.20-forge]
	... 14 more
[11Aug2026 03:47:55.700] [SkinRestorer-Fetch-51/WARN] [SkinRestorer/]: Failed to fetch skin 'mojang:mateonsio777'
java.lang.IllegalStateException: not found
	at net.lionarius.skinrestorer.util.WebUtils.throwOnClientErrors(WebUtils.java:141) ~[skinrestorer-2.10.0+1.20-forge.jar%23145!/:2.10.0+1.20-forge]
	at net.lionarius.skinrestorer.skin.provider.base.YggdrasilSkinProvider.getProfile(YggdrasilSkinProvider.java:50) ~[skinrestorer-2.10.0+1.20-forge.jar%23145!/:2.10.0+1.20-forge]
	at net.lionarius.skinrestorer.skin.provider.builtin.MojangSkinProvider.lambda$new$0(MojangSkinProvider.java:43) ~[skinrestorer-2.10.0+1.20-forge.jar%23145!/:2.10.0+1.20-forge]
	at net.minecraft.server.players.GameProfileCache.m_10993_(GameProfileCache.java:98) ~[server-1.20.1-20230612.114412-srg.jar%23151!/:?]
	at net.minecraft.server.players.GameProfileCache.m_10996_(GameProfileCache.java:150) ~[server-1.20.1-20230612.114412-srg.jar%23151!/:?]
	at net.lionarius.skinrestorer.skin.provider.builtin.MojangSkinProvider.resolveUuid(MojangSkinProvider.java:74) ~[skinrestorer-2.10.0+1.20-forge.jar%23145!/:2.10.0+1.20-forge]
	at net.lionarius.skinrestorer.skin.provider.base.ProfileSkinProvider.getCacheKey(ProfileSkinProvider.java:40) ~[skinrestorer-2.10.0+1.20-forge.jar%23145!/:2.10.0+1.20-forge]
	at net.lionarius.skinrestorer.skin.provider.base.ProfileSkinProvider.getCacheKey(ProfileSkinProvider.java:17) ~[skinrestorer-2.10.0+1.20-forge.jar%23145!/:2.10.0+1.20-forge]
	at net.lionarius.skinrestorer.skin.provider.base.AbstractSkinProvider.fetchSkin(AbstractSkinProvider.java:52) ~[skinrestorer-2.10.0+1.20-forge.jar%23145!/:2.10.0+1.20-forge]
	at net.minecraft.server.network.ServerLoginPacketListenerImpl.md6d4fd0$lambda$skinrestorer$fetchSkin$3$1(ServerLoginPacketListenerImpl.java:646) ~[server-1.20.1-20230612.114412-srg.jar%23151!/:?]
	at java.util.Optional.map(Optional.java:260) ~[?:?]
	at net.minecraft.server.network.ServerLoginPacketListenerImpl.skinrestorer$fetchSkin(ServerLoginPacketListenerImpl.java:646) ~[server-1.20.1-20230612.114412-srg.jar%23151!/:?]
	at net.minecraft.server.network.ServerLoginPacketListenerImpl.md6d4fd0$lambda$waitForSkin$0$4(ServerLoginPacketListenerImpl.java:595) ~[server-1.20.1-20230612.114412-srg.jar%23151!/:?]
	at java.util.concurrent.CompletableFuture$AsyncSupply.run(CompletableFuture.java:1768) ~[?:?]
	at java.util.concurrent.ThreadPoolExecutor.runWorker(ThreadPoolExecutor.java:1136) ~[?:?]
	at java.util.concurrent.ThreadPoolExecutor$Worker.run(ThreadPoolExecutor.java:635) ~[?:?]
	at java.lang.Thread.run(Thread.java:840) ~[?:?]
[11Aug2026 03:47:55.740] [Server thread/INFO] [net.minecraft.server.players.PlayerList/]: mateonsio777[/127.151.155.59:44029] logged in with entity id 59789 at (-910.2432066363475, -50.0, 59.42093999784125)
[11Aug2026 03:47:55.748] [Server thread/INFO] [net.minecraft.server.MinecraftServer/]: mateonsio777 joined the game
[11Aug2026 03:47:56.391] [Server thread/INFO] [voicechat/]: [voicechat] Received secret request of mateonsio777 (20)
[11Aug2026 03:47:56.391] [Server thread/INFO] [voicechat/]: [voicechat] Sent secret to mateonsio777
[11Aug2026 03:50:34.836] [Server thread/INFO] [net.minecraft.server.MinecraftServer/]: [Not Secure] <mateonsio777> me pueden hacer tp
[11Aug2026 03:50:36.704] [Server thread/INFO] [net.minecraft.server.MinecraftServer/]: [Not Secure] <mateonsio777> porfw
[11Aug2026 03:50:40.804] [Server thread/INFO] [net.minecraft.server.MinecraftServer/]: [Not Secure] <antares> a donde
[11Aug2026 03:50:46.090] [Server thread/INFO] [net.minecraft.server.MinecraftServer/]: [Not Secure] <mateonsio777> a fati o a gonzalo
[11Aug2026 03:50:47.002] [Server thread/INFO] [net.minecraft.server.MinecraftServer/]: [Not Secure] <mateonsio777> si
[11Aug2026 03:50:53.607] [Server thread/INFO] [net.minecraft.server.MinecraftServer/]: [antares: Teleported mateonsio777 to GonzaloM369]
[11Aug2026 03:50:58.043] [Server thread/INFO] [net.minecraft.server.MinecraftServer/]: [Not Secure] <mateonsio777> gracias
[11Aug2026 03:51:47.738] [Server thread/WARN] [net.minecraft.server.network.ServerGamePacketListenerImpl/]: Horse (vehicle of mateonsio777) moved wrongly! 0.2739911128538779
[11Aug2026 03:51:47.785] [Server thread/WARN] [net.minecraft.server.network.ServerGamePacketListenerImpl/]: Horse (vehicle of mateonsio777) moved wrongly! 0.6302487704898567
[11Aug2026 03:51:47.837] [Server thread/WARN] [net.minecraft.server.network.ServerGamePacketListenerImpl/]: Horse (vehicle of mateonsio777) moved wrongly! 0.8208751400794654
[11Aug2026 03:52:59.740] [Server thread/INFO] [net.minecraft.server.MinecraftServer/]: mateonsio777 has made the advancement [Take Aim]
[11Aug2026 03:54:05.152] [Server thread/INFO] [net.minecraft.server.MinecraftServer/]: [Not Secure] <f4tizzz> QUE
[11Aug2026 03:54:06.885] [Server thread/INFO] [net.minecraft.server.MinecraftServer/]: [Not Secure] <mateonsio777> mira
[11Aug2026 03:54:19.986] [Server thread/INFO] [net.minecraft.server.MinecraftServer/]: [Not Secure] <f4tizzz> y q hago o q
[11Aug2026 03:54:23.839] [Server thread/INFO] [net.minecraft.server.MinecraftServer/]: [Not Secure] <f4tizzz> TMR
[11Aug2026 03:54:56.884] [Server thread/INFO] [net.minecraft.world.entity.LivingEntity/]: Named entity TraderLlama['fati'/10902, l='ServerLevel[world]', x=-1028.98, y=68.00, z=37.85] died: fati was slain by GonzaloM369
[11Aug2026 03:55:02.983] [Server thread/INFO] [net.minecraft.server.MinecraftServer/]: [Not Secure] <f4tizzz> JA
[11Aug2026 03:55:35.232] [Server thread/INFO] [net.minecraft.server.MinecraftServer/]: [Not Secure] <GonzaloM369> NO LE PEGUES
[11Aug2026 03:56:02.983] [Server thread/INFO] [net.minecraft.server.MinecraftServer/]: f4tizzz was slain by mateonsio777
[11Aug2026 03:56:07.999] [Server thread/INFO] [net.minecraft.server.MinecraftServer/]: [Not Secure] <f4tizzz> estupido
[11Aug2026 03:56:13.284] [Server thread/INFO] [net.minecraft.server.MinecraftServer/]: [Not Secure] <mateonsio777> PARA QUE TE ACERCAS
[11Aug2026 03:56:24.320] [Server thread/INFO] [net.minecraft.server.MinecraftServer/]: GonzaloM369 was slain by Crocodile
[11Aug2026 03:56:24.837] [Server thread/INFO] [net.minecraft.server.MinecraftServer/]: [Not Secure] <mateonsio777> PERO PQ SE ACERCAN
[11Aug2026 03:56:34.798] [Server thread/INFO] [net.minecraft.server.MinecraftServer/]: [Not Secure] <mateonsio777> YA DEJENLo
[11Aug2026 03:56:36.607] [Server thread/INFO] [net.minecraft.server.MinecraftServer/]: [Not Secure] <mateonsio777> NO LES PEGA
[11Aug2026 03:56:41.037] [Server thread/INFO] [net.minecraft.server.MinecraftServer/]: [Not Secure] <f4tizzz> MTALO
[11Aug2026 03:56:41.094] [Server thread/INFO] [net.minecraft.server.MinecraftServer/]: [Not Secure] <mateonsio777> POR FAVOR DEJENLO
[11Aug2026 03:56:45.941] [Server thread/INFO] [net.minecraft.server.MinecraftServer/]: [Not Secure] <mateonsio777> NO
[11Aug2026 03:56:55.636] [Server thread/INFO] [net.minecraft.server.MinecraftServer/]: [Not Secure] <mateonsio777> ESDTA SENTADO
[11Aug2026 03:57:10.640] [Server thread/INFO] [net.minecraft.server.MinecraftServer/]: [Not Secure] <f4tizzz> CUIDADO EH
[11Aug2026 03:57:37.785] [Server thread/INFO] [net.minecraft.server.MinecraftServer/]: [Not Secure] <mateonsio777> le hare su habitad
[11Aug2026 03:57:47.534] [Server thread/INFO] [net.minecraft.server.MinecraftServer/]: [Not Secure] <f4tizzz> YIA
[11Aug2026 03:57:54.506] [Server thread/INFO] [net.minecraft.server.MinecraftServer/]: [Not Secure] <GonzaloM369> tienes su armadura
[11Aug2026 03:58:04.853] [Server thread/INFO] [net.minecraft.server.MinecraftServer/]: [Not Secure] <mateonsio777> se la comio dante
[11Aug2026 03:59:20.695] [Server thread/INFO] [net.minecraft.server.MinecraftServer/]: [Not Secure] <mateonsio777> van a hacer su casa ahi
[11Aug2026 03:59:25.634] [Server thread/INFO] [net.minecraft.server.MinecraftServer/]: [Not Secure] <mateonsio777> dond fati esta aplanando
[11Aug2026 03:59:39.108] [Server thread/INFO] [net.minecraft.server.MinecraftServer/]: [Not Secure] <mateonsio777> puedo hacerle su espacio aca
[11Aug2026 03:59:43.141] [Server thread/INFO] [net.minecraft.server.MinecraftServer/]: [Not Secure] <GonzaloM369> todo lo que esta plano es
[11Aug2026 03:59:47.540] [Server thread/INFO] [net.minecraft.server.MinecraftServer/]: [Not Secure] <f4tizzz> yia
[11Aug2026 03:59:59.740] [Server thread/INFO] [net.minecraft.server.MinecraftServer/]: [Not Secure] <f4tizzz> donde estas
[11Aug2026 03:59:59.798] [Server thread/INFO] [net.minecraft.server.MinecraftServer/]: [Not Secure] <mateonsio777> aca a un rincon le hago su espacio
[11Aug2026 04:00:13.356] [Server thread/INFO] [net.minecraft.server.MinecraftServer/]: [Not Secure] <GonzaloM369> mas alla jejjeje
[11Aug2026 04:00:19.109] [Server thread/INFO] [net.minecraft.server.MinecraftServer/]: [Not Secure] <mateonsio777> mira aca
[11Aug2026 04:00:20.941] [Server thread/INFO] [net.minecraft.server.MinecraftServer/]: [Not Secure] <mateonsio777> esta zonita
[11Aug2026 04:00:23.237] [Server thread/INFO] [net.minecraft.server.MinecraftServer/]: [Not Secure] <mateonsio777> o mas alla
[11Aug2026 04:00:36.993] [Server thread/INFO] [net.minecraft.server.MinecraftServer/]: [Not Secure] <GonzaloM369> esta al medio xdd
[11Aug2026 04:00:42.636] [Server thread/INFO] [net.minecraft.server.MinecraftServer/]: [Not Secure] <mateonsio777> oh..
[11Aug2026 04:00:43.606] [Server thread/INFO] [net.minecraft.server.MinecraftServer/]: [Not Secure] <mateonsio777> okay
[11Aug2026 04:00:46.907] [Server thread/INFO] [net.minecraft.server.MinecraftServer/]: [Not Secure] <GonzaloM369> aqui
[11Aug2026 04:00:58.958] [Server thread/INFO] [net.minecraft.server.MinecraftServer/]: [Not Secure] <mateonsio777> yia
[11Aug2026 04:03:56.333] [Server thread/INFO] [net.minecraft.server.MinecraftServer/]: [antares: Teleported antares to -1624.500000, 69.500000, 393.500000]
[11Aug2026 04:04:31.683] [Server thread/INFO] [net.minecraft.server.MinecraftServer/]: [antares: Teleported antares to -1514.500000, 126.500000, 435.500000]
[11Aug2026 04:05:10.387] [Server thread/INFO] [net.minecraft.server.MinecraftServer/]: [antares: Teleported antares to -1624.500000, 69.500000, 393.500000]
[11Aug2026 04:08:15.942] [Server thread/INFO] [net.minecraft.server.MinecraftServer/]: [antares: Teleported antares to -1514.500000, 126.500000, 435.500000]
[11Aug2026 04:13:40.742] [Server thread/INFO] [net.minecraft.server.MinecraftServer/]: mateonsio777 has reached the goal [Flowers of the Savanna]
[11Aug2026 04:17:33.575] [Server thread/INFO] [net.minecraft.server.MinecraftServer/]: mateonsio777 has made the advancement [Stampy!]
[11Aug2026 04:17:39.296] [Server thread/INFO] [net.minecraft.server.MinecraftServer/]: [Not Secure] <mateonsio777> MIREN
[11Aug2026 04:18:01.958] [Server thread/WARN] [net.minecraft.server.network.ServerGamePacketListenerImpl/]: Elephant (vehicle of mateonsio777) moved wrongly! 0.3114622025040674
[11Aug2026 04:18:02.008] [Server thread/WARN] [net.minecraft.server.network.ServerGamePacketListenerImpl/]: Elephant (vehicle of mateonsio777) moved wrongly! 0.5414577670338829
[11Aug2026 04:18:02.054] [Server thread/INFO] [net.minecraft.server.MinecraftServer/]: [Not Secure] <f4tizzz> tque
[11Aug2026 04:18:02.057] [Server thread/WARN] [net.minecraft.server.network.ServerGamePacketListenerImpl/]: Elephant (vehicle of mateonsio777) moved wrongly! 0.6645238079969431
[11Aug2026 04:18:04.156] [Server thread/INFO] [net.minecraft.server.MinecraftServer/]: [Not Secure] <f4tizzz> QUE
[11Aug2026 04:18:13.931] [Server thread/INFO] [net.minecraft.server.MinecraftServer/]: [Not Secure] <f4tizzz> COMO
[11Aug2026 04:18:19.300] [Server thread/INFO] [net.minecraft.server.MinecraftServer/]: mateonsio777 has made the advancement [Dye your backpack!]
[11Aug2026 04:18:26.381] [Server thread/INFO] [net.minecraft.server.MinecraftServer/]: mateonsio777 has made the advancement [Getting Started]
[11Aug2026 04:19:09.556] [Server thread/INFO] [net.minecraft.server.MinecraftServer/]: mateonsio777 has made the advancement [Dressed to Impress]
[11Aug2026 04:19:21.900] [Server thread/INFO] [net.minecraft.server.MinecraftServer/]: [Not Secure] <antares> sebas ya tiene montura
[11Aug2026 04:19:40.334] [Server thread/INFO] [net.minecraft.server.MinecraftServer/]: [Not Secure] <mateonsio777> gonzalo tienes una rienda
[11Aug2026 04:19:51.639] [Server thread/INFO] [net.minecraft.server.MinecraftServer/]: [Not Secure] <mateonsio777> para amarrar a mi elefante
[11Aug2026 04:19:53.159] [Server thread/INFO] [net.minecraft.server.MinecraftServer/]: [Not Secure] <f4tizzz> yo tengo
[11Aug2026 04:19:53.385] [Server thread/INFO] [net.minecraft.server.MinecraftServer/]: [Not Secure] <GonzaloM369> fati
[11Aug2026 04:29:00.503] [Server thread/INFO] [net.minecraft.server.MinecraftServer/]: [antares: Teleported antares to mateonsio777]
[11Aug2026 04:29:10.176] [Server thread/INFO] [net.minecraft.server.MinecraftServer/]: [Not Secure] <antares> como se quita xd
[11Aug2026 04:29:17.458] [Server thread/INFO] [net.minecraft.server.MinecraftServer/]: [Not Secure] <mateonsio777> no se puede
[11Aug2026 04:29:22.053] [Server thread/INFO] [net.minecraft.server.MinecraftServer/]: [Not Secure] <mateonsio777> vas a morir
[11Aug2026 04:29:27.049] [Server thread/INFO] [net.minecraft.server.MinecraftServer/]: [Not Secure] <antares> x,d
[11Aug2026 04:29:29.875] [Server thread/INFO] [net.minecraft.server.MinecraftServer/]: [Not Secure] <mateonsio777> NO TE ACERQUES A LOS ANIMALES
[11Aug2026 04:29:31.900] [Server thread/INFO] [net.minecraft.server.MinecraftServer/]: [Not Secure] <mateonsio777> POR FAVOR
[11Aug2026 04:29:33.751] [Server thread/INFO] [net.minecraft.server.MinecraftServer/]: [Not Secure] <mateonsio777> LOS INFECTAS
[11Aug2026 04:29:39.326] [Server thread/INFO] [net.minecraft.server.MinecraftServer/]: [Not Secure] <antares> y se mueren?
[11Aug2026 04:29:42.628] [Server thread/INFO] [net.minecraft.server.MinecraftServer/]: [Not Secure] <mateonsio777> si ellos si
[11Aug2026 04:29:45.223] [Server thread/INFO] [net.minecraft.server.MinecraftServer/]: [antares: Teleported antares to -1514.500000, 126.500000, 435.500000]
[11Aug2026 04:29:45.529] [Server thread/INFO] [Fossils Archeology/]: Setting owner for EDAPHOSAURUS, be2a6bd4-7fdb-4bce-9194-fd6f3eb4f8f3 to d2996896-477c-303b-9567-4082b9abb61d. false
[11Aug2026 04:29:48.666] [Server thread/INFO] [net.minecraft.server.MinecraftServer/]: [Not Secure] <mateonsio777> yo mate a una aldea
[11Aug2026 04:29:55.842] [Server thread/INFO] [net.minecraft.server.MinecraftServer/]: [Not Secure] <f4tizzz> JJDJMSJMJND
[11Aug2026 04:30:20.534] [Server thread/INFO] [net.minecraft.server.MinecraftServer/]: f4tizzz has made the advancement [Take Aim]
[11Aug2026 04:32:58.258] [Server thread/INFO] [net.minecraft.server.MinecraftServer/]: [Not Secure] <mateonsio777> que te parece
[11Aug2026 04:33:04.383] [Server thread/INFO] [net.minecraft.server.MinecraftServer/]: [Not Secure] <GonzaloM369> ta bien
[11Aug2026 04:33:32.798] [Server thread/INFO] [net.minecraft.server.MinecraftServer/]: [Not Secure] <f4tizzz> esta feo
[11Aug2026 04:33:36.137] [Server thread/INFO] [net.minecraft.server.MinecraftServer/]: [Not Secure] <mateonsio777> te vas
[11Aug2026 04:33:36.697] [Server thread/INFO] [net.minecraft.server.MinecraftServer/]: [Not Secure] <f4tizzz> wakala
[11Aug2026 04:33:40.132] [Server thread/INFO] [net.minecraft.server.MinecraftServer/]: [Not Secure] <f4tizzz> okei
[11Aug2026 04:49:10.382] [Server thread/INFO] [net.minecraft.server.MinecraftServer/]: [Not Secure] <GonzaloM369> tiene musgo
[11Aug2026 04:51:00.495] [Server thread/INFO] [net.minecraft.server.MinecraftServer/]: [antares: Teleported antares to -1624.500000, 69.500000, 393.500000]
[11Aug2026 04:53:25.333] [Server thread/INFO] [net.minecraft.server.MinecraftServer/]: [antares: Teleported antares to -1514.500000, 126.500000, 435.500000]
[11Aug2026 05:01:54.243] [Server thread/INFO] [net.minecraft.server.MinecraftServer/]: mateonsio777 has made the advancement [KEEP ROLLIN' ROLLIN' ROLLIN']
[11Aug2026 05:01:57.060] [Server thread/INFO] [net.minecraft.server.MinecraftServer/]: mateonsio777 has made the advancement [Rocks Off!]
[11Aug2026 05:02:17.317] [Server thread/WARN] [net.minecraft.server.MinecraftServer/]: Can't keep up! Is the server overloaded? Running 2007ms or 40 ticks behind
[11Aug2026 05:05:33.271] [Server thread/INFO] [net.minecraft.server.MinecraftServer/]: antares has made the advancement [An Unlikely Alliance]
[11Aug2026 05:05:50.690] [Server thread/INFO] [net.minecraft.server.MinecraftServer/]: [Not Secure] <f4tizzz> mateo
[11Aug2026 05:05:54.545] [Server thread/INFO] [net.minecraft.server.MinecraftServer/]: [Not Secure] <mateonsio777> dimw
[11Aug2026 05:05:55.452] [Server thread/INFO] [net.minecraft.server.MinecraftServer/]: [Not Secure] <f4tizzz> tienes cultivos?
[11Aug2026 05:06:01.045] [Server thread/INFO] [net.minecraft.server.MinecraftServer/]: [Not Secure] <mateonsio777> eee nop
[11Aug2026 05:06:03.452] [Server thread/INFO] [net.minecraft.server.MinecraftServer/]: [Not Secure] <f4tizzz> estamos haciendo la granja
[11Aug2026 05:06:03.558] [Server thread/INFO] [net.minecraft.server.MinecraftServer/]: [Not Secure] <mateonsio777> pero hay papas
[11Aug2026 05:06:05.343] [Server thread/INFO] [net.minecraft.server.MinecraftServer/]: [Not Secure] <mateonsio777> en un cofre
[11Aug2026 05:06:07.102] [Server thread/INFO] [net.minecraft.server.MinecraftServer/]: [Not Secure] <f4tizzz> a verr
[11Aug2026 05:13:07.984] [Server thread/WARN] [net.minecraft.server.MinecraftServer/]: Can't keep up! Is the server overloaded? Running 2024ms or 40 ticks behind
[11Aug2026 05:14:57.684] [Server thread/WARN] [net.minecraft.world.level.entity.PersistentEntitySectionManager/]: UUID of added entity already exists: FallingBlockEntity['Falling Pointed Dripstone'/114063, l='ServerLevel[world]', x=-717.50, y=21.00, z=901.50]
[11Aug2026 05:14:57.685] [Server thread/WARN] [net.minecraft.world.level.entity.PersistentEntitySectionManager/]: UUID of added entity already exists: FallingBlockEntity['Falling Pointed Dripstone'/114064, l='ServerLevel[world]', x=-716.50, y=21.00, z=902.50]
[11Aug2026 05:16:26.652] [Server thread/INFO] [net.minecraft.server.MinecraftServer/]: [antares: Teleported antares to -1624.500000, 69.500000, 393.500000]
[11Aug2026 05:17:10.502] [Server thread/WARN] [net.minecraft.server.network.ServerGamePacketListenerImpl/]: Horse (vehicle of GonzaloM369) moved wrongly! 0.39355216875443233
[11Aug2026 05:17:10.541] [Server thread/WARN] [net.minecraft.server.network.ServerGamePacketListenerImpl/]: Horse (vehicle of GonzaloM369) moved wrongly! 0.8548535777681323
[11Aug2026 05:17:10.596] [Server thread/WARN] [net.minecraft.server.network.ServerGamePacketListenerImpl/]: Horse (vehicle of GonzaloM369) moved wrongly! 1.3443026602515786
[11Aug2026 05:17:10.642] [Server thread/WARN] [net.minecraft.server.network.ServerGamePacketListenerImpl/]: Horse (vehicle of GonzaloM369) moved wrongly! 1.6317664408619592
[11Aug2026 05:17:19.830] [Server thread/INFO] [net.minecraft.server.MinecraftServer/]: [Not Secure] <antares> tienen uno de cuero por ahi?
[11Aug2026 05:17:29.304] [Server thread/INFO] [net.minecraft.server.MinecraftServer/]: [Not Secure] <mateonsio777> yo tengo
[11Aug2026 05:17:43.503] [Server thread/INFO] [net.minecraft.server.MinecraftServer/]: [antares: Teleported antares to mateonsio777]
[11Aug2026 05:17:58.281] [Server thread/INFO] [net.minecraft.server.MinecraftServer/]: [Not Secure] <antares> gracias
[11Aug2026 05:18:02.150] [Server thread/INFO] [net.minecraft.server.MinecraftServer/]: [antares: Teleported antares to -1514.500000, 126.500000, 435.500000]
[11Aug2026 05:18:02.640] [Server thread/INFO] [Fossils Archeology/]: Setting owner for EDAPHOSAURUS, be2a6bd4-7fdb-4bce-9194-fd6f3eb4f8f3 to d2996896-477c-303b-9567-4082b9abb61d. false
[11Aug2026 05:18:04.955] [Server thread/INFO] [net.minecraft.server.MinecraftServer/]: [Not Secure] <mateonsio777> gracias brotato
[11Aug2026 05:18:15.760] [Server thread/INFO] [net.minecraft.server.MinecraftServer/]: f4tizzz has made the advancement [A Seedy Place]
[11Aug2026 05:23:30.882] [Server thread/INFO] [net.minecraft.server.MinecraftServer/]: mateonsio777 was slain by Cave Centipede
[11Aug2026 05:23:30.944] [Server thread/INFO] [com.tiviacz.travelersbackpack.TravelersBackpack/]: Created new backpack backup file for mateonsio777 with unique ID travelersbackpack.standard_11.08.2026-05.23.30.dat
[11Aug2026 05:23:30.950] [Server thread/INFO] [com.tiviacz.travelersbackpack.TravelersBackpack/]: Your backpack has been placed at X: -832 Y: -26 Z: 657
[11Aug2026 05:24:05.042] [Server thread/INFO] [net.minecraft.server.MinecraftServer/]: [Not Secure] <f4tizzz> mira
[11Aug2026 05:24:07.510] [Server thread/INFO] [net.minecraft.server.MinecraftServer/]: [Not Secure] <f4tizzz> MATEO
[11Aug2026 05:24:23.692] [Server thread/INFO] [net.minecraft.server.MinecraftServer/]: [Not Secure] <mateonsio777> MIS COSAS
[11Aug2026 05:24:28.402] [Server thread/INFO] [net.minecraft.server.MinecraftServer/]: [Not Secure] <f4tizzz> QUE COSAS
[11Aug2026 05:24:34.899] [Server thread/INFO] [net.minecraft.server.MinecraftServer/]: [Not Secure] <mateonsio777> ME MORI
[11Aug2026 05:24:38.445] [Server thread/INFO] [net.minecraft.server.MinecraftServer/]: [Not Secure] <f4tizzz> JASNJDJNDN
[11Aug2026 05:24:40.892] [Server thread/INFO] [net.minecraft.server.MinecraftServer/]: [Not Secure] <f4tizzz> ve rapido
[11Aug2026 05:25:16.840] [Server thread/INFO] [net.minecraft.server.MinecraftServer/]: mateonsio777 was shot by Skeleton
[11Aug2026 05:25:34.887] [Server thread/INFO] [net.minecraft.server.MinecraftServer/]: [Not Secure] <f4tizzz> zzz
[11Aug2026 05:25:40.582] [Server thread/INFO] [net.minecraft.server.MinecraftServer/]: [Not Secure] <antares> voy
[11Aug2026 05:25:57.584] [Server thread/INFO] [net.minecraft.server.network.ServerGamePacketListenerImpl/]: mateonsio777 lost connection: Disconnected
[11Aug2026 05:25:57.584] [Server thread/INFO] [net.minecraft.server.MinecraftServer/]: mateonsio777 left the game
[11Aug2026 05:25:57.584] [Server thread/INFO] [voicechat/]: [voicechat] Disconnecting client mateonsio777
[11Aug2026 05:26:10.028] [SkinRestorer-Fetch-52/WARN] [SkinRestorer/]: Failed to fetch skin 'mojang:mateonsio777'
java.lang.IllegalStateException: not found
	at net.lionarius.skinrestorer.util.WebUtils.throwOnClientErrors(WebUtils.java:141) ~[skinrestorer-2.10.0+1.20-forge.jar%23145!/:2.10.0+1.20-forge]
	at net.lionarius.skinrestorer.skin.provider.base.YggdrasilSkinProvider.getProfile(YggdrasilSkinProvider.java:50) ~[skinrestorer-2.10.0+1.20-forge.jar%23145!/:2.10.0+1.20-forge]
	at net.lionarius.skinrestorer.skin.provider.builtin.MojangSkinProvider.lambda$new$0(MojangSkinProvider.java:43) ~[skinrestorer-2.10.0+1.20-forge.jar%23145!/:2.10.0+1.20-forge]
	at net.minecraft.server.players.GameProfileCache.m_10993_(GameProfileCache.java:98) ~[server-1.20.1-20230612.114412-srg.jar%23151!/:?]
	at net.minecraft.server.players.GameProfileCache.m_10996_(GameProfileCache.java:150) ~[server-1.20.1-20230612.114412-srg.jar%23151!/:?]
	at net.lionarius.skinrestorer.skin.provider.builtin.MojangSkinProvider.resolveUuid(MojangSkinProvider.java:74) ~[skinrestorer-2.10.0+1.20-forge.jar%23145!/:2.10.0+1.20-forge]
	at net.lionarius.skinrestorer.skin.provider.base.ProfileSkinProvider.getCacheKey(ProfileSkinProvider.java:40) ~[skinrestorer-2.10.0+1.20-forge.jar%23145!/:2.10.0+1.20-forge]
	at net.lionarius.skinrestorer.skin.provider.base.ProfileSkinProvider.getCacheKey(ProfileSkinProvider.java:17) ~[skinrestorer-2.10.0+1.20-forge.jar%23145!/:2.10.0+1.20-forge]
	at net.lionarius.skinrestorer.skin.provider.base.AbstractSkinProvider.fetchSkin(AbstractSkinProvider.java:52) ~[skinrestorer-2.10.0+1.20-forge.jar%23145!/:2.10.0+1.20-forge]
	at net.minecraft.server.network.ServerLoginPacketListenerImpl.md6d4fd0$lambda$skinrestorer$fetchSkin$3$1(ServerLoginPacketListenerImpl.java:646) ~[server-1.20.1-20230612.114412-srg.jar%23151!/:?]
	at java.util.Optional.map(Optional.java:260) ~[?:?]
	at net.minecraft.server.network.ServerLoginPacketListenerImpl.skinrestorer$fetchSkin(ServerLoginPacketListenerImpl.java:646) ~[server-1.20.1-20230612.114412-srg.jar%23151!/:?]
	at net.minecraft.server.network.ServerLoginPacketListenerImpl.md6d4fd0$lambda$waitForSkin$0$4(ServerLoginPacketListenerImpl.java:595) ~[server-1.20.1-20230612.114412-srg.jar%23151!/:?]
	at java.util.concurrent.CompletableFuture$AsyncSupply.run(CompletableFuture.java:1768) ~[?:?]
	at java.util.concurrent.ThreadPoolExecutor.runWorker(ThreadPoolExecutor.java:1136) ~[?:?]
	at java.util.concurrent.ThreadPoolExecutor$Worker.run(ThreadPoolExecutor.java:635) ~[?:?]
	at java.lang.Thread.run(Thread.java:840) ~[?:?]
[11Aug2026 05:26:10.044] [Server thread/INFO] [net.minecraft.server.players.PlayerList/]: mateonsio777[/127.151.155.59:51113] logged in with entity id 122755 at (-969.9965371386512, 83.0, 141.97500875986273)
[11Aug2026 05:26:10.052] [Server thread/INFO] [net.minecraft.server.MinecraftServer/]: mateonsio777 joined the game
[11Aug2026 05:26:10.252] [Server thread/INFO] [voicechat/]: [voicechat] Received secret request of mateonsio777 (20)
[11Aug2026 05:26:10.252] [Server thread/INFO] [voicechat/]: [voicechat] Sent secret to mateonsio777
[11Aug2026 05:28:12.437] [Server thread/WARN] [net.minecraft.world.level.entity.PersistentEntitySectionManager/]: UUID of added entity already exists: FallingBlockEntity['Falling Pointed Dripstone'/124535, l='ServerLevel[world]', x=-820.50, y=13.00, z=504.50]
[11Aug2026 05:28:13.887] [Server thread/INFO] [net.minecraft.server.MinecraftServer/]: [f4tizzz: Teleported f4tizzz to mateonsio777]
[11Aug2026 05:28:14.488] [Server thread/WARN] [net.minecraft.world.level.entity.PersistentEntitySectionManager/]: UUID of added entity already exists: FallingBlockEntity['Falling Pointed Dripstone'/124580, l='ServerLevel[world]', x=-820.50, y=18.00, z=499.50]
[11Aug2026 05:28:18.198] [Server thread/WARN] [net.minecraft.world.level.entity.PersistentEntitySectionManager/]: UUID of added entity already exists: FallingBlockEntity['Falling Pointed Dripstone'/124651, l='ServerLevel[world]', x=-811.50, y=8.00, z=510.50]
[11Aug2026 05:28:18.199] [Server thread/WARN] [net.minecraft.world.level.entity.PersistentEntitySectionManager/]: UUID of added entity already exists: FallingBlockEntity['Falling Pointed Dripstone'/124652, l='ServerLevel[world]', x=-808.50, y=5.00, z=511.50]
[11Aug2026 05:28:18.199] [Server thread/WARN] [net.minecraft.world.level.entity.PersistentEntitySectionManager/]: UUID of added entity already exists: FallingBlockEntity['Falling Pointed Dripstone'/124653, l='ServerLevel[world]', x=-811.50, y=8.00, z=511.50]
[11Aug2026 05:28:18.201] [Server thread/WARN] [net.minecraft.world.level.entity.PersistentEntitySectionManager/]: UUID of added entity already exists: FallingBlockEntity['Falling Pointed Dripstone'/124654, l='ServerLevel[world]', x=-811.50, y=7.00, z=511.50]
[11Aug2026 05:28:22.783] [Server thread/WARN] [net.minecraft.world.level.entity.PersistentEntitySectionManager/]: UUID of added entity already exists: FallingBlockEntity['Falling Pointed Dripstone'/124712, l='ServerLevel[world]', x=-813.50, y=12.00, z=532.50]
[11Aug2026 05:28:22.784] [Server thread/WARN] [net.minecraft.world.level.entity.PersistentEntitySectionManager/]: UUID of added entity already exists: FallingBlockEntity['Falling Pointed Dripstone'/124713, l='ServerLevel[world]', x=-810.50, y=11.00, z=534.50]
[11Aug2026 05:28:22.784] [Server thread/WARN] [net.minecraft.world.level.entity.PersistentEntitySectionManager/]: UUID of added entity already exists: FallingBlockEntity['Falling Pointed Dripstone'/124714, l='ServerLevel[world]', x=-810.50, y=11.00, z=535.50]
[11Aug2026 05:28:22.785] [Server thread/WARN] [net.minecraft.world.level.entity.PersistentEntitySectionManager/]: UUID of added entity already exists: FallingBlockEntity['Falling Pointed Dripstone'/124715, l='ServerLevel[world]', x=-810.50, y=11.00, z=537.50]
[11Aug2026 05:28:25.241] [Server thread/WARN] [net.minecraft.world.level.entity.PersistentEntitySectionManager/]: UUID of added entity already exists: FallingBlockEntity['Falling Pointed Dripstone'/124744, l='ServerLevel[world]', x=-810.50, y=13.00, z=544.50]
[11Aug2026 05:28:25.242] [Server thread/WARN] [net.minecraft.world.level.entity.PersistentEntitySectionManager/]: UUID of added entity already exists: FallingBlockEntity['Falling Pointed Dripstone'/124745, l='ServerLevel[world]', x=-812.50, y=13.00, z=545.50]
[11Aug2026 05:28:28.035] [Server thread/WARN] [net.minecraft.world.level.entity.PersistentEntitySectionManager/]: UUID of added entity already exists: FallingBlockEntity['Falling Pointed Dripstone'/124779, l='ServerLevel[world]', x=-809.50, y=12.00, z=543.50]
[11Aug2026 05:28:28.036] [Server thread/WARN] [net.minecraft.world.level.entity.PersistentEntitySectionManager/]: UUID of added entity already exists: FallingBlockEntity['Falling Pointed Dripstone'/124780, l='ServerLevel[world]', x=-807.50, y=11.00, z=544.50]
[11Aug2026 05:28:28.036] [Server thread/WARN] [net.minecraft.world.level.entity.PersistentEntitySectionManager/]: UUID of added entity already exists: FallingBlockEntity['Falling Pointed Dripstone'/124781, l='ServerLevel[world]', x=-807.50, y=11.00, z=545.50]
[11Aug2026 05:28:28.037] [Server thread/WARN] [net.minecraft.world.level.entity.PersistentEntitySectionManager/]: UUID of added entity already exists: FallingBlockEntity['Falling Pointed Dripstone'/124782, l='ServerLevel[world]', x=-808.50, y=12.00, z=545.50]
[11Aug2026 05:28:38.934] [Server thread/WARN] [net.minecraft.world.level.entity.PersistentEntitySectionManager/]: UUID of added entity already exists: FallingBlockEntity['Falling Pointed Dripstone'/124909, l='ServerLevel[world]', x=-818.50, y=17.00, z=532.50]
[11Aug2026 05:28:45.355] [Server thread/INFO] [net.minecraft.server.MinecraftServer/]: [f4tizzz: Teleported f4tizzz to GonzaloM369]
[11Aug2026 05:28:49.345] [Server thread/INFO] [net.minecraft.server.MinecraftServer/]: [Not Secure] <mateonsio777> ANTARES ME AYUDAS POR FAVOR
[11Aug2026 05:29:13.799] [Server thread/INFO] [net.minecraft.server.MinecraftServer/]: [Not Secure] <mateonsio777> alguiwn
[11Aug2026 05:29:18.302] [Server thread/INFO] [net.minecraft.server.MinecraftServer/]: [Not Secure] <antares> que paso
[11Aug2026 05:29:20.403] [Server thread/INFO] [net.minecraft.server.MinecraftServer/]: [Not Secure] <mateonsio777> se tpa y me pasa comidilla
[11Aug2026 05:29:26.245] [Server thread/INFO] [net.minecraft.server.MinecraftServer/]: [Not Secure] <antares> voy
[11Aug2026 05:29:47.446] [Server thread/INFO] [net.minecraft.server.MinecraftServer/]: [antares: Teleported antares to mateonsio777]
[11Aug2026 05:29:53.308] [Server thread/INFO] [net.minecraft.server.MinecraftServer/]: [Not Secure] <antares> no veo nada
[11Aug2026 05:29:55.932] [Server thread/INFO] [net.minecraft.server.MinecraftServer/]: [Not Secure] <mateonsio777> estoy yendo a buscar mis cosas
[11Aug2026 05:30:06.395] [Server thread/INFO] [net.minecraft.server.MinecraftServer/]: [Not Secure] <mateonsio777> grasias
[11Aug2026 05:30:15.524] [Server thread/INFO] [net.minecraft.server.MinecraftServer/]: [antares: Teleported antares to -1514.500000, 126.500000, 435.500000]
[11Aug2026 05:30:15.895] [Server thread/INFO] [Fossils Archeology/]: Setting owner for EDAPHOSAURUS, be2a6bd4-7fdb-4bce-9194-fd6f3eb4f8f3 to d2996896-477c-303b-9567-4082b9abb61d. false
[11Aug2026 05:33:25.152] [Server thread/INFO] [net.minecraft.server.MinecraftServer/]: [GonzaloM369: Teleported GonzaloM369 to f4tizzz]
[11Aug2026 05:33:51.446] [Server thread/INFO] [net.minecraft.server.MinecraftServer/]: mateonsio777 was impaled on a stalagmite whilst fighting Skeleton
[11Aug2026 05:33:57.338] [Server thread/INFO] [net.minecraft.server.MinecraftServer/]: [Not Secure] <mateonsio777> ya fue
[11Aug2026 05:35:06.514] [Server thread/WARN] [net.minecraft.server.MinecraftServer/]: Can't keep up! Is the server overloaded? Running 2005ms or 40 ticks behind
[11Aug2026 05:38:55.167] [Server thread/INFO] [net.minecraft.server.MinecraftServer/]: [GonzaloM369: Teleported GonzaloM369 to f4tizzz]
[11Aug2026 05:43:15.405] [Server thread/INFO] [net.minecraft.server.MinecraftServer/]: [Not Secure] <antares> a
[11Aug2026 05:46:05.418] [Server thread/WARN] [net.minecraft.server.MinecraftServer/]: Can't keep up! Is the server overloaded? Running 2008ms or 40 ticks behind
[11Aug2026 05:46:48.055] [Server thread/INFO] [net.minecraft.server.MinecraftServer/]: [Not Secure] <f4tizzz> como estas
[11Aug2026 05:46:51.445] [Server thread/INFO] [net.minecraft.server.MinecraftServer/]: [Not Secure] <mateonsio777> bien
[11Aug2026 05:48:18.140] [Server thread/INFO] [net.minecraft.server.MinecraftServer/]: [Not Secure] <f4tizzz> gnn
[11Aug2026 05:48:23.186] [Server thread/INFO] [net.minecraft.server.network.ServerGamePacketListenerImpl/]: f4tizzz lost connection: Disconnected
[11Aug2026 05:48:23.186] [Server thread/INFO] [net.minecraft.server.MinecraftServer/]: f4tizzz left the game
[11Aug2026 05:48:23.186] [Server thread/INFO] [voicechat/]: [voicechat] Disconnecting client f4tizzz
[11Aug2026 05:48:28.539] [Server thread/INFO] [net.minecraft.server.MinecraftServer/]: [Not Secure] <antares> gn
[11Aug2026 05:48:30.808] [Server thread/INFO] [net.minecraft.server.MinecraftServer/]: [Not Secure] <GonzaloM369> chau
[11Aug2026 05:48:34.888] [Server thread/INFO] [net.minecraft.server.network.ServerGamePacketListenerImpl/]: GonzaloM369 lost connection: Disconnected
[11Aug2026 05:48:34.888] [Server thread/INFO] [net.minecraft.server.MinecraftServer/]: GonzaloM369 left the game
[11Aug2026 05:48:34.889] [Server thread/INFO] [voicechat/]: [voicechat] Disconnecting client GonzaloM369
[11Aug2026 05:48:39.684] [Server thread/INFO] [net.minecraft.server.MinecraftServer/]: [Not Secure] <mateonsio777> chausillo
[11Aug2026 05:48:46.736] [Server thread/INFO] [net.minecraft.server.MinecraftServer/]: [Not Secure] <mateonsio777> ya ed tarde
[11Aug2026 05:48:52.284] [Server thread/INFO] [net.minecraft.server.MinecraftServer/]: [Not Secure] <antares> chau sebas
[11Aug2026 05:49:36.383] [Server thread/INFO] [net.minecraft.server.MinecraftServer/]: [Not Secure] <mateonsio777> antares
[11Aug2026 05:49:40.733] [Server thread/INFO] [net.minecraft.server.MinecraftServer/]: [Not Secure] <antares> dime
[11Aug2026 05:49:46.837] [Server thread/INFO] [net.minecraft.server.MinecraftServer/]: [Not Secure] <mateonsio777> mñn a q hora prendes el server
[11Aug2026 05:49:55.880] [Server thread/INFO] [net.minecraft.server.MinecraftServer/]: [Not Secure] <antares> cuando me lo pidan
[11Aug2026 05:49:58.992] [Server thread/INFO] [net.minecraft.server.MinecraftServer/]: [Not Secure] <antares> usualmente noche
[11Aug2026 05:50:04.137] [Server thread/INFO] [net.minecraft.server.MinecraftServer/]: [Not Secure] <mateonsio777> ohhh okei
[11Aug2026 05:53:03.634] [Server thread/INFO] [net.minecraft.server.MinecraftServer/]: [Not Secure] <antares> a
[11Aug2026 05:55:32.282] [Server thread/INFO] [net.minecraft.server.MinecraftServer/]: [Not Secure] <mateonsio777> ya me void
[11Aug2026 05:55:34.034] [Server thread/INFO] [net.minecraft.server.MinecraftServer/]: [Not Secure] <mateonsio777> mñn entro
[11Aug2026 05:55:37.202] [Server thread/INFO] [net.minecraft.server.MinecraftServer/]: [Not Secure] <mateonsio777> buenas nochess
[11Aug2026 05:55:37.780] [Server thread/INFO] [net.minecraft.server.MinecraftServer/]: [Not Secure] <antares> gn sebas
[11Aug2026 05:55:43.901] [Server thread/INFO] [net.minecraft.server.MinecraftServer/]: [Not Secure] <mateonsio777> SEBAS
[11Aug2026 05:55:46.788] [Server thread/INFO] [net.minecraft.server.MinecraftServer/]: [Not Secure] <mateonsio777> quien es sebas
[11Aug2026 05:55:51.346] [Server thread/INFO] [net.minecraft.server.MinecraftServer/]: [Not Secure] <antares> no eras sebas xd?
[11Aug2026 05:55:56.452] [Server thread/INFO] [net.minecraft.server.MinecraftServer/]: [Not Secure] <mateonsio777> SOY MATEO
[11Aug2026 05:56:00.701] [Server thread/INFO] [net.minecraft.server.MinecraftServer/]: [Not Secure] <antares> quien es mateo jsjs
[11Aug2026 05:56:03.802] [Server thread/INFO] [net.minecraft.server.MinecraftServer/]: [Not Secure] <mateonsio777> el primo de fati
[11Aug2026 05:56:09.588] [Server thread/INFO] [net.minecraft.server.MinecraftServer/]: [Not Secure] <antares> aaa
[11Aug2026 05:56:11.981] [Server thread/INFO] [net.minecraft.server.MinecraftServer/]: [Not Secure] <antares> gn mateo
[11Aug2026 05:56:14.432] [Server thread/INFO] [net.minecraft.server.MinecraftServer/]: [Not Secure] <mateonsio777> gn
[11Aug2026 05:56:24.931] [Server thread/INFO] [net.minecraft.server.network.ServerGamePacketListenerImpl/]: mateonsio777 lost connection: Disconnected
[11Aug2026 05:56:24.931] [Server thread/INFO] [net.minecraft.server.MinecraftServer/]: mateonsio777 left the game
[11Aug2026 05:56:24.931] [Server thread/INFO] [voicechat/]: [voicechat] Disconnecting client mateonsio777
[11Aug2026 05:59:17.657] [Server thread/INFO] [net.minecraft.server.MinecraftServer/]: [antares: Stopping the server]
[11Aug2026 05:59:17.674] [Server thread/INFO] [net.minecraft.server.MinecraftServer/]: Stopping server
[11Aug2026 05:59:17.676] [Server thread/INFO] [net.minecraft.server.MinecraftServer/]: Saving players
[11Aug2026 05:59:17.689] [Server thread/INFO] [net.minecraft.server.MinecraftServer/]: Saving worlds
[11Aug2026 05:59:17.864] [Server thread/INFO] [net.minecraft.server.MinecraftServer/]: Saving chunks for level 'ServerLevel[world]'/minecraft:overworld
[11Aug2026 05:59:18.085] [Server thread/INFO] [net.minecraft.server.MinecraftServer/]: Saving chunks for level 'ServerLevel[world]'/minecraft:the_nether
[11Aug2026 05:59:18.086] [Server thread/INFO] [net.minecraft.server.MinecraftServer/]: Saving chunks for level 'ServerLevel[world]'/fossil:treasure_room
[11Aug2026 05:59:18.087] [Server thread/INFO] [net.minecraft.server.MinecraftServer/]: Saving chunks for level 'ServerLevel[world]'/minecraft:the_end
[11Aug2026 05:59:18.087] [Server thread/INFO] [net.minecraft.server.MinecraftServer/]: Saving chunks for level 'ServerLevel[world]'/fossil:anu_lair
[11Aug2026 05:59:18.128] [Server thread/INFO] [net.minecraft.server.MinecraftServer/]: ThreadedAnvilChunkStorage (world): All chunks are saved
[11Aug2026 05:59:18.128] [Server thread/INFO] [net.minecraft.server.MinecraftServer/]: ThreadedAnvilChunkStorage (DIM-1): All chunks are saved
[11Aug2026 05:59:18.128] [Server thread/INFO] [net.minecraft.server.MinecraftServer/]: ThreadedAnvilChunkStorage (treasure_room): All chunks are saved
[11Aug2026 05:59:18.128] [Server thread/INFO] [net.minecraft.server.MinecraftServer/]: ThreadedAnvilChunkStorage (DIM1): All chunks are saved
[11Aug2026 05:59:18.128] [Server thread/INFO] [net.minecraft.server.MinecraftServer/]: ThreadedAnvilChunkStorage (anu_lair): All chunks are saved
[11Aug2026 05:59:18.128] [Server thread/INFO] [net.minecraft.server.MinecraftServer/]: ThreadedAnvilChunkStorage: All dimensions are saved
